# https://github.com/mikedh/trimesh
v -0.06439442 0.38024390 -0.30750990
v 0.26618493 0.38024390 -0.30750990
v -0.07141630 0.37824804 -0.30750990
v 0.27320680 0.37824804 -0.30750990
v -0.07795735 0.37242141 -0.30750990
v 0.27974784 0.37242141 -0.30750990
v -0.08358211 0.36313602 -0.30750990
v 0.28537259 0.36313602 -0.30750990
v -0.08789367 0.35103595 -0.30750990
v 0.28970003 0.35103595 -0.30750990
v -0.09060626 0.33694008 -0.30750990
v 0.29241261 0.33694008 -0.30750990
v -0.09153843 0.32182807 -0.30750990
v 0.29332891 0.32182807 -0.30750990
v -0.09060626 0.30670017 -0.30750990
v 0.29241261 0.30670017 -0.30750990
v -0.08789367 0.29262015 -0.30750990
v 0.28970003 0.29262015 -0.30750990
v -0.08358211 0.28052011 -0.30750990
v 0.28537259 0.28052011 -0.30750990
v -0.07795735 0.27123472 -0.30750990
v 0.27974784 0.27123472 -0.30750990
v -0.07141630 0.26540813 -0.30750990
v 0.27320680 0.26540813 -0.30750990
v -0.06439442 0.26341224 -0.30750990
v 0.26618493 0.26341224 -0.30750990
v -0.07995550 0.28386545 -0.30750990
v -0.07656024 0.27822486 -0.36271191
v -0.07995550 0.28386545 -0.36271191
v -0.07656024 0.27822486 -0.30750990
v -0.33487275 0.32014745 -0.36271191
v -0.08291758 0.28975788 -0.30750990
v -0.07274765 0.27284729 -0.36271191
v -0.08291758 0.28975788 -0.36271191
v -0.07274765 0.27284729 -0.30750990
v -0.06855403 0.26777142 -0.36271191
v -0.08544645 0.29584756 -0.36271191
v -0.08544645 0.29584756 -0.30750990
v -0.43639514 0.26703882 -0.36271191
v -0.08749449 0.30210739 -0.36271191
v -0.06855403 0.26777142 -0.30750990
v -0.06397710 0.26302892 -0.36271191
v -0.08907533 0.30849648 -0.36271191
v -0.08749449 0.30210739 -0.30750990
v -0.43952504 0.25479138 -0.36271191
v -0.09017307 0.31500351 -0.36271191
v -0.08907533 0.30849648 -0.30750990
v -0.06397710 0.26302892 -0.30750990
v -0.43639514 0.26703882 -0.30750990
v -0.43952504 0.25479138 -0.30750990
v 0.06871732 0.26302892 -0.36271191
v -0.09077182 0.32156271 -0.36271191
v -0.09017307 0.31500351 -0.30750990
v -0.43905783 0.25662169 -0.30750990
v 0.09747615 0.24478929 -0.36271191
v -0.44380030 0.24289092 -0.30750990
v -0.22308294 0.34516177 -0.36271191
v -0.09077182 0.32156271 -0.30750990
v 0.06871732 0.26302892 -0.30750990
v -0.44082233 0.27923867 -0.30750990
v -0.44380030 0.24289092 -0.36271191
v -0.09088976 0.32815138 -0.36271191
v -0.09088976 0.32815138 -0.30750990
v -0.43890810 0.26472542 -0.30750990
v 0.32949972 0.19169654 -0.30750990
v -0.44919372 0.23145996 -0.36271191
v -0.44919372 0.23145996 -0.30750990
v -0.09052234 0.33472645 -0.30750990
v -0.10861456 0.34038526 -0.36271191
v -0.10861456 0.34038526 -0.30750990
v -0.09052234 0.33472645 -0.36271191
v -0.44180441 0.23575565 -0.30750990
v 0.06811628 0.26341224 -0.30750990
v -0.44180441 0.28671187 -0.30750990
v -0.06644020 0.27444628 -0.30750990
v -0.06299505 0.27346420 -0.30750990
v 0.70682579 0.45547050 -0.30750990
v -0.45164096 0.21201599 -0.30750990
v -0.18397272 0.22400716 -0.36271191
v 0.17503205 0.16047460 -0.36271191
v -0.02598050 0.18167405 -0.36271191
v -0.49669343 0.29901153 -0.30750990
v -0.07013485 0.27774173 -0.30750990
v 0.26478553 0.27346420 -0.30750990
v 0.33414698 0.19094582 -0.30750990
v -0.46728367 0.19162852 -0.30750990
v -0.10218917 0.21324074 -0.36271191
v -0.45565084 0.22058240 -0.36271191
v -0.45565084 0.22058240 -0.30750990
v 0.03945722 0.13146399 -0.36271191
v -0.49669343 0.22961605 -0.30750990
v -0.43845904 0.26123035 -0.30750990
v -0.45164096 0.31044474 -0.30750990
v -0.07444641 0.28486341 -0.30750990
v 0.26824883 0.27444628 -0.30750990
v 0.33844039 0.18901345 -0.30750990
v 0.32481396 0.19122253 -0.30750990
v -0.62213010 0.21201599 -0.30750990
v -0.26573810 0.21324074 -0.36271191
v 0.22813840 0.05895677 -0.36271191
v 0.08966954 0.06602627 -0.36271191
v -0.46310818 0.21036939 -0.30750990
v -0.58458257 0.22961605 -0.30750990
v -0.62213010 0.31044474 -0.30750990
v -0.07817282 0.29526696 -0.30750990
v 0.27192533 0.27774173 -0.30750990
v 0.27625278 0.28486341 -0.30750990
v 0.34209195 0.18603776 -0.30750990
v 0.32041165 0.18955097 -0.30750990
v -0.60648507 0.19162852 -0.30750990
v -0.63196659 0.23575565 -0.30750990
v -0.46310818 0.21036939 -0.36271191
v -0.52457005 0.16763255 -0.30750990
v -0.53675175 0.16420101 -0.36271191
v -0.53675175 0.16420101 -0.30750990
v 0.12122490 -0.01017787 -0.36271191
v -0.47149545 0.20091163 -0.30750990
v -0.58458257 0.29901153 -0.30750990
v -0.60648507 0.33083221 -0.30750990
v -0.09150440 0.32129508 -0.30750990
v 0.27996558 0.29526696 -0.30750990
v 0.34484535 0.18221837 -0.30750990
v -0.48767117 0.17598578 -0.30750990
v -0.83557612 0.31582004 -0.30750990
v -0.10218917 0.21324074 -0.35350361
v -0.26573810 0.21324074 -0.35350361
v -0.18397272 0.22400716 -0.35350361
v -0.47149545 0.20091163 -0.36271191
v -0.51278526 0.17220268 -0.30750990
v -0.52457005 0.16763255 -0.36271191
v 0.25315270 -0.05284439 -0.36271191
v 0.03945722 0.13146399 -0.35350361
v -0.05181129 0.13694133 -0.35350361
v -0.02598050 0.18167405 -0.35350361
v -0.48074907 0.19229077 -0.36271191
v -0.48074907 0.19229077 -0.30750990
v -0.63196659 0.28671187 -0.30750990
v -0.46728367 0.33083221 -0.30750990
v -0.08060416 0.30796349 -0.30750990
v 0.28241053 0.30796349 -0.30750990
v 0.34651691 0.17781609 -0.30750990
v -0.51140398 0.16615152 -0.30750990
v -0.58609766 0.17598578 -0.30750990
v -0.63532788 0.26123035 -0.30750990
v -0.34194678 0.18167405 -0.35350361
v -0.40738678 0.13146399 -0.36271191
v -0.58206958 0.09273481 -0.36271191
v -0.50148582 0.17787053 -0.30750990
v -0.51278526 0.17220268 -0.36271191
v -0.34194678 0.18167405 -0.36271191
v 0.13199358 -0.09195461 -0.36271191
v 0.08966954 0.06602627 -0.35350361
v 0.00292804 0.09493936 -0.35350361
v 0.12122490 -0.01017787 -0.35350361
v 0.04493456 0.04019774 -0.35350361
v -0.11555251 0.16334595 -0.35350361
v -0.49076706 0.18458849 -0.36271191
v -0.49076706 0.18458849 -0.30750990
v -0.83426064 0.33585820 -0.30750990
v -0.58609766 0.34647721 -0.30750990
v -0.08145241 0.32182807 -0.30750990
v 0.28326103 0.32182807 -0.30750990
v 0.28241053 0.33567449 -0.30750990
v 0.34699318 0.17313257 -0.30750990
v -0.53688556 0.16279708 -0.30750990
v -0.83557612 -0.34904465 -0.30750990
v -0.18397272 0.17235236 -0.35350361
v -0.45759907 0.06602627 -0.36271191
v -0.50148582 0.17787053 -0.36271191
v 0.24837619 -0.16731049 -0.36271191
v 0.13199358 -0.09195461 -0.35350361
v 0.07133010 -0.02354575 -0.35350361
v -0.83557612 0.31582004 -0.27299246
v -0.48767117 0.34647721 -0.30750990
v 0.27996558 0.34837329 -0.30750990
v 0.34624019 0.16848308 -0.30750990
v 0.22667325 0.13907556 -0.30750990
v -0.56236476 0.16615152 -0.30750990
v -0.83557612 -0.34904465 -0.27299246
v -0.31611827 0.13694133 -0.35350361
v -0.40738678 0.13146399 -0.35350361
v -0.25237477 0.16334595 -0.35350361
v -0.48915219 -0.01017787 -0.36271191
v -0.61632162 -0.01659872 -0.36271191
v 0.12122490 -0.17373136 -0.36271191
v 0.08033425 -0.09195461 -0.35350361
v -0.83426064 0.33585820 -0.27299246
v -0.83076560 0.35348320 -0.30750990
v -0.56236476 0.35631147 -0.30750990
v -0.08060416 0.33567449 -0.30750990
v 0.27625278 0.35879272 -0.30750990
v 0.34431008 0.16418967 -0.30750990
v 0.22284704 0.13632216 -0.30750990
v -0.83397716 -0.37350100 -0.27299246
v -0.37085533 0.09493936 -0.35350361
v -0.49992087 -0.09195461 -0.36271191
v 0.21414228 -0.27664402 -0.36271191
v 0.08966954 -0.24993548 -0.36271191
v 0.12122490 -0.17373136 -0.35350361
v 0.07133010 -0.16036348 -0.35350361
v 0.00292804 0.09493936 -0.34833926
v -0.18397272 0.09855463 -0.34833926
v -0.05181129 0.13694133 -0.34833926
v -0.25237477 0.16334595 -0.34833926
v -0.11555251 0.16334595 -0.34833926
v -0.18397272 0.17235236 -0.34833926
v -0.89999998 0.31791794 -0.27299246
v -0.51140398 0.35631147 -0.30750990
v -0.07817282 0.34837329 -0.30750990
v 0.27192533 0.36591437 -0.30750990
v 0.34133443 0.16054037 -0.30750990
v 0.21986683 0.13267060 -0.30750990
v 0.23467945 0.10516371 -0.30750990
v -0.83397716 -0.37350100 -0.30750990
v -0.89999998 -0.35115394 -0.27299246
v -0.45759907 0.06602627 -0.35350361
v -0.62108231 -0.13106482 -0.36271191
v 0.03945722 -0.31537321 -0.36271191
v 0.04493456 -0.22410925 -0.35350361
v 0.04493456 0.04019774 -0.34833926
v -0.04924840 0.04275610 -0.34833926
v 0.07133010 -0.02354575 -0.34833926
v -0.01897450 0.00329887 -0.34833926
v 0.08033425 -0.09195461 -0.34833926
v 0.00004762 -0.04264724 -0.34833926
v -0.13465855 0.09206574 -0.34833926
v -0.31611827 0.13694133 -0.34833926
v -0.89826947 0.34427950 -0.27299246
v -0.83076560 0.35348320 -0.27299246
v -0.82499111 0.37050948 -0.30750990
v -0.53688556 0.35967496 -0.30750990
v -0.07444641 0.35879272 -0.30750990
v 0.26824883 0.36919397 -0.30750990
v 0.70682579 -0.52248913 -0.30750990
v 0.33751503 0.15778470 -0.30750990
v 0.21793672 0.12837718 -0.30750990
v 0.23003677 0.10591670 -0.30750990
v 0.23937204 0.10563774 -0.30750990
v 0.24376753 0.10731155 -0.30750990
v -0.82961792 -0.39546251 -0.27299246
v -0.89797014 -0.38192457 -0.27299246
v -0.41286185 0.04019774 -0.35350361
v -0.48915219 -0.17373136 -0.36271191
v -0.48915219 -0.01017787 -0.35350361
v 0.15278023 -0.37338987 -0.36271191
v -0.02598050 -0.36558551 -0.36271191
v 0.08966954 -0.24993548 -0.35350361
v 0.07133010 -0.16036348 -0.34833926
v 0.00004762 -0.14126197 -0.34833926
v -0.08870789 0.07303228 -0.34833926
v 0.00653877 -0.09195461 -0.34833926
v -0.37085533 0.09493936 -0.34833926
v 0.26478553 0.37017605 -0.30750990
v -0.81703484 0.38661942 -0.30750990
v -0.68658805 -0.52088559 -0.30750990
v 0.21718827 0.12372769 -0.30750990
v 0.22574107 0.10784681 -0.30750990
v -0.82961792 -0.39546251 -0.30750990
v -0.59606797 -0.24286599 -0.36271191
v -0.44827741 -0.09195461 -0.35350361
v -0.49992087 -0.09195461 -0.35350361
v -0.43927553 -0.02354575 -0.35350361
v -0.10218917 -0.39714995 -0.36271191
v 0.03945722 -0.31537321 -0.35350361
v 0.00292804 -0.27884856 -0.35350361
v 0.04493456 -0.22410925 -0.34833926
v -0.01897450 -0.18721037 -0.34833926
v -0.23326875 0.09206574 -0.34833926
v -0.89310968 0.37019193 -0.27299246
v -0.82499111 0.37050948 -0.27299246
v -0.07013485 0.36591437 -0.30750990
v -0.80704862 0.40156356 -0.30750990
v -0.69592553 0.45547050 -0.30750990
v 0.70682579 0.45547050 -0.27299246
v -0.66213846 -0.52248913 -0.30750990
v -0.70855635 -0.51651734 -0.30750990
v 0.21767136 0.11904416 -0.30750990
v 0.22209632 0.11082249 -0.30750990
v -0.82241011 -0.41666877 -0.30750990
v -0.82241011 -0.41666877 -0.27299246
v -0.89196205 -0.41216895 -0.27299246
v -0.31868118 0.04275610 -0.34833926
v -0.41286185 0.04019774 -0.34833926
v -0.45759907 -0.24993548 -0.36271191
v -0.43927553 -0.16036348 -0.35350361
v -0.18397272 -0.40791637 -0.36271191
v -0.05181129 -0.32085282 -0.35350361
v 0.00292804 -0.27884856 -0.34833926
v -0.13465855 -0.27597496 -0.34833926
v -0.04924840 -0.22666757 -0.34833926
v -0.27921939 0.07303228 -0.34833926
v -0.89999998 -0.35115394 0.18974602
v -0.89999998 0.31791794 -0.15563007
v -0.89999998 -0.35115394 -0.15563007
v -0.06299505 0.37017605 -0.30750990
v -0.81703484 0.38661942 -0.27299246
v -0.79520035 0.41507888 -0.30750990
v 0.77123839 0.51987857 -0.27299246
v 0.70682579 -0.52248913 -0.27299246
v -0.66213846 -0.52248913 -0.27299246
v -0.69592553 0.45547050 -0.27299246
v -0.71597970 0.45415506 -0.30750990
v -0.68658805 -0.52088559 -0.27299246
v -0.70855635 -0.51651734 -0.27299246
v -0.72976029 -0.50931853 -0.30750990
v 0.21933384 0.11464188 -0.30750990
v -0.81250775 -0.43675232 -0.30750990
v -0.34895280 0.00329887 -0.34833926
v -0.40738678 -0.31537321 -0.36271191
v -0.54295933 -0.34438610 -0.36271191
v -0.48915219 -0.17373136 -0.35350361
v 0.06846783 -0.45095715 -0.36271191
v -0.02598050 -0.36558551 -0.35350361
v -0.11555251 -0.34725517 -0.35350361
v -0.18397272 -0.28246611 -0.34833926
v -0.08870789 -0.25694150 -0.34833926
v -0.89999998 0.33559284 -0.15563007
v -0.88462263 0.39520624 -0.27299246
v -0.06644020 0.36919397 -0.30750990
v -0.80704862 0.40156356 -0.27299246
v -0.78168505 0.42692712 -0.30750990
v 0.77123839 -0.58689940 -0.27299246
v -0.84083349 0.46073014 -0.27299246
v -0.80776531 -0.53818393 -0.27299246
v -0.73360467 0.45064414 -0.30750990
v -0.72976029 -0.50931853 -0.27299246
v -0.74984843 -0.49941626 -0.30750990
v -0.80005848 -0.45537072 -0.30750990
v -0.81250775 -0.43675232 -0.27299246
v -0.43927553 -0.02354575 -0.34833926
v -0.34194678 -0.36558551 -0.36271191
v -0.41286185 -0.22410925 -0.35350361
v -0.46540347 -0.42870077 -0.36271191
v -0.10218917 -0.39714995 -0.35350361
v -0.34194678 -0.36558551 -0.35350361
v -0.18397272 -0.35626158 -0.35350361
v -0.05181129 -0.32085282 -0.34833926
v -0.89999998 0.33559284 0.18974602
v -0.79520035 0.41507888 -0.27299246
v -0.78168505 0.42692712 -0.27299246
v -0.76674080 0.43691337 -0.30750990
v -0.69502515 -0.58488309 -0.27299246
v -0.82097894 0.47813737 -0.27299246
v -0.78211826 -0.55531687 -0.27299246
v -0.83094925 -0.51785320 -0.27299246
v -0.71597970 0.45415506 -0.27299246
v -0.75061274 0.44486970 -0.30750990
v -0.85126877 -0.49466696 -0.27299246
v -0.74984843 -0.49941626 -0.27299246
v -0.76847142 -0.48697373 -0.30750990
v -0.78529805 -0.47220877 -0.30750990
v -0.80005848 -0.45537072 -0.27299246
v -0.88204157 -0.44137010 -0.27299246
v -0.87971234 -0.39562806 0.30710843
v -0.77427983 -0.38642889 0.30710843
v -0.87971234 -0.03994827 0.30710843
v -0.36799306 -0.04264724 -0.34833926
v -0.26573810 -0.39714995 -0.36271191
v -0.45759907 -0.24993548 -0.35350361
v -0.36799306 -0.14126197 -0.34833926
v -0.43927553 -0.16036348 -0.34833926
v -0.44827741 -0.09195461 -0.34833926
v -0.37448421 -0.09195461 -0.34833926
v -0.03305454 -0.50405669 -0.36271191
v -0.36865985 -0.49006733 -0.36271191
v -0.26573810 -0.39714995 -0.35350361
v -0.18397272 -0.40791637 -0.35350361
v -0.37085533 -0.27884856 -0.34833926
v -0.89999998 0.31791794 0.18974602
v -0.87293768 0.41890505 -0.27299246
v -0.76674080 0.43691337 -0.27299246
v -0.66425228 -0.58689940 -0.27299246
v -0.72526509 -0.57886821 -0.27299246
v -0.79901063 0.49281621 -0.27299246
v -0.75445712 -0.56895685 -0.27299246
v -0.73360467 0.45064414 -0.27299246
v -0.76847142 -0.48697373 -0.27299246
v -0.78529805 -0.47220877 -0.27299246
v -0.87971234 -0.44612390 0.30710843
v 0.07231217 -0.38642889 0.30710843
v -0.77427983 0.26079944 0.30710843
v -0.37085533 -0.27884856 -0.35350361
v -0.40738678 -0.31537321 -0.35350361
v -0.34895280 -0.18721037 -0.34833926
v -0.25933090 -0.52430350 -0.36271191
v -0.25237477 -0.34725517 -0.35350361
v -0.11555251 -0.34725517 -0.34833926
v -0.31611827 -0.32085282 -0.34833926
v -0.23326875 -0.27597496 -0.34833926
v -0.85825884 0.44085750 -0.27299246
v -0.75061274 0.44486970 -0.27299246
v 0.77130866 0.51987857 -0.26705924
v 0.78804463 0.51987857 -0.27189246
v -0.77532768 0.50450116 -0.27299246
v -0.86841065 -0.46902668 -0.27299246
v -0.86841065 -0.46902668 0.30710843
v -0.87971234 0.36623192 0.30710843
v -0.31611827 -0.32085282 -0.35350361
v -0.41286185 -0.22410925 -0.34833926
v -0.14486250 -0.52907550 -0.36271191
v -0.25237477 -0.34725517 -0.34833926
v -0.18397272 -0.35626158 -0.34833926
v 0.80456281 0.51987857 -0.26860604
v 0.76198244 0.51987857 -0.27299246
v -0.75031340 0.51300412 -0.27299246
v -0.35098496 -0.49185002 0.30710843
v 0.17772651 0.36623192 0.30710843
v -0.31868118 -0.22666757 -0.34833926
v -0.27921939 -0.25694150 -0.34833926
v 0.82034391 0.51987857 -0.21404588
v -0.72440088 0.51814806 -0.27299246
v -0.77427983 -0.49445602 0.30710843
v -0.85126877 -0.49466696 0.30710843
v 0.17772651 -0.49185002 0.30710843
v 0.07231217 0.26079944 0.30710843
v 0.82051176 0.51987857 -0.26319221
v 0.77130866 -0.52292454 -0.26705924
v 0.79280978 0.51987857 0.30605382
v 0.77575862 0.51987857 0.09783111
v 0.77671576 0.51987857 0.30710843
v 0.80862486 0.51987857 0.30290803
v -0.69803715 0.51987857 -0.27299246
v 0.83561921 0.51987857 -0.25574169
v 0.82034391 -0.52292454 -0.21404588
v 0.70775115 0.51987857 -0.30750990
v 0.71320355 0.51987857 0.13938628
v 0.82348967 0.51987857 0.04397177
v -0.46795046 0.51987857 -0.27299246
v 0.25619870 0.37268904 0.30710843
v 0.24205288 0.38485485 0.27904814
v 0.23939019 0.37490270 0.30710843
v 0.84962213 0.51987857 -0.24638601
v 0.77130866 0.52157503 -0.26705924
v 0.82034391 0.52304024 -0.21404588
v 0.82034391 0.52157503 -0.21404588
v 0.85151815 0.52304024 -0.15208511
v 0.85151815 0.52157503 -0.15208511
v 0.85151815 0.51987857 -0.15208511
v 0.77575862 -0.52292454 0.09783111
v 0.70775115 -0.52292454 -0.30750990
v 0.82389337 0.51987857 0.29772326
v 0.71320355 -0.52292454 0.13938628
v 0.64008623 0.51987857 0.16580679
v 0.82348967 -0.52292454 0.04397177
v -0.69803715 0.51987857 -0.15563007
v 0.27032864 0.38485485 0.27904814
v 0.27299133 0.37490270 0.30710843
v -0.00108413 0.37461913 0.30710843
v -0.01562913 0.38522002 0.28569353
v -0.01789264 0.37683278 0.30710843
v 0.01346313 0.38522002 0.28569353
v 0.01570849 0.37683278 0.30710843
v 0.25619870 0.38299054 0.27904814
v 0.22888686 0.39029589 0.27904814
v 0.70775115 0.52304024 -0.30750990
v 0.70775115 0.52157503 -0.30750990
v 0.77130866 0.52304024 -0.26705924
v 0.86270648 0.52304024 -0.08539542
v 0.85151815 -0.52292454 -0.15208511
v 0.63400787 0.51987857 -0.33264214
v 0.83835900 0.51987857 0.29059249
v 0.64008623 -0.52292454 0.16580679
v -0.29794213 0.51987857 0.30710843
v 0.85314661 -0.52292454 -0.01852429
v 0.26748222 0.51987857 -0.15563007
v 0.28351054 0.39029589 0.27904814
v 0.28865221 0.38139382 0.30710843
v -0.00108413 0.38330802 0.28569353
v -0.02919432 0.39084703 0.28569353
v -0.03353763 0.38330802 0.30710843
v 0.22372931 0.38139382 0.30710843
v 0.02702605 0.39084703 0.28569353
v 0.24205288 0.38485485 0.30710843
v 0.22888686 0.39029589 0.30710843
v 0.86228693 0.51987857 -0.23527937
v 0.63400787 0.52304024 -0.33264214
v 0.77575862 0.52304024 0.09783111
v 0.82348967 0.52304024 0.04397177
v 0.82348967 0.52157503 0.04397177
v 0.77575862 0.52157503 0.09783111
v 0.71320355 0.52157503 0.13938628
v 0.86270648 0.52157503 -0.08539542
v 0.85314661 0.52304024 -0.01852429
v 0.85314661 0.52157503 -0.01852429
v 0.86270648 0.51987857 -0.08539542
v 0.63400787 -0.52292454 -0.33264214
v 0.63400787 0.52157503 -0.33264214
v 0.85176545 0.51987857 0.28163144
v 0.56139404 -0.52292454 0.17528722
v 0.56139404 0.51987857 0.17528722
v 0.61906147 -0.17415094 0.33362871
v 0.60156572 -0.21639106 0.31519175
v 0.61906147 -0.17415094 0.31519175
v 0.60156572 -0.21639106 0.33362871
v 0.57373226 -0.25266394 0.31519175
v 0.62503093 -0.12882173 0.33362871
v 0.62503093 -0.12882173 0.31519175
v 0.85314661 0.51987857 -0.01852429
v 0.53745931 -0.28049743 0.33362871
v 0.53745931 -0.28049743 0.31519175
v 0.49521920 -0.29799315 0.33362871
v 0.49521920 -0.29799315 0.31519175
v -0.05539028 0.45408928 0.28569353
v -0.05730451 0.47199780 0.30710843
v -0.06379339 0.45633692 0.30710843
v -0.04978140 0.46763632 0.28569353
v -0.04698489 0.48542690 0.30710843
v -0.04084301 0.47928733 0.28569353
v -0.03353763 0.49574652 0.30710843
v -0.02919432 0.48822343 0.28569353
v -0.01789264 0.50223768 0.30710843
v -0.63484478 0.51987857 0.30710843
v -0.69803715 0.51987857 0.18991385
v -0.69803715 0.51987857 0.30710843
v 0.29301363 0.51987857 -0.20942590
v 0.29482582 0.39898479 0.27904814
v 0.30209944 0.39171115 0.30710843
v 0.25619870 0.38299054 0.30710843
v 0.27032864 0.38485485 0.30710843
v -0.01562913 0.38522002 0.30710843
v -0.02919432 0.39084703 0.30710843
v -0.04084301 0.39978316 0.28569353
v -0.04698489 0.39362541 0.30710843
v 0.21757157 0.39898479 0.27904814
v 0.03136937 0.38330802 0.30710843
v -0.00108413 0.38330802 0.30710843
v 0.01346313 0.38522002 0.30710843
v 0.21757157 0.39898479 0.30710843
v -0.05730451 0.40707266 0.30710843
v -0.04978140 0.41141596 0.28569353
v -0.06379339 0.42273352 0.30710843
v 0.74623770 0.52304024 -0.22554035
v 0.71320355 0.52304024 0.13938628
v 0.64008623 0.52157503 0.16580679
v 0.75580204 0.52304024 -0.12982647
v 0.86270648 -0.52292454 -0.08539542
v 0.55510020 0.51987857 -0.34074360
v 0.55510020 0.52304024 -0.34074360
v 0.48248640 0.51987857 0.16718575
v 0.57373226 -0.25266394 0.33362871
v 0.61906147 -0.08349252 0.33362871
v 0.61906147 -0.08349252 0.31519175
v 0.44988999 -0.30396038 0.33362871
v 0.44988999 -0.30396038 0.31519175
v -0.05730451 0.43952614 0.28569353
v -0.06600701 0.43952614 0.30710843
v -0.05539028 0.42498115 0.28569353
v -0.01562913 0.49383229 0.28569353
v -0.00108413 0.49574652 0.28569353
v -0.00108413 0.50445127 0.30710843
v 0.34073564 0.51987857 -0.26328748
v 0.26335439 -0.52292454 -0.14693208
v 0.30349883 0.41030234 0.27904814
v 0.28351054 0.39029589 0.30710843
v -0.04084301 0.39978316 0.30710843
v 0.21029794 0.39171115 0.30710843
v 0.03865887 0.39978316 0.28569353
v 0.02702605 0.39084703 0.30710843
v 0.86389041 0.51987857 0.27099884
v 0.75732166 0.52304024 -0.17831282
v 0.72330993 0.52304024 -0.26828852
v 0.64008623 0.52304024 0.16580679
v 0.55510020 -0.52292454 -0.34074360
v 0.55510020 0.52157503 -0.34074360
v 0.56139404 0.52157503 0.17528722
v 0.48248640 -0.52292454 0.16718575
v 0.40874305 0.51987857 0.14205351
v -0.29794213 0.51987857 0.32980481
v 0.60156572 -0.04125239 0.33362871
v 0.60156572 -0.04125239 0.31519175
v 0.57373226 -0.00497951 0.33362871
v 0.57373226 -0.00497951 0.31519175
v 0.40456077 -0.29799315 0.33362871
v -0.05539028 0.45408928 0.30710843
v -0.05730451 0.43952614 0.30710843
v -0.04978140 0.46763632 0.30710843
v -0.02919432 0.48822343 0.30710843
v -0.01562913 0.49383229 0.30710843
v 0.01346313 0.49383229 0.28569353
v 0.25619870 0.50253707 0.30710843
v 0.27032864 0.49037126 0.27904814
v 0.27299133 0.50032341 0.30710843
v 0.01570849 0.50223768 0.30710843
v 0.13345647 0.51987857 0.18991385
v 0.35534868 0.51987857 -0.27299246
v 0.29301363 -0.52292454 -0.20942590
v 0.26335439 0.51987857 -0.14693208
v 0.31241909 0.40515843 0.30710843
v 0.30349883 0.41030234 0.30710843
v 0.29482582 0.39898479 0.30710843
v 0.19997832 0.40515843 0.30710843
v 0.20888267 0.41030234 0.27904814
v 0.04481662 0.39362541 0.30710843
v -0.04978140 0.41141596 0.30710843
v 0.87339121 0.51987857 -0.22261685
v 0.74623770 0.51987857 -0.22554035
v 0.75732166 0.54682297 -0.17831282
v 0.69009668 0.52304024 -0.30364740
v 0.72330993 0.51987857 -0.26828852
v 0.74623770 0.54682297 -0.22554035
v 0.68087029 0.52304024 -0.00893952
v 0.75732166 0.51987857 -0.17831282
v 0.75580204 0.54682297 -0.12982647
v 0.74178773 0.52304024 -0.08338366
v 0.47640800 0.51987857 -0.33126089
v 0.47640800 0.52304024 -0.33126089
v 0.56139404 0.52304024 0.17528722
v 0.40874305 -0.52292454 0.14205351
v -0.63484478 0.51987857 0.32980481
v -0.29794213 0.24334000 0.32980481
v 0.53745931 0.02285398 0.31519175
v 0.40456077 -0.29799315 0.31519175
v 0.29822108 -0.21639106 0.33362871
v 0.28071404 -0.17415094 0.31519175
v 0.29822108 -0.21639106 0.31519175
v 0.32604778 -0.25266394 0.33362871
v 0.32604778 -0.25266394 0.31519175
v 0.28071404 -0.17415094 0.33362871
v 0.27475587 -0.12882173 0.31519175
v -0.05539028 0.42498115 0.30710843
v -0.04084301 0.47928733 0.30710843
v -0.00108413 0.49574652 0.30710843
v 0.01346313 0.49383229 0.30710843
v 0.28351054 0.48492792 0.27904814
v 0.28865221 0.49383229 0.30710843
v 0.25619870 0.49223557 0.27904814
v 0.23939019 0.50032341 0.30710843
v 0.02702605 0.48822343 0.28569353
v 0.26748222 0.52157503 -0.15563007
v 0.29301363 0.52304024 -0.20942590
v 0.29301363 0.52157503 -0.20942590
v 0.25378549 0.51987857 -0.08006097
v 0.34073564 -0.52292454 -0.26328748
v 0.34073564 0.52304024 -0.26328748
v 0.34073564 0.52157503 -0.26328748
v 0.26496923 -0.52292454 -0.01337128
v 0.25378549 -0.52292454 -0.08006097
v 0.30895576 0.42346609 0.27904814
v 0.31889889 0.42080340 0.30710843
v 0.30895576 0.42346609 0.30710843
v 0.20888267 0.41030234 0.30710843
v 0.04759725 0.41141596 0.28569353
v 0.03865887 0.39978316 0.30710843
v 0.87452298 0.51987857 0.25887612
v 0.65469247 0.52304024 -0.32559305
v 0.69009668 0.51987857 -0.30364740
v 0.72330993 0.54682297 -0.26828852
v 0.71622914 0.52304024 -0.04215054
v 0.63811982 0.52304024 0.01398818
v 0.75580204 0.51987857 -0.12982647
v 0.74178773 0.54682297 -0.08338366
v 0.47640800 -0.52292454 -0.33126089
v 0.47640800 0.52157503 -0.33126089
v 0.48248640 0.52157503 0.16718575
v 0.34518781 -0.52292454 0.10160287
v 0.37003881 0.51987857 0.11742025
v -0.29794213 0.24334000 0.30710843
v 0.53745931 0.02285398 0.33362871
v 0.36232066 -0.28049743 0.33362871
v 0.36232066 -0.28049743 0.31519175
v 0.27475587 -0.12882173 0.33362871
v 0.28071404 -0.08349252 0.31519175
v 0.28071404 -0.08349252 0.33362871
v 0.29822108 -0.04125239 0.31519175
v 0.02702605 0.48822343 0.30710843
v 0.29482582 0.47624129 0.27904814
v 0.30209944 0.48351496 0.30710843
v 0.27032864 0.49037126 0.30710843
v 0.28351054 0.48492792 0.30710843
v 0.03136937 0.49574652 0.30710843
v 0.24205288 0.49037126 0.27904814
v 0.26748222 0.52304024 -0.15563007
v 0.25378549 0.52157503 -0.08006097
v 0.40329292 -0.52292454 -0.30484268
v 0.40329292 0.51987857 -0.30484268
v 0.29615715 -0.52292454 0.04858952
v 0.40329292 0.52157503 -0.30484268
v 0.31082010 0.43761191 0.27904814
v 0.04759725 0.41141596 0.30710843
v 0.19348717 0.42080340 0.30710843
v 0.20342349 0.42346609 0.27904814
v 0.05513624 0.40707266 0.30710843
v 0.88274920 0.51987857 -0.20861393
v 0.74178773 0.51987857 -0.08338366
v 0.64886582 0.52304024 -0.32920602
v 0.69009668 0.54682297 -0.30364740
v 0.71622914 0.51987857 -0.04215054
v 0.73299676 0.54682297 -0.17588146
v 0.68087029 0.51987857 -0.00893952
v 0.71622914 0.54682297 -0.04215054
v 0.63811982 0.51987857 0.01398818
v 0.68087029 0.54682297 -0.00893952
v 0.40329292 0.52304024 -0.30484268
v 0.48248640 0.52304024 0.16718575
v 0.59089226 0.52304024 0.02507213
v 0.40874305 0.52157503 0.14205351
v 0.49521920 0.04034970 0.31519175
v 0.29822108 -0.04125239 0.33362871
v 0.32604778 -0.00497951 0.31519175
v 0.31241909 0.47006541 0.30710843
v 0.29482582 0.47624129 0.30710843
v 0.25619870 0.49223557 0.30710843
v 0.22888686 0.48492792 0.27904814
v 0.22372931 0.49383229 0.30710843
v 0.03865887 0.47928733 0.28569353
v 0.03865887 0.47928733 0.30710843
v 0.34518781 0.52304024 0.10160287
v 0.37003881 0.52157503 0.11742025
v 0.25378549 0.52304024 -0.08006097
v 0.26496923 0.52304024 -0.01337128
v 0.32111025 0.43761191 0.30710843
v 0.31082010 0.43761191 0.30710843
v 0.20342349 0.42346609 0.30710843
v 0.05322201 0.42498115 0.28569353
v 0.05322201 0.42498115 0.30710843
v 0.88348180 0.51987857 0.24546514
v 0.64886582 0.51987857 -0.32920602
v 0.64886582 0.54682297 -0.32920602
v 0.70346004 0.54682297 -0.25402251
v 0.72337347 0.54682297 -0.21689682
v 0.59089226 0.51987857 0.02507213
v 0.63811982 0.54682297 0.01398818
v 0.73167908 0.54682297 -0.13377288
v 0.46396095 0.52304024 -0.31072825
v 0.54240596 0.52304024 0.02355254
v 0.40874305 0.52304024 0.14205351
v 0.49521920 0.04034970 0.33362871
v 0.32604778 -0.00497951 0.33362871
v 0.04759725 0.46763632 0.28569353
v 0.04759725 0.46763632 0.30710843
v 0.30349883 0.46492374 0.27904814
v 0.31889889 0.45442268 0.30710843
v 0.04481662 0.48542690 0.30710843
v 0.21757157 0.47624129 0.27904814
v 0.24205288 0.49037126 0.30710843
v 0.37003881 0.52304024 0.11742025
v 0.38795641 0.52304024 -0.15563007
v 0.25663191 0.52304024 -0.06312091
v 0.29615715 0.52304024 0.04858952
v 0.40304345 0.52304024 -0.23628411
v 0.30895576 0.45175999 0.27904814
v 0.30895576 0.45175999 0.30710843
v 0.19127582 0.43761191 0.30710843
v 0.20155916 0.43761191 0.27904814
v 0.06162740 0.42273352 0.30710843
v 0.89019752 0.51987857 -0.19350646
v 0.60242301 0.52304024 -0.34322032
v 0.60242301 0.54682297 -0.34322032
v 0.67461723 0.54682297 -0.28472960
v 0.73299676 0.55734217 -0.17588146
v 0.69731134 0.54682297 -0.05763223
v 0.60242301 0.51987857 -0.34322032
v 0.66660428 0.54682297 -0.02878947
v 0.71950650 0.54682297 -0.09344018
v 0.50670910 0.52304024 -0.33365595
v 0.42860210 0.52304024 -0.27751723
v 0.49596539 0.52304024 0.00953827
v 0.54240596 0.51987857 0.02355254
v 0.59089226 0.54682297 0.02507213
v 0.44988999 0.04631920 0.31519175
v 0.36232066 0.02285398 0.33362871
v 0.36232066 0.02285398 0.31519175
v 0.05322201 0.45408928 0.28569353
v 0.30349883 0.46492374 0.30710843
v 0.21029794 0.48351496 0.30710843
v 0.05513624 0.47199780 0.30710843
v 0.22888686 0.48492792 0.30710843
v 0.38902694 0.52304024 -0.18984357
v 0.20155916 0.43761191 0.30710843
v 0.05513624 0.43952614 0.28569353
v 0.05513624 0.43952614 0.30710843
v 0.89061481 0.51987857 0.23100407
v 0.63880932 0.54682297 -0.30692700
v 0.72337347 0.55734217 -0.21689682
v 0.70346004 0.55734217 -0.25402251
v 0.73167908 0.55734217 -0.13377288
v 0.55393666 0.51987857 -0.34473991
v 0.62947631 0.54682297 -0.00887601
v 0.71950650 0.55734217 -0.09344018
v 0.51772279 0.52304024 -0.33624151
v 0.50670910 0.51987857 -0.33365595
v 0.46396095 0.54682297 -0.31072825
v 0.46396095 0.51987857 -0.31072825
v 0.42860210 0.54682297 -0.27751723
v 0.49596539 0.51987857 0.00953827
v 0.54240596 0.54682297 0.02355254
v 0.44988999 0.04631920 0.33362871
v 0.40456077 0.04034970 0.33362871
v 0.40456077 0.04034970 0.31519175
v 0.05322201 0.45408928 0.30710843
v 0.06162740 0.45633692 0.30710843
v 0.21757157 0.47624129 0.30710843
v 0.20888267 0.46492374 0.27904814
v 0.38795641 0.51987857 -0.15563007
v 0.38902694 0.54682297 -0.18984357
v 0.38750961 0.51987857 -0.14135723
v 0.38750961 0.52304024 -0.14135723
v 0.38750961 0.54682297 -0.14135723
v 0.40304345 0.51987857 -0.23628411
v 0.38902694 0.51987857 -0.18984357
v 0.40304345 0.54682297 -0.23628411
v 0.19348717 0.45442268 0.30710843
v 0.20342349 0.45175999 0.27904814
v 0.06382287 0.43952614 0.30710843
v 0.89561129 0.51987857 -0.17755754
v 0.55393666 0.52304024 -0.34473991
v 0.55393666 0.54682297 -0.34473991
v 0.59847659 0.54682297 -0.31909961
v 0.63880932 0.55734217 -0.30692700
v 0.67461723 0.55734217 -0.28472960
v 0.69731134 0.55734217 -0.05763223
v 0.66660428 0.55734217 -0.02878947
v 0.50670910 0.54682297 -0.33365595
v 0.42860210 0.51987857 -0.27751723
v 0.45473456 0.51987857 -0.01602037
v 0.49596539 0.54682297 0.00953827
v 0.58846319 0.54682297 0.00074958
v 0.20888267 0.46492374 0.30710843
v 0.19997832 0.47006541 0.30710843
v 0.39859354 0.51987857 -0.09412967
v 0.39859354 0.52304024 -0.09412967
v 0.20342349 0.45175999 0.30710843
v 0.89579731 0.51987857 0.21573330
v 0.59847659 0.55734217 -0.31909961
v 0.71201736 0.55734217 -0.17378578
v 0.68633854 0.55734217 -0.24171835
v 0.62947631 0.55734217 -0.00887601
v 0.71087199 0.55734217 -0.13717723
v 0.47822699 0.54682297 -0.29087827
v 0.44751760 0.54682297 -0.26203552
v 0.45473456 0.52304024 -0.01602037
v 0.50602192 0.54682297 -0.01274077
v 0.54635459 0.54682297 -0.00056815
v 0.39859354 0.54682297 -0.09412967
v 0.42152125 0.51987857 -0.05137923
v 0.42532250 0.54682297 -0.22622758
v 0.89889771 0.51987857 -0.16103707
v 0.55636805 0.54682297 -0.32041734
v 0.55636805 0.55734217 -0.32041734
v 0.66126525 0.55734217 -0.26841328
v 0.63013405 0.55734217 -0.28770983
v 0.70365059 0.55734217 -0.20943947
v 0.68099278 0.55734217 -0.07098424
v 0.65429783 0.55734217 -0.04590870
v 0.70028931 0.55734217 -0.10211320
v 0.51535267 0.54682297 -0.31079173
v 0.42152125 0.52304024 -0.05137923
v 0.47021398 0.54682297 -0.03493815
v 0.45473456 0.54682297 -0.01602037
v 0.42152125 0.54682297 -0.05137923
v 0.58846319 0.55734217 0.00074958
v 0.41183212 0.54682297 -0.14378630
v 0.41315216 0.54682297 -0.18589488
v 0.89894533 0.51987857 0.19991595
v 0.59507233 0.55734217 -0.29829025
v 0.71201736 0.54682297 -0.17378578
v 0.70365059 0.54682297 -0.20943947
v 0.68633854 0.54682297 -0.24171835
v 0.62202352 0.55734217 -0.02859896
v 0.71087199 0.54682297 -0.13717723
v 0.70028931 0.54682297 -0.10211320
v 0.47822699 0.55734217 -0.29087827
v 0.44751760 0.55734217 -0.26203552
v 0.54635459 0.55734217 -0.00056815
v 0.50602192 0.55734217 -0.01274077
v 0.42145774 0.54682297 -0.10277094
v 0.42532250 0.55734217 -0.22622758
v 0.89999998 0.51987857 0.18382643
v 0.89999998 0.51987857 -0.14423312
v 0.51535267 0.55734217 -0.31079173
v 0.55846602 0.55734217 -0.29943791
v 0.63013405 0.54682297 -0.28770983
v 0.59507233 0.54682297 -0.29829025
v 0.66126525 0.54682297 -0.26841328
v 0.68099278 0.54682297 -0.07098424
v 0.65429783 0.54682297 -0.04590870
v 0.47021398 0.55734217 -0.03493815
v 0.44137120 0.54682297 -0.06564526
v 0.58636528 0.55734217 -0.02022986
v 0.41183212 0.55734217 -0.14378630
v 0.41315216 0.55734217 -0.18589488
v 0.52280772 0.55734217 -0.29106879
v 0.55846602 0.54682297 -0.29943791
v 0.62202352 0.54682297 -0.02859896
v 0.49053115 0.55734217 -0.27375907
v 0.46383619 0.55734217 -0.24868353
v 0.44453967 0.55734217 -0.21755457
v 0.51469719 0.55734217 -0.03196020
v 0.48356596 0.55734217 -0.05125448
v 0.44137120 0.55734217 -0.06564526
v 0.54975897 0.55734217 -0.02137749
v 0.42145774 0.55734217 -0.10277094
v 0.52280772 0.54682297 -0.29106879
v 0.43395922 0.55734217 -0.18249054
v 0.45849043 0.55734217 -0.07795168
v 0.58636528 0.54682297 -0.02022986
v 0.43281385 0.55734217 -0.14588200
v 0.49053115 0.54682297 -0.27375907
v 0.46383619 0.54682297 -0.24868353
v 0.44453967 0.54682297 -0.21755457
v 0.54975897 0.54682297 -0.02137749
v 0.51469719 0.54682297 -0.03196020
v 0.45849043 0.54682297 -0.07795168
v 0.44117841 0.55734217 -0.11022828
v 0.43395922 0.54682297 -0.18249054
v 0.48356596 0.54682297 -0.05125448
v 0.44117841 0.54682297 -0.11022828
v 0.43281385 0.54682297 -0.14588200
v -0.33487275 0.32014745 -0.30750990
v -0.22308294 0.34516177 -0.30750990
v -0.06439442 0.26341224 -0.32435241
v -0.07141630 0.26540813 -0.32435241
v 0.26618493 0.26341224 -0.32435241
v 0.09747615 0.24478929 -0.30750990
v -0.07795735 0.27123472 -0.32435241
v 0.27320680 0.26540813 -0.32435241
v -0.08358211 0.28052011 -0.32435241
v 0.27974784 0.27123472 -0.32435241
v 0.17503205 0.16047460 -0.30750990
v -0.08789367 0.29262015 -0.32435241
v -0.06644020 0.27444628 -0.32435241
v -0.45164096 0.21201599 -0.34298214
v -0.07444641 0.28486341 -0.32435241
v -0.06299505 0.27346420 -0.32435241
v -0.07013485 0.27774173 -0.32435241
v 0.26478553 0.27346420 -0.32435241
v 0.28537259 0.28052011 -0.32435241
v -0.46728367 0.19162852 -0.34298214
v -0.58206958 0.09273481 -0.30750990
v 0.22813840 0.05895677 -0.30750990
v -0.44180441 0.23575565 -0.34298214
v -0.43845904 0.26123035 -0.34298214
v -0.44082233 0.27923867 -0.34298214
v -0.09060626 0.30670017 -0.32435241
v -0.07817282 0.29526696 -0.32435241
v 0.26824883 0.27444628 -0.32435241
v -0.58458257 0.22961605 -0.27306503
v -0.49669343 0.29901153 -0.27306503
v 0.26478553 0.27346420 -0.33084127
v -0.06299505 0.27346420 -0.33084127
v 0.27192533 0.27774173 -0.32435241
v 0.28970003 0.29262015 -0.32435241
v -0.48767117 0.17598578 -0.34298214
v -0.61632162 -0.01659872 -0.30750990
v 0.25315270 -0.05284439 -0.30750990
v -0.49669343 0.22961605 -0.27306503
v -0.58458257 0.29901153 -0.27306503
v -0.09153843 0.32182807 -0.32435241
v -0.08060416 0.30796349 -0.32435241
v 0.27625278 0.28486341 -0.32435241
v 0.29241261 0.30670017 -0.32435241
v 0.27996558 0.29526696 -0.32435241
v 0.29332891 0.32182807 -0.32435241
v -0.51140398 0.16615152 -0.34298214
v -0.62108231 -0.13106482 -0.30750990
v 0.24837619 -0.16731049 -0.30750990
v -0.08145241 0.32182807 -0.32435241
v -0.09060626 0.33694008 -0.32435241
v 0.28241053 0.30796349 -0.32435241
v 0.29241261 0.33694008 -0.32435241
v -0.08060416 0.33567449 -0.32435241
v 0.28326103 0.32182807 -0.32435241
v 0.28241053 0.33567449 -0.32435241
v 0.28970003 0.35103595 -0.32435241
v -0.53688556 0.16279708 -0.34298214
v -0.59606797 -0.24286599 -0.30750990
v 0.21414228 -0.27664402 -0.30750990
v -0.08789367 0.35103595 -0.32435241
v 0.27996558 0.34837329 -0.32435241
v 0.28537259 0.36313602 -0.32435241
v -0.56236476 0.16615152 -0.34298214
v -0.08358211 0.36313602 -0.32435241
v -0.07817282 0.34837329 -0.32435241
v 0.27625278 0.35879272 -0.32435241
v 0.27974784 0.37242141 -0.32435241
v 0.27320680 0.37824804 -0.32435241
v -0.54295933 -0.34438610 -0.30750990
v 0.15278023 -0.37338987 -0.30750990
v -0.18397272 0.09855463 -0.34073451
v -0.07444641 0.35879272 -0.32435241
v 0.27192533 0.36591437 -0.32435241
v 0.26824883 0.36919397 -0.32435241
v 0.26618493 0.38024390 -0.32435241
v -0.89797014 -0.38192457 0.30710843
v 0.06846783 -0.45095715 -0.30750990
v -0.01897450 0.00329887 -0.34073451
v -0.08870789 0.07303228 -0.34073451
v 0.00004762 -0.04264724 -0.34073451
v 0.00653877 -0.09195461 -0.34073451
v -0.13465855 0.09206574 -0.34073451
v -0.23326875 0.09206574 -0.34073451
v -0.89826947 0.34427950 -0.15563007
v -0.07795735 0.37242141 -0.32435241
v -0.07013485 0.36591437 -0.32435241
v -0.07141630 0.37824804 -0.32435241
v 0.26478553 0.37017605 -0.32435241
v -0.06439442 0.38024390 -0.32435241
v -0.89196205 -0.41216895 0.30710843
v -0.46540347 -0.42870077 -0.30750990
v -0.01897450 -0.18721037 -0.34073451
v 0.00004762 -0.14126197 -0.34073451
v -0.04924840 0.04275610 -0.34073451
v -0.06299505 0.37017605 -0.32435241
v -0.03305454 -0.50405669 -0.30750990
v -0.36865985 -0.49006733 -0.30750990
v -0.04924840 -0.22666757 -0.34073451
v -0.05898513 0.01368653 -0.34073451
v -0.02009038 -0.03069009 -0.34073451
v -0.16183656 0.04696333 -0.34073451
v -0.00775673 -0.07958241 -0.34073451
v -0.01025385 -0.12997390 -0.34073451
v -0.27921939 0.07303228 -0.34073451
v -0.89826947 0.34427950 0.18991385
v -0.89310968 0.37019193 -0.15563007
v -0.89999998 -0.35115394 0.30710843
v -0.06644020 0.36919397 -0.32435241
v -0.88204157 -0.44137010 0.30710843
v -0.31868118 0.04275610 -0.34073451
v -0.13465855 -0.27597496 -0.34073451
v -0.08870789 -0.25694150 -0.34073451
v -0.02734586 -0.17738518 -0.34073451
v -0.08345056 -0.21821006 -0.34073451
v -0.03606650 -0.00108980 -0.34073451
v -0.08326685 0.02599750 -0.34073451
v -0.01438170 -0.04654603 -0.34073451
v -0.02734586 -0.01548737 -0.34073451
v -0.13497609 0.04272662 -0.34073451
v -0.18899871 0.04838313 -0.34073451
v -0.00692436 -0.09643627 -0.34073451
v -0.01025385 -0.06289864 -0.34073451
v -0.01438170 -0.14632651 -0.34073451
v -0.00775673 -0.11328787 -0.34073451
v -0.89999998 0.31791794 0.30710843
v 0.78804463 -0.58689940 -0.27189246
v -0.77427983 -0.38642889 0.35982239
v -0.34895280 0.00329887 -0.34073451
v -0.14486250 -0.52907550 -0.30750990
v -0.25933090 -0.52430350 -0.30750990
v -0.18397272 -0.28246611 -0.34073451
v -0.03606650 -0.19178274 -0.34073451
v -0.02009038 -0.16218244 -0.34073451
v -0.10887992 -0.22767460 -0.34073451
v -0.05910080 -0.20620525 -0.34073451
v -0.05898513 0.01368653 -0.31957817
v -0.08326685 0.02599750 -0.31957817
v -0.10869621 0.03571155 -0.34073451
v -0.01438170 -0.04654603 -0.31957817
v -0.02009038 -0.03069009 -0.31957817
v -0.16183656 0.04696333 -0.31957817
v -0.18899871 0.04838313 -0.31957817
v -0.00692436 -0.09643627 -0.31957817
v -0.00775673 -0.07958241 -0.31957817
v -0.01438170 -0.14632651 -0.31957817
v -0.01025385 -0.12997390 -0.31957817
v -0.21614271 0.04696333 -0.34073451
v -0.89826947 0.34427950 0.30710843
v -0.89310968 0.37019193 0.18991385
v -0.88462263 0.39520624 -0.15563007
v 0.77671576 -0.58689940 0.30710843
v -0.82097894 0.47813737 -0.15563007
v -0.80776531 -0.53818393 0.30710843
v -0.83094925 -0.51785320 0.30710843
v -0.77427983 -0.06281019 0.35982239
v -0.31901228 0.01368653 -0.34073451
v -0.23326875 -0.27597496 -0.34073451
v -0.27921939 -0.25694150 -0.34073451
v -0.16192049 -0.23863381 -0.34073451
v -0.03606650 -0.19178274 -0.31957817
v -0.02734586 -0.17738518 -0.31957817
v -0.13512577 -0.23450823 -0.34073451
v -0.08345056 -0.21821006 -0.31957817
v -0.05910080 -0.20620525 -0.31957817
v -0.02734586 -0.01548737 -0.31957817
v -0.03606650 -0.00108980 -0.33015636
v -0.10869621 0.03571155 -0.31957817
v -0.01025385 -0.06289864 -0.31957817
v -0.13497609 0.04272662 -0.31957817
v -0.21614271 0.04696333 -0.31957817
v -0.00775673 -0.11328787 -0.31957817
v -0.02009038 -0.16218244 -0.31957817
v -0.24300547 0.04272662 -0.34073451
v -0.66425228 -0.58689940 0.30710843
v -0.69502515 -0.58488309 0.30710843
v -0.72526509 -0.57886821 0.30710843
v 0.80456281 -0.58689940 -0.26860604
v 0.79280978 -0.58689940 0.30605382
v -0.84083349 0.46073014 -0.15563007
v -0.79901063 0.49281621 -0.15563007
v -0.78211826 -0.55531687 0.30710843
v -0.77427983 0.26079944 0.35982239
v -0.69695759 -0.25403613 0.35982239
v -0.35098496 -0.38642889 0.35982239
v -0.36799306 -0.04264724 -0.34073451
v -0.34191278 -0.00108980 -0.34073451
v -0.29471469 0.02599750 -0.34073451
v -0.36799306 -0.14126197 -0.34073451
v -0.37448421 -0.09195461 -0.34073451
v -0.31868118 -0.22666757 -0.34073451
v -0.18899871 -0.24001504 -0.34073451
v -0.10887992 -0.22767460 -0.31957817
v -0.03606650 -0.00108980 -0.31957817
v -0.29471469 0.02599750 -0.31957817
v -0.26930121 0.03571155 -0.31957817
v -0.35404682 -0.03161545 -0.31957817
v -0.35834023 -0.04748726 -0.31957817
v -0.34855360 -0.01612016 -0.31957817
v -0.36330047 -0.07999291 -0.31957817
v -0.36330047 -0.11287963 -0.31957817
v -0.36143616 -0.06364710 -0.31957817
v -0.35834023 -0.14538528 -0.31957817
v -0.35404682 -0.16125709 -0.31957817
v -0.36143616 -0.12922771 -0.31957817
v -0.26930121 0.03571155 -0.34073451
v -0.24300547 0.04272662 -0.31957817
v -0.89310968 0.37019193 0.30710843
v -0.88462263 0.39520624 0.18991385
v -0.87293768 0.41890505 -0.15563007
v -0.75445712 -0.56895685 0.30710843
v -0.85825884 0.44085750 -0.15563007
v -0.82097894 0.47813737 0.18991385
v -0.79901063 0.49281621 0.18991385
v -0.77532768 0.50450116 -0.15563007
v -0.69695759 0.19535489 0.35982239
v -0.48918623 -0.33644110 0.35982239
v 0.07231217 -0.38642889 0.35982239
v -0.35404682 -0.03161545 -0.34073451
v -0.34855360 -0.01612016 -0.34073451
v -0.34191278 -0.00108980 -0.31957817
v -0.31901228 0.01368653 -0.31957817
v -0.34895280 -0.18721037 -0.34073451
v -0.21606107 -0.23863381 -0.34073451
v -0.16192049 -0.23863381 -0.31957817
v -0.13512577 -0.23450823 -0.31957817
v -0.34855360 -0.17675240 -0.31957817
v -0.29453099 -0.21821006 -0.31957817
v -0.31889662 -0.20620525 -0.31957817
v -0.34191278 -0.19178274 -0.31957817
v -0.36391512 -0.09643627 -0.31957817
v 0.07231217 0.26079944 0.35982239
v 0.82051176 -0.58689940 -0.26319221
v 0.80862486 -0.58689940 0.30290803
v 0.38636425 -0.41108939 0.30710843
v -0.85825884 0.44085750 0.18991385
v -0.84083349 0.46073014 0.18991385
v -0.77532768 0.50450116 0.18991385
v -0.75031340 0.51300412 -0.15563007
v -0.33677113 -0.49325848 0.30710843
v -0.48564124 -0.33769989 0.35982239
v -0.49246579 -0.33486030 0.35982239
v -0.69695759 -0.25403613 0.35289353
v -0.00998849 -0.25403613 0.35982239
v -0.24433681 -0.33914688 0.35982239
v -0.36330047 -0.07999291 -0.34073451
v -0.35834023 -0.04748726 -0.34073451
v -0.34855360 -0.17675240 -0.34073451
v -0.36143616 -0.12922771 -0.34073451
v -0.24285579 -0.23450823 -0.34073451
v -0.18899871 -0.24001504 -0.31957817
v -0.26910165 -0.22767460 -0.31957817
v -0.36143616 -0.06364710 -0.34073451
v -0.36391512 -0.09643627 -0.34073451
v -0.36330047 -0.11287963 -0.34073451
v -0.35404682 -0.16125709 -0.34073451
v -0.35834023 -0.14538528 -0.34073451
v -0.88462263 0.39520624 0.30710843
v -0.87293768 0.41890505 0.18991385
v 0.63892043 -0.17947178 0.30710843
v 0.54773813 -0.29830161 0.30710843
v 0.24142009 -0.41108939 0.30710843
v -0.82097894 0.47813737 0.30710843
v -0.79901063 0.49281621 0.30710843
v -0.77532768 0.50450116 0.30710843
v -0.75031340 0.51300412 0.18991385
v -0.72440088 0.51814806 -0.15563007
v -0.00998849 0.19535489 0.35982239
v -0.48189670 -0.33859575 0.35982239
v -0.45952922 -0.33717823 0.35979518
v -0.48918623 -0.33644110 0.36271191
v -0.45523581 -0.33551347 0.35979518
v -0.49246579 -0.33486030 0.36271191
v -0.49537799 -0.33299369 0.35982239
v -0.69695759 0.19535489 0.35289353
v -0.23195326 -0.33659309 0.35982239
v -0.23984382 -0.33863431 0.35982239
v -0.24919496 -0.33931473 0.35982239
v 0.47699091 0.38984683 0.30710843
v -0.34191278 -0.19178274 -0.34073451
v -0.26910165 -0.22767460 -0.34073451
v -0.21606107 -0.23863381 -0.31957817
v -0.24285579 -0.23450823 -0.31957817
v -0.34191278 -0.19178274 -0.33015636
v -0.29453099 -0.21821006 -0.34073451
v -0.31889662 -0.20620525 -0.34073451
v -0.86559826 0.42989150 -0.15563007
v 0.83561921 -0.58689940 -0.25574169
v 0.82389337 -0.58689940 0.29772326
v 0.61936986 -0.22666988 0.30710843
v 0.64558852 -0.12882173 0.30710843
v 0.58827043 -0.26719987 0.30710843
v 0.38636425 -0.36527252 0.30710843
v 0.38161495 -0.40633780 0.31204596
v -0.85825884 0.44085750 0.30710843
v -0.87293768 0.41890505 0.30710843
v -0.84083349 0.46073014 0.30710843
v -0.75031340 0.51300412 0.30710843
v -0.72440088 0.51814806 0.18991385
v -0.00998849 0.19535489 0.35289353
v -0.47795254 -0.33913556 0.35982239
v -0.46405622 -0.33836442 0.35979518
v -0.48564124 -0.33769989 0.36271191
v -0.44955888 -0.33210006 0.35982239
v -0.49537799 -0.33299369 0.36271191
v -0.49795675 -0.33083904 0.35982239
v -0.69695759 -0.25403613 0.34596461
v -0.00998849 -0.25403613 0.35289353
v -0.47405833 -0.29542574 0.35982239
v -0.22855802 -0.33508936 0.35982239
v -0.23569782 -0.33778378 0.35982239
v -0.24433681 -0.33914688 0.36271191
v -0.25557044 -0.33899266 0.35982239
v -0.24919496 -0.33931473 0.36271191
v -0.47380885 -0.33931473 0.35979518
v 0.46621767 0.36085662 0.30710843
v 0.63892043 -0.07816941 0.30710843
v 0.50054228 -0.31785217 0.30710843
v 0.38161495 -0.37002182 0.31204596
v 0.24142009 -0.36527252 0.30710843
v 0.24616259 -0.40633780 0.31204596
v -0.72440088 0.51814806 0.30710843
v -0.46879873 -0.33907884 0.35979518
v -0.48189670 -0.33859575 0.36271191
v -0.44182029 -0.33271471 0.35979518
v -0.46405622 -0.33836442 0.36271191
v -0.45952922 -0.33717823 0.36271191
v -0.45523581 -0.33551347 0.36271191
v -0.44955888 -0.33210006 0.36271191
v -0.46981481 -0.33210686 0.35982239
v -0.49795675 -0.33083904 0.36271191
v -0.50017035 -0.32839632 0.35982239
v -0.69695759 0.19535489 0.34596461
v -0.00998849 0.19535489 0.34596461
v -0.47820204 -0.29560262 0.35982239
v -0.35140002 -0.29542574 0.35982239
v -0.22556418 -0.33329761 0.35982239
v -0.23195326 -0.33659309 0.36271191
v -0.26650470 -0.33640710 0.35982239
v -0.23569782 -0.33778378 0.36271191
v -0.23984382 -0.33863431 0.36271191
v -0.26134488 -0.33802193 0.35982239
v -0.25557044 -0.33899266 0.36271191
v -0.34540781 -0.33931473 0.35982239
v 0.46331686 0.33004972 0.30710843
v 0.51273304 0.37094039 0.28133434
v 0.84962213 -0.58689940 -0.24638601
v 0.83835900 -0.58689940 0.29059249
v 0.61936986 -0.03097361 0.30710843
v 0.26085955 -0.17947178 0.30710843
v -0.69803715 0.52157503 -0.15563007
v -0.47795254 -0.33913556 0.36271191
v -0.44182029 -0.33858666 0.35979518
v -0.46879873 -0.33907884 0.36271191
v -0.43854296 -0.33244255 0.35982239
v -0.46981481 -0.33210686 0.36271191
v -0.46485460 -0.33159882 0.35982239
v -0.47359112 -0.33181429 0.35982239
v -0.48001650 -0.32945552 0.35982239
v -0.50196892 -0.32575178 0.35982239
v -0.00998849 -0.25403613 0.34596461
v -0.48213032 -0.29612654 0.35982239
v -0.46989647 -0.29558447 0.35982239
v -0.47405833 -0.29542574 0.36271191
v -0.24877991 -0.29542574 0.35982239
v -0.22296727 -0.33122006 0.35982239
v -0.22855802 -0.33508936 0.36271191
v -0.27106577 -0.33414584 0.35982239
v -0.28739119 -0.33858666 0.35979518
v -0.26134488 -0.33802193 0.36271191
v -0.34044987 -0.33905390 0.35982239
v -0.35000291 -0.33909926 0.35982239
v 0.46848801 0.29956037 0.30710843
v 0.50372440 0.33154663 0.28133434
v 0.50563633 0.35183433 0.28133434
v 0.52453375 0.38756743 0.28133434
v 0.86228693 -0.58689940 -0.23527937
v 0.58827043 0.00955641 0.30710843
v 0.44988999 -0.32452023 0.30710843
v 0.24616259 -0.37002182 0.31204596
v 0.28041464 -0.22666988 0.30710843
v 0.25418466 -0.12882173 0.30710843
v -0.69803715 0.52157503 0.18991385
v -0.47380885 -0.33931473 0.36271191
v -0.36449802 -0.33858666 0.35982239
v -0.41848662 -0.33858666 0.35982239
v -0.44182029 -0.33858666 0.36271191
v -0.41848662 -0.33271471 0.35982239
v -0.43854296 -0.33244255 0.36271191
v -0.43682835 -0.33161923 0.35982239
v -0.44333535 -0.32678604 0.35982239
v -0.46485460 -0.33159882 0.36271191
v -0.47359112 -0.33181429 0.36271191
v -0.47698638 -0.33092976 0.35982239
v -0.50017035 -0.32839632 0.36271191
v -0.48266330 -0.32739386 0.35979518
v -0.50325036 -0.32299158 0.35982239
v -0.48587486 -0.29699975 0.35982239
v -0.46600223 -0.29606530 0.35982239
v -0.47820204 -0.29560262 0.36271191
v -0.46989647 -0.29558447 0.36271191
v -0.24193949 -0.29580903 0.35982239
v -0.34758970 -0.29560488 0.35982239
v -0.35760766 -0.29586801 0.35982239
v -0.22073779 -0.32885221 0.35982239
v -0.22556418 -0.33329761 0.36271191
v -0.24902940 -0.33256274 0.35982239
v -0.26650470 -0.33640710 0.36271191
v -0.28739119 -0.33271471 0.35979518
v -0.27106577 -0.33414584 0.36271191
v -0.31679869 -0.33858666 0.35979518
v -0.34540781 -0.33931473 0.36271191
v -0.35000291 -0.33909926 0.36271191
v 0.48137504 0.27143431 0.30710843
v 0.50713098 0.31145856 0.28133434
v 0.65635496 0.35742736 0.28133434
v 0.49490395 0.41507888 0.30710843
v 0.52911973 0.38061133 0.28133434
v 0.85176545 -0.58689940 0.28163144
v 0.68649501 0.27902320 0.30710843
v 0.39923996 -0.31785217 0.30710843
v 0.31150278 -0.26719987 0.30710843
v 0.26085955 -0.07816941 0.30710843
v 0.13345647 0.52157503 0.18991385
v 0.05438779 0.52157503 -0.07986818
v -0.37093925 -0.33858666 0.35982239
v -0.40678805 -0.33858666 0.35982239
v -0.44182029 -0.33271471 0.36271191
v -0.42254868 -0.33259451 0.35979518
v -0.43682835 -0.33161923 0.36271191
v -0.42416355 -0.33201614 0.35979518
v -0.44333535 -0.32678604 0.36271191
v -0.46009395 -0.33006790 0.36271191
v -0.46009395 -0.33006790 0.35982239
v -0.47698638 -0.33092976 0.36271191
v -0.48001650 -0.32945552 0.36271191
v -0.45465291 -0.32711264 0.35982239
v -0.48480889 -0.32492170 0.35982239
v -0.50196892 -0.32575178 0.36271191
v -0.50401467 -0.32010892 0.35982239
v -0.48940393 -0.29822451 0.35982239
v -0.46237561 -0.29686368 0.35982239
v -0.48213032 -0.29612654 0.36271191
v -0.46600223 -0.29606530 0.36271191
v -0.23579761 -0.29696119 0.35982239
v -0.24193949 -0.29580903 0.36271191
v -0.25570428 -0.29581130 0.35982239
v -0.34758970 -0.29560488 0.36271191
v -0.35140002 -0.29542574 0.36271191
v -0.21895510 -0.32625303 0.35982239
v -0.22073779 -0.32885221 0.36271191
v -0.24039268 -0.33054417 0.35982239
v -0.22296727 -0.33122006 0.36271191
v -0.24581784 -0.33233821 0.35982239
v -0.27555877 -0.33076417 0.35982239
v -0.27555877 -0.33076417 0.36271191
v -0.31679869 -0.33271471 0.35979518
v -0.28739119 -0.33271471 0.36271191
v -0.31679869 -0.33858666 0.36271191
v -0.33592287 -0.33826461 0.35982239
v -0.34044987 -0.33905390 0.36271191
v -0.35421240 -0.33844835 0.35982239
v -0.35421240 -0.33844835 0.36271191
v 0.50110251 0.24760166 0.30710843
v 0.51562256 0.29293540 0.28133434
v 0.65976155 0.33732337 0.28133434
v 0.65784955 0.31703570 0.28133434
v 0.64786333 0.37595052 0.28133434
v 0.54023314 0.40056562 0.28133434
v 0.53030139 0.37906227 0.28133434
v 0.52837807 0.38240761 0.28133434
v 0.86389041 -0.58689940 0.27099884
v -0.63484478 0.24334000 0.30710843
v 0.53196388 -0.21089330 0.33362871
v 0.56200415 -0.15886202 0.33362871
v 0.47993028 -0.24093360 0.33362871
v 0.69726598 0.30801567 0.30710843
v 0.54773813 0.04065816 0.30710843
v 0.56595963 -0.12882173 0.33362871
v 0.35204184 -0.29830161 0.30710843
v 0.28041464 -0.03097361 0.30710843
v 0.12150840 0.52157503 -0.02836761
v 0.05619996 0.52157503 -0.06606937
v 0.05619996 0.52157503 -0.09366699
v 0.10771187 0.52157503 -0.13318545
v 0.26335439 0.52157503 -0.14693208
v -0.37093925 -0.33858666 0.36271191
v -0.37519863 -0.32212976 0.35982239
v -0.37827864 -0.33858666 0.35982239
v -0.40678805 -0.33271471 0.35982239
v -0.41848662 -0.33271471 0.36271191
v -0.41848662 -0.33858666 0.36271191
v -0.40505752 -0.33268520 0.35979518
v -0.42254868 -0.33259451 0.36271191
v -0.42416355 -0.33201614 0.36271191
v -0.42466253 -0.33113390 0.35979518
v -0.43534726 -0.32958251 0.35982239
v -0.45002609 -0.32328644 0.35982239
v -0.48266330 -0.32739386 0.36271191
v -0.48633981 -0.32222271 0.35982239
v -0.50325036 -0.32299158 0.36271191
v -0.50428236 -0.31711280 0.35982239
v -0.49266541 -0.29975998 0.35979518
v -0.45899624 -0.29798180 0.35982239
v -0.48587486 -0.29699975 0.36271191
v -0.45758098 -0.29615605 0.35982239
v -0.46237561 -0.29686368 0.36271191
v -0.23034070 -0.29888225 0.35982239
v -0.23579761 -0.29696119 0.36271191
v -0.24877991 -0.29542574 0.36271191
v -0.34396082 -0.29614016 0.35982239
v -0.34396082 -0.29614016 0.36271191
v -0.35760766 -0.29586801 0.36271191
v -0.21769178 -0.32347015 0.35982239
v -0.21895510 -0.32625303 0.36271191
v -0.23609699 -0.32664996 0.35982239
v -0.24292155 -0.33166686 0.35982239
v -0.23819496 -0.32897469 0.35982239
v -0.24902940 -0.33256274 0.36271191
v -0.24581784 -0.33233821 0.36271191
v -0.25224099 -0.33233821 0.35982239
v -0.29058686 -0.33271471 0.35979518
v -0.31441951 -0.33271471 0.35982239
v -0.28739119 -0.33858666 0.36271191
v 0.52632546 0.22968635 0.30710843
v 0.52861845 0.27722463 0.28133434
v 0.65075290 0.29792961 0.28133434
v 0.70016682 0.33882028 0.30710843
v 0.69499791 0.36932781 0.30710843
v 0.53555644 0.37689853 0.28133434
v 0.51873434 0.43479952 0.30710843
v 0.53030139 0.38958147 0.28133434
v 0.53183913 0.37788060 0.28133434
v 0.53030139 0.37906227 0.28928614
v 0.52911973 0.38061133 0.28928614
v 0.52812630 0.38432184 0.28133434
v 0.87339121 -0.58689940 -0.22261685
v 0.50792480 -0.22933936 0.33362871
v 0.55040765 -0.18685426 0.33362871
v 0.44988999 -0.24489135 0.33362871
v 0.66858196 0.25379115 0.30710843
v 0.55040765 -0.07078692 0.33362871
v 0.56200415 -0.09878143 0.33362871
v 0.24724445 0.16626038 0.30710843
v 0.13435689 0.52157503 -0.03369526
v 0.10771187 0.52157503 -0.02655091
v 0.06152760 0.52157503 -0.05320955
v 0.07439197 0.51743132 -0.07986818
v 0.06152760 0.52157503 -0.10652681
v 0.12150840 0.52157503 -0.13136874
v 0.09389718 0.52157503 -0.13136874
v -0.35832435 -0.33728936 0.35982239
v -0.36449802 -0.33858666 0.36271191
v -0.36259967 -0.33554521 0.35982239
v -0.40678805 -0.33858666 0.36271191
v -0.40172800 -0.33224523 0.35979518
v -0.42466253 -0.33113390 0.36271191
v -0.40101355 -0.33175305 0.35979518
v -0.43534726 -0.32958251 0.36271191
v -0.41672435 -0.29615605 0.35982239
v -0.45002609 -0.32328644 0.36271191
v -0.45465291 -0.32711264 0.36271191
v -0.48480889 -0.32492170 0.36271191
v -0.48633981 -0.32222271 0.36271191
v -0.48725611 -0.31929466 0.35982239
v -0.50401467 -0.32010892 0.36271191
v -0.50403285 -0.31413940 0.35982239
v -0.49557754 -0.30157214 0.35979518
v -0.48940393 -0.29822451 0.36271191
v -0.45899624 -0.29798180 0.36271191
v -0.45144135 -0.29615605 0.35982239
v -0.22554603 -0.30156988 0.35982239
v -0.23034070 -0.29888225 0.36271191
v -0.26194367 -0.29697028 0.35982239
v -0.25570428 -0.29581130 0.36271191
v -0.33558947 -0.29615605 0.35982239
v -0.34053153 -0.29703379 0.35982239
v -0.36321655 -0.29719025 0.35982239
v -0.21692519 -0.32050353 0.35982239
v -0.21769178 -0.32347015 0.36271191
v -0.23460010 -0.32396460 0.35982239
v -0.24039268 -0.33054417 0.36271191
v -0.23609699 -0.32664996 0.36271191
v -0.25953045 -0.30579752 0.35982239
v -0.23819496 -0.32897469 0.36271191
v -0.24292155 -0.33166686 0.36271191
v -0.27877033 -0.32686087 0.35982239
v -0.25510323 -0.33166686 0.35982239
v -0.29329944 -0.33235180 0.35982239
v -0.25224099 -0.33233821 0.36271191
v -0.31107411 -0.33245614 0.35982239
v -0.31441951 -0.33271471 0.36271191
v -0.29058686 -0.33271471 0.36271191
v -0.33181089 -0.33695143 0.35982239
v -0.31679869 -0.33271471 0.36271191
v -0.33592287 -0.33826461 0.36271191
v -0.35832435 -0.33728936 0.36271191
v 0.24724445 0.21207723 0.30710843
v 0.54523420 0.26542625 0.28133434
v 0.53030139 0.27948815 0.28133434
v 0.53555644 0.29217109 0.28133434
v 0.68211091 0.39745384 0.30710843
v 0.62881404 0.37689853 0.28133434
v 0.53363311 0.37714803 0.28133434
v 0.55876082 0.40905267 0.28133434
v 0.52911973 0.38803467 0.28133434
v 0.53183913 0.39076313 0.28133434
v 0.52837807 0.38240761 0.28928614
v 0.52837807 0.38625196 0.28133434
v 0.87452298 -0.58689940 0.25887612
v -0.63484478 0.24334000 0.32980481
v -0.39395541 0.47677431 0.32980481
v -0.39395541 0.42090321 0.32980481
v 0.50792480 -0.22933936 0.31519175
v 0.55040765 -0.18685426 0.31519175
v 0.56200415 -0.15886202 0.31519175
v 0.56595963 -0.12882173 0.31519175
v 0.44988999 -0.24489135 0.31519175
v 0.47993028 -0.24093360 0.31519175
v 0.63895220 0.28131846 0.28133434
v 0.50054228 0.06020873 0.30710843
v 0.50792480 -0.02830410 0.33362871
v 0.53196388 -0.04674788 0.33362871
v 0.56200415 -0.09878143 0.31519175
v 0.31150278 0.00955641 0.30710843
v -0.03407062 0.46340868 0.30710843
v 0.14540681 0.52157503 -0.04216869
v 0.12435480 0.51743132 -0.05102315
v 0.11633272 0.51743132 -0.04769593
v 0.09389718 0.52157503 -0.02836761
v 0.06999876 0.52157503 -0.04216869
v 0.07552373 0.51743132 -0.07124732
v 0.06999876 0.52157503 -0.11756994
v 0.07552373 0.51743132 -0.08848904
v 0.13435689 0.52157503 -0.12604338
v 0.11633272 0.51743132 -0.11204045
v 0.08104869 0.52157503 -0.12604338
v 0.10771187 0.51743132 -0.11317674
v 0.16101779 0.52157503 -0.07986818
v -0.36259967 -0.33554521 0.36271191
v -0.37519863 -0.32212976 0.36271191
v -0.35516047 -0.33061224 0.35982239
v -0.37827864 -0.33271471 0.35982239
v -0.40505752 -0.33268520 0.36271191
v -0.37827864 -0.33858666 0.36271191
v -0.40678805 -0.33271471 0.36271191
v -0.38085744 -0.33258772 0.35982239
v -0.40172800 -0.33224523 0.36271191
v -0.42397985 -0.32933986 0.35979518
v -0.40077996 -0.33116335 0.35979518
v -0.42397985 -0.32933986 0.36271191
v -0.44553307 -0.31139505 0.35982239
v -0.48725611 -0.31929466 0.36271191
v -0.45357105 -0.31303713 0.35982239
v -0.48755547 -0.31613982 0.35982239
v -0.50428236 -0.31711280 0.36271191
v -0.50328213 -0.31129980 0.35982239
v -0.49810645 -0.30366102 0.35982239
v -0.49266541 -0.29975998 0.36271191
v -0.45144135 -0.29615605 0.36271191
v -0.22166768 -0.30486083 0.35982239
v -0.22554603 -0.30156988 0.36271191
v -0.26748678 -0.29889810 0.35982239
v -0.26194367 -0.29697028 0.36271191
v -0.28739119 -0.29615605 0.35982239
v -0.32941583 -0.29615605 0.35982239
v -0.34053153 -0.29703379 0.36271191
v -0.36321655 -0.29719025 0.36271191
v -0.40319318 -0.29615605 0.35982239
v -0.21667571 -0.31735548 0.35982239
v -0.21692519 -0.32050353 0.36271191
v -0.23370193 -0.32091632 0.35982239
v -0.23460010 -0.32396460 0.36271191
v -0.27877033 -0.32686087 0.36271191
v -0.29464892 -0.32909718 0.35982239
v -0.25765026 -0.33054417 0.35982239
v -0.29434729 -0.33156025 0.35982239
v -0.25510323 -0.33166686 0.36271191
v -0.32345769 -0.33088440 0.35982239
v -0.31107411 -0.33245614 0.36271191
v -0.32811624 -0.33511430 0.35982239
v 0.55532700 0.21891312 0.30710843
v 0.56434023 0.25833634 0.28133434
v 0.62325275 0.26832029 0.28133434
v 0.53184140 0.27830651 0.28133434
v 0.52912199 0.28101909 0.28133434
v 0.62881404 0.29217109 0.28133434
v 0.53363311 0.29190344 0.28133434
v 0.63486743 0.39164540 0.28133434
v 0.63073736 0.37714803 0.28133434
v 0.53747976 0.37714803 0.28133434
v 0.53363311 0.37714803 0.28928614
v 0.54685813 0.44769791 0.30710843
v 0.61825174 0.40344375 0.28133434
v 0.52911973 0.38803467 0.28928614
v 0.53183913 0.39076313 0.28928614
v 0.53363311 0.39149570 0.28133434
v 0.53183913 0.37788060 0.28928614
v 0.54199314 0.38061133 0.28928614
v 0.54273480 0.38240761 0.28928614
v 0.52812630 0.38432184 0.28928614
v 0.29143053 0.41146588 0.30710843
v -0.03407062 0.41707477 0.30710843
v 0.88274920 -0.58689940 -0.20861393
v -0.54365790 0.42090321 0.32980481
v -0.54365790 0.47677431 0.32980481
v 0.53196388 -0.21089330 0.31519175
v 0.41984969 -0.24093360 0.33362871
v 0.41984969 -0.24093360 0.31519175
v 0.63599014 0.28281766 0.28133434
v 0.44988999 0.06687679 0.30710843
v 0.47993028 -0.01670758 0.33362871
v 0.55040765 -0.07078692 0.31519175
v 0.53196388 -0.04674788 0.31519175
v 0.36781842 -0.21089330 0.33362871
v 0.33777812 -0.15886202 0.33362871
v 0.35204184 0.04065816 0.30710843
v 0.25198692 0.17100967 0.31204596
v 0.15387799 0.52157503 -0.05320955
v 0.13126101 0.51743132 -0.05631677
v 0.10771187 0.51743132 -0.04656190
v 0.09908874 0.51743132 -0.04769593
v 0.08104869 0.52157503 -0.03369526
v 0.07885095 0.51743132 -0.06321390
v 0.07885095 0.51743132 -0.09652247
v 0.14540681 0.52157503 -0.11756994
v 0.12435480 0.51743132 -0.10871548
v 0.09105077 0.51743132 -0.10871548
v 0.09908874 0.51743132 -0.11204045
v 0.15920335 0.52157503 -0.09366699
v 0.15920335 0.52157503 -0.06606937
v -0.36712667 -0.32076210 0.36271191
v -0.35825634 -0.32914254 0.35982239
v -0.35193303 -0.33166233 0.35982239
v -0.37827864 -0.33271471 0.36271191
v -0.38248816 -0.33213863 0.35982239
v -0.40101355 -0.33175305 0.36271191
v -0.40159419 -0.32891345 0.35979518
v -0.38370386 -0.33102730 0.35982239
v -0.41672435 -0.29615605 0.36271191
v -0.42171630 -0.32505098 0.35979518
v -0.48755547 -0.31613982 0.36271191
v -0.48702249 -0.31212536 0.35982239
v -0.50403285 -0.31413940 0.36271191
v -0.50203466 -0.30859402 0.35982239
v -0.50028831 -0.30602661 0.35982239
v -0.47585464 -0.30258825 0.35982239
v -0.49557754 -0.30157214 0.36271191
v -0.47179481 -0.30217999 0.35982239
v -0.45758098 -0.29615605 0.36271191
v -0.21888931 -0.30858722 0.35982239
v -0.22166768 -0.30486083 0.36271191
v -0.24099144 -0.30388102 0.35982239
v -0.27232906 -0.30160162 0.35982239
v -0.26748678 -0.29889810 0.36271191
v -0.31679869 -0.29615605 0.35982239
v -0.32941583 -0.29615605 0.36271191
v -0.33728597 -0.29828349 0.35982239
v -0.33728597 -0.29828349 0.36271191
v -0.36789328 -0.29922470 0.35982239
v -0.21722458 -0.31275365 0.35982239
v -0.21667571 -0.31735548 0.36271191
v -0.23340257 -0.31750971 0.35982239
v -0.23370193 -0.32091632 0.36271191
v -0.25765026 -0.33054417 0.36271191
v -0.28070045 -0.32243139 0.35982239
v -0.29464892 -0.30561608 0.35982239
v -0.25987974 -0.32897469 0.35982239
v -0.30992648 -0.33163738 0.35982239
v -0.29329944 -0.33235180 0.36271191
v -0.32540366 -0.33310705 0.35982239
v -0.30992648 -0.33163738 0.36271191
v -0.33181089 -0.33695143 0.36271191
v 0.58612484 0.21601230 0.30710843
v 0.60472512 0.25983325 0.28133434
v 0.62881404 0.27730855 0.28133434
v 0.53363311 0.27755806 0.28133434
v 0.53030139 0.27948815 0.28928614
v 0.52838033 0.28281766 0.28133434
v 0.63073736 0.29190344 0.28133434
v 0.53747749 0.29190344 0.28133434
v 0.53184140 0.29117087 0.28133434
v 0.53555644 0.29217109 0.28928614
v 0.66238344 0.42126837 0.30710843
v 0.63599014 0.38625196 0.28133434
v 0.63252681 0.37788060 0.28133434
v 0.62881404 0.37689853 0.28928614
v 0.62689072 0.37714803 0.28133434
v 0.53555644 0.37689853 0.28928614
v 0.57885349 0.41244796 0.28133434
v 0.53555644 0.39176106 0.28133434
v 0.59914571 0.41055182 0.28133434
v 0.52837807 0.38625196 0.28928614
v 0.53030139 0.38958147 0.28928614
v 0.53363311 0.39149570 0.28928614
v 0.54081148 0.37906227 0.28928614
v 0.54298657 0.38432184 0.28928614
v 0.29143053 0.46031281 0.30710843
v 0.03032153 0.41707477 0.30710843
v 0.22234808 0.41146588 0.30710843
v 0.88348180 -0.58689940 0.24546514
v -0.27639115 0.48544505 0.32980481
v -0.39395541 0.42090321 0.33568811
v -0.65746176 0.48544505 0.32980481
v -0.54365790 0.47677431 0.33568811
v -0.27639115 0.40930218 0.32980481
v 0.39185748 -0.22933936 0.31519175
v 0.36781842 -0.21089330 0.31519175
v 0.46411747 -0.18191671 0.31519175
v 0.49749631 -0.15630592 0.31519175
v 0.50486070 -0.12882173 0.31519175
v 0.63524622 0.28101909 0.28133434
v 0.63624185 0.28473186 0.28133434
v 0.64475161 0.23407048 0.30710843
v 0.63252681 0.27830651 0.28133434
v 0.44988999 -0.01275210 0.33362871
v 0.50792480 -0.02830410 0.31519175
v 0.48875982 -0.08995193 0.31519175
v 0.39185748 -0.22933936 0.33362871
v 0.34937236 -0.18685426 0.33362871
v 0.33382037 -0.12882173 0.33362871
v 0.33777812 -0.09878143 0.33362871
v 0.34937236 -0.07078692 0.33362871
v 0.39923996 0.06020873 0.30710843
v 0.25198692 0.20732567 0.31204596
v 0.38743928 0.17100967 0.31204596
v 0.03032153 0.46340868 0.30710843
v -0.03064134 0.42048815 0.30710843
v 0.57735884 0.45285773 0.30710843
v 0.13655236 0.51743132 -0.06321390
v 0.09105077 0.51743132 -0.05102315
v 0.08414457 0.51743132 -0.05631677
v 0.08414457 0.51743132 -0.10341959
v 0.15387799 0.52157503 -0.10652681
v 0.13126101 0.51743132 -0.10341959
v 0.14101361 0.51743132 -0.07986818
v -0.35516047 -0.33061224 0.36271191
v -0.36712667 -0.32076210 0.35982239
v -0.36551410 -0.32316849 0.36271191
v -0.36106870 -0.32735756 0.35982239
v -0.33642182 -0.33031285 0.35982239
v -0.33776906 -0.33123368 0.35982239
v -0.35193303 -0.33166233 0.36271191
v -0.34853777 -0.33229282 0.35982239
v -0.38085744 -0.33258772 0.36271191
v -0.38248816 -0.33213863 0.36271191
v -0.42171630 -0.32505098 0.36271191
v -0.40077996 -0.33116335 0.36271191
v -0.40319318 -0.29615605 0.36271191
v -0.41852063 -0.31899756 0.35982239
v -0.45746529 -0.30838311 0.35982239
v -0.45357105 -0.31303713 0.36271191
v -0.48702249 -0.31212536 0.36271191
v -0.48542577 -0.30865526 0.35982239
v -0.50328213 -0.31129980 0.36271191
v -0.48291281 -0.30584967 0.35982239
v -0.50028831 -0.30602661 0.36271191
v -0.47963318 -0.30382204 0.35982239
v -0.49810645 -0.30366102 0.36271191
v -0.46896654 -0.30237275 0.35982239
v -0.41239691 -0.30734658 0.35982239
v -0.44553307 -0.31139505 0.36271191
v -0.23786154 -0.30601752 0.35982239
v -0.24465206 -0.30260408 0.35982239
v -0.24099144 -0.30388102 0.36271191
v -0.24859622 -0.30217999 0.35982239
v -0.27232906 -0.30160162 0.36271191
v -0.28739119 -0.29615605 0.36271191
v -0.28739119 -0.30202577 0.35979518
v -0.31679869 -0.30202577 0.35982239
v -0.33558947 -0.29615605 0.36271191
v -0.32423788 -0.31039032 0.35982239
v -0.34665751 -0.30276966 0.35982239
v -0.36789328 -0.29922470 0.36271191
v -0.37120464 -0.30179897 0.35982239
v -0.21722458 -0.31275365 0.36271191
v -0.23390152 -0.31286249 0.35982239
v -0.23340257 -0.31750971 0.36271191
v -0.25987974 -0.32897469 0.36271191
v -0.28070045 -0.32243139 0.36271191
v -0.26194367 -0.32668623 0.35982239
v -0.30954319 -0.32940111 0.35982239
v -0.29464892 -0.32909718 0.36271191
v -0.30954319 -0.30582926 0.35982239
v -0.29464892 -0.30561608 0.36271191
v -0.29434729 -0.33156025 0.36271191
v -0.34204659 -0.33235863 0.35982239
v -0.32345769 -0.33088440 0.36271191
v -0.34500864 -0.33250150 0.35982239
v -0.32811624 -0.33511430 0.36271191
v 0.39218858 0.21207723 0.30710843
v 0.58463013 0.25642210 0.28133434
v 0.63073736 0.27755806 0.28133434
v 0.53555644 0.27730855 0.28133434
v 0.53184140 0.27830651 0.28928614
v 0.52912199 0.28101909 0.28928614
v 0.52812630 0.28473186 0.28133434
v 0.63252681 0.29117087 0.28133434
v 0.63073736 0.29190344 0.28928614
v 0.62689072 0.29190344 0.28133434
v 0.53747749 0.29190344 0.28928614
v 0.53030139 0.28998920 0.28133434
v 0.53363311 0.29190344 0.28928614
v 0.63716048 0.43919274 0.30710843
v 0.63624185 0.38432184 0.28133434
v 0.63524622 0.38803467 0.28133434
v 0.63406688 0.37906227 0.28133434
v 0.63073736 0.37714803 0.28928614
v 0.62689072 0.37714803 0.28928614
v 0.53927374 0.37788060 0.28133434
v 0.53747976 0.37714803 0.28928614
v 0.53927374 0.37788060 0.28928614
v 0.62881404 0.39176106 0.28133434
v 0.54081148 0.38958147 0.28928614
v 0.54199314 0.38803467 0.28928614
v 0.53927374 0.39076313 0.28928614
v 0.53747976 0.39149570 0.28928614
v 0.53555644 0.39176106 0.28928614
v 0.54081148 0.37906227 0.28133434
v 0.54199314 0.38061133 0.28133434
v 0.54273480 0.38240761 0.28133434
v 0.54273480 0.38625196 0.28928614
v 0.27430677 0.42799315 0.30710843
v 0.25901106 0.41699311 0.30710843
v 0.02691038 0.42048815 0.30710843
v 0.89019752 -0.58689940 -0.19350646
v -0.39395541 0.47677431 0.33568811
v -0.54365790 0.42090321 0.33568811
v -0.65746176 0.40930218 0.32980481
v 0.34937236 -0.18685426 0.31519175
v 0.44988999 -0.18379243 0.31519175
v 0.47737420 -0.17642578 0.31519175
v 0.48875982 -0.16769154 0.31519175
v 0.50298727 -0.14304693 0.31519175
v 0.50298727 -0.11459427 0.31519175
v 0.63406688 0.27948815 0.28133434
v 0.63599014 0.28281766 0.28928614
v 0.63599014 0.28666198 0.28133434
v 0.63624185 0.28473186 0.28928614
v 0.61662781 0.22118117 0.30710843
v 0.41984969 -0.01670758 0.33362871
v 0.47993028 -0.01670758 0.31519175
v 0.34937236 -0.07078692 0.31519175
v 0.49749631 -0.10133751 0.31519175
v 0.47737420 -0.08121540 0.31519175
v 0.33777812 -0.15886202 0.31519175
v 0.36781842 -0.04674788 0.33362871
v 0.39185748 -0.02830410 0.33362871
v 0.38743928 0.20732567 0.31204596
v 0.39218858 0.16626038 0.30710843
v -0.03064134 0.45999756 0.30710843
v 0.60815889 0.44996142 0.30710843
v 0.25251994 0.46559054 0.30710843
v 0.13988185 0.51743132 -0.07124732
v 0.13655236 0.51743132 -0.09652247
v 0.13988185 0.51743132 -0.08848904
v -0.35825634 -0.32914254 0.36271191
v -0.36551410 -0.32316849 0.35982239
v -0.36348191 -0.32536849 0.36271191
v -0.36348191 -0.32536849 0.35982239
v -0.33533996 -0.32818541 0.35982239
v -0.33560535 -0.32926500 0.35982239
v -0.33963338 -0.33192542 0.35982239
v -0.34853777 -0.33229282 0.36271191
v -0.38370386 -0.33102730 0.36271191
v -0.40339276 -0.32505098 0.35979518
v -0.38510096 -0.32891345 0.35982239
v -0.40159419 -0.32891345 0.36271191
v -0.41239691 -0.30734658 0.36271191
v -0.46112594 -0.30531213 0.35982239
v -0.48542577 -0.30865526 0.36271191
v -0.50203466 -0.30859402 0.36271191
v -0.46625170 -0.30296016 0.35982239
v -0.47963318 -0.30382204 0.36271191
v -0.47585464 -0.30258825 0.36271191
v -0.47179481 -0.30217999 0.36271191
v -0.40655440 -0.31899756 0.35982239
v -0.45746529 -0.30838311 0.36271191
v -0.21888931 -0.30858722 0.36271191
v -0.23544835 -0.30902267 0.35982239
v -0.24465206 -0.30260408 0.36271191
v -0.25477210 -0.30308264 0.35982239
v -0.23786154 -0.30601752 0.36271191
v -0.25185993 -0.30240452 0.35982239
v -0.24859622 -0.30217999 0.36271191
v -0.31679869 -0.29615605 0.36271191
v -0.28739119 -0.30202577 0.36271191
v -0.29007199 -0.30202577 0.35979518
v -0.31679869 -0.30202577 0.36271191
v -0.31410426 -0.30202577 0.35982239
v -0.32423788 -0.31039032 0.36271191
v -0.33658740 -0.30758929 0.35982239
v -0.34141383 -0.30454099 0.35982239
v -0.35223240 -0.30217999 0.35982239
v -0.37320277 -0.30477691 0.35982239
v -0.23390152 -0.31286249 0.36271191
v -0.26194367 -0.32668623 0.36271191
v -0.28134909 -0.31747794 0.35982239
v -0.26344284 -0.32402354 0.35982239
v -0.30992648 -0.30322781 0.35982239
v -0.29428148 -0.30322781 0.36271191
v -0.32540366 -0.33310705 0.36271191
v -0.32229191 -0.32845077 0.36271191
v -0.32229191 -0.32845077 0.35982239
v 0.62881404 0.27730855 0.28928614
v 0.62689072 0.27755806 0.28133434
v 0.53363311 0.27755806 0.28928614
v 0.54081148 0.27948815 0.28928614
v 0.54199088 0.28101909 0.28928614
v 0.52838033 0.28281766 0.28928614
v 0.52838033 0.28666198 0.28133434
v 0.63406688 0.28998920 0.28133434
v 0.63252681 0.29117087 0.28928614
v 0.62881404 0.29217109 0.28928614
v 0.53927147 0.29117087 0.28133434
v 0.53927147 0.29117087 0.28928614
v 0.52912199 0.28844240 0.28133434
v 0.53184140 0.29117087 0.28928614
v 0.63599014 0.38240761 0.28133434
v 0.63599014 0.38625196 0.28928614
v 0.63406688 0.38958147 0.28133434
v 0.63524622 0.38803467 0.28928614
v 0.63524622 0.38061133 0.28133434
v 0.63252681 0.37788060 0.28928614
v 0.62509894 0.37788060 0.28928614
v 0.62509894 0.37788060 0.28133434
v 0.53747976 0.39149570 0.28133434
v 0.54298657 0.38432184 0.28133434
v 0.27172574 0.42381537 0.30710843
v 0.27571979 0.43271974 0.30710843
v 0.22234808 0.46031281 0.30710843
v 0.26380345 0.41810670 0.30710843
v 0.25408489 0.41714278 0.30710843
v 0.89061481 -0.58689940 0.23100407
v -0.27639115 0.48544505 0.35477600
v -0.65693104 0.48774031 0.32980481
v -0.37335247 0.43494922 0.33568811
v -0.43686235 0.42736033 0.32980481
v -0.29521367 0.48544505 0.33568811
v -0.50228417 0.47033304 0.32980481
v -0.63863927 0.40930218 0.33568811
v -0.65736192 0.40680730 0.32980481
v 0.44988999 -0.18379243 0.33362871
v 0.46411747 -0.18191671 0.33362871
v 0.49749631 -0.15630592 0.33362871
v 0.50298727 -0.14304693 0.33362871
v 0.50486070 -0.12882173 0.33362871
v 0.50298727 -0.11459427 0.33362871
v 0.63524622 0.28101909 0.28928614
v 0.63524622 0.28844240 0.28133434
v 0.63599014 0.28666198 0.28928614
v 0.63073736 0.27755806 0.28928614
v 0.63252681 0.27830651 0.28928614
v 0.44988999 -0.01275210 0.31519175
v 0.36781842 -0.04674788 0.31519175
v 0.39185748 -0.02830410 0.31519175
v 0.44988999 -0.07385105 0.31519175
v 0.48875982 -0.08995193 0.33362871
v 0.46411747 -0.07572673 0.31519175
v 0.33382037 -0.12882173 0.31519175
v 0.33777812 -0.09878143 0.31519175
v 0.02691038 0.45999756 0.30710843
v 0.01126539 0.44074184 0.30710843
v -0.01308438 0.43122283 0.30710843
v 0.26481956 0.46559054 0.30710843
v -0.36106870 -0.32735756 0.36271191
v -0.34673917 -0.32246768 0.35982239
v -0.36900914 -0.31605136 0.35982239
v -0.33595464 -0.32648891 0.35982239
v -0.33642182 -0.33031285 0.36271191
v -0.33776906 -0.33123368 0.36271191
v -0.34500864 -0.33250150 0.36271191
v -0.41852063 -0.31899756 0.36271191
v -0.38510096 -0.32891345 0.36271191
v -0.40655440 -0.31899756 0.36271191
v -0.40339276 -0.32505098 0.36271191
v -0.46112594 -0.30531213 0.36271191
v -0.46363890 -0.30394226 0.35982239
v -0.48291281 -0.30584967 0.36271191
v -0.46896654 -0.30237275 0.36271191
v -0.23544835 -0.30902267 0.36271191
v -0.25731686 -0.30421442 0.35982239
v -0.25185993 -0.30240452 0.36271191
v -0.29314974 -0.30231607 0.35979518
v -0.27627319 -0.30490845 0.35982239
v -0.29007199 -0.30202577 0.36271191
v -0.31115803 -0.30226842 0.35982239
v -0.34665751 -0.30276966 0.36271191
v -0.33658740 -0.30758929 0.36271191
v -0.33230987 -0.31200287 0.36271191
v -0.33144572 -0.31531423 0.35982239
v -0.33230987 -0.31200287 0.35982239
v -0.35968748 -0.30437091 0.35982239
v -0.35556191 -0.30244535 0.35982239
v -0.35223240 -0.30217999 0.36271191
v -0.37120464 -0.30179897 0.36271191
v -0.37386730 -0.30802020 0.35982239
v -0.37320277 -0.30477691 0.36271191
v -0.26344284 -0.32402354 0.36271191
v -0.28134909 -0.31747794 0.36271191
v -0.26432514 -0.32098439 0.35982239
v -0.28078437 -0.31284660 0.35982239
v -0.30954319 -0.32940111 0.36271191
v -0.30954319 -0.30582926 0.36271191
v -0.29428148 -0.30322781 0.35979518
v -0.30992648 -0.30322781 0.36271191
v -0.34204659 -0.33235863 0.36271191
v -0.33963338 -0.33192542 0.36271191
v 0.62689072 0.27755806 0.28928614
v 0.53747749 0.27755806 0.28133434
v 0.53555644 0.27730855 0.28928614
v 0.53927147 0.27830651 0.28928614
v 0.54273254 0.28281766 0.28928614
v 0.52812630 0.28473186 0.28928614
v 0.63406688 0.28998920 0.28928614
v 0.62689072 0.29190344 0.28928614
v 0.62509894 0.29117087 0.28928614
v 0.62509894 0.29117087 0.28133434
v 0.52912199 0.28844240 0.28928614
v 0.53030139 0.28998920 0.28928614
v 0.63073736 0.39149570 0.28133434
v 0.63624185 0.38432184 0.28928614
v 0.63252681 0.39076313 0.28133434
v 0.63406688 0.38958147 0.28928614
v 0.63524622 0.38061133 0.28928614
v 0.63406688 0.37906227 0.28928614
v 0.62689072 0.39149570 0.28133434
v 0.54199314 0.38803467 0.28133434
v 0.53927374 0.39076313 0.28133434
v 0.54273480 0.38625196 0.28133434
v 0.62355894 0.37906227 0.28133434
v 0.62237960 0.38061133 0.28133434
v 0.62163568 0.38240761 0.28133434
v 0.26813090 0.42043826 0.30710843
v 0.24181928 0.42473167 0.30710843
v 0.27586949 0.43763006 0.30710843
v 0.23948999 0.42905912 0.30710843
v 0.24937414 0.41855580 0.30710843
v 0.89561129 -0.58689940 -0.17755754
v -0.65746176 0.40930218 0.35477600
v -0.63863927 0.48544505 0.33568811
v -0.50228417 0.42736033 0.32980481
v -0.27639115 0.40930218 0.35477600
v -0.27647281 0.48793989 0.35477600
v -0.65746176 0.48544505 0.35477600
v -0.27647281 0.48793989 0.32980481
v -0.37212092 0.43335253 0.33568811
v -0.37413493 0.43682945 0.33568811
v -0.43686235 0.47033304 0.32980481
v -0.36644626 0.47554275 0.33568811
v -0.29521367 0.40930218 0.33568811
v -0.27642289 0.40678915 0.32980481
v -0.65736192 0.40680730 0.35477600
v 0.43566480 -0.18191671 0.31519175
v 0.43566480 -0.18191671 0.33362871
v 0.47737420 -0.17642578 0.33362871
v 0.48875982 -0.16769154 0.33362871
v 0.49749631 -0.10133751 0.33362871
v 0.63406688 0.27948815 0.28928614
v 0.62237960 0.28101909 0.28928614
v 0.62163568 0.28281766 0.28928614
v 0.63524622 0.28844240 0.28928614
v 0.62138391 0.28473186 0.28928614
v 0.41984969 -0.01670758 0.31519175
v 0.43566480 -0.07572673 0.31519175
v 0.47737420 -0.08121540 0.33362871
v 0.40228593 -0.15630592 0.31519175
v -0.01308438 0.45024496 0.30710843
v 0.26841441 0.46031281 0.30710843
v 0.24867558 0.46031281 0.30710843
v -0.34134805 -0.32375363 0.35982239
v -0.35680932 -0.32040375 0.35982239
v -0.36646214 -0.31739405 0.35982239
v -0.37092111 -0.31448868 0.35982239
v -0.33783710 -0.32505324 0.35982239
v -0.33560535 -0.32926500 0.36271191
v -0.33533996 -0.32818541 0.36271191
v -0.32190859 -0.32580170 0.35982239
v -0.46363890 -0.30394226 0.36271191
v -0.46625170 -0.30296016 0.36271191
v -0.25953045 -0.30579752 0.36271191
v -0.25731686 -0.30421442 0.36271191
v -0.25477210 -0.30308264 0.36271191
v -0.27627319 -0.30490845 0.36271191
v -0.31410426 -0.30202577 0.36271191
v -0.29314974 -0.30231607 0.36271191
v -0.34141383 -0.30454099 0.36271191
v -0.32836571 -0.31668866 0.35982239
v -0.35128433 -0.31067383 0.35982239
v -0.35973737 -0.30705628 0.35982239
v -0.36022046 -0.30561835 0.35982239
v -0.35809076 -0.30324370 0.35982239
v -0.35556191 -0.30244535 0.36271191
v -0.37351805 -0.31033817 0.35982239
v -0.37386730 -0.30802020 0.36271191
v -0.26432514 -0.32098439 0.36271191
v -0.26462451 -0.31756869 0.35982239
v -0.26430699 -0.31413034 0.35982239
v -0.27908558 -0.30865526 0.35982239
v -0.32190859 -0.32580170 0.36271191
v 0.62509894 0.27830651 0.28133434
v 0.62509894 0.27830651 0.28928614
v 0.53747749 0.27755806 0.28928614
v 0.54081148 0.27948815 0.28133434
v 0.54199088 0.28101909 0.28133434
v 0.54298657 0.28473186 0.28928614
v 0.52838033 0.28666198 0.28928614
v 0.62355894 0.28998920 0.28928614
v 0.54081148 0.28998920 0.28133434
v 0.54081148 0.28998920 0.28928614
v 0.63073736 0.39149570 0.28928614
v 0.63599014 0.38240761 0.28928614
v 0.62138391 0.38432184 0.28928614
v 0.62163568 0.38625196 0.28928614
v 0.62237960 0.38803467 0.28928614
v 0.62355894 0.37906227 0.28928614
v 0.62881404 0.39176106 0.28928614
v 0.54081148 0.38958147 0.28133434
v 0.62138391 0.38432184 0.28133434
v 0.62163568 0.38625196 0.28133434
v 0.24519865 0.42113680 0.30710843
v 0.27475587 0.44242245 0.30710843
v 0.23835824 0.43385151 0.30710843
v 0.89579731 -0.58689940 0.21573330
v -0.29521367 0.40930218 0.35477600
v -0.29521367 0.48544505 0.35477600
v -0.65693104 0.48774031 0.35477600
v -0.65616447 0.48997208 0.32980481
v -0.37052193 0.43212098 0.33568811
v -0.37212092 0.43335253 0.33425468
v -0.37335247 0.43494922 0.33425468
v -0.37440029 0.43882760 0.33568811
v -0.43686235 0.47033304 0.31526887
v -0.31362116 0.47554275 0.33568811
v -0.36844215 0.47527513 0.33568811
v -0.63863927 0.48544505 0.35477600
v -0.50228417 0.42736033 0.31526887
v -0.31382072 0.43107313 0.33568811
v -0.65694690 0.40436006 0.32980481
v -0.65694690 0.40436006 0.35477600
v 0.41102019 -0.16769154 0.33362871
v 0.40228593 -0.15630592 0.33362871
v 0.39679500 -0.14304693 0.33362871
v 0.39492160 -0.12882173 0.33362871
v 0.39679500 -0.11459427 0.33362871
v 0.62355894 0.27948815 0.28928614
v 0.62163568 0.28666198 0.28928614
v 0.42240578 -0.08121540 0.31519175
v 0.44988999 -0.07385105 0.33362871
v 0.46411747 -0.07572673 0.33362871
v 0.40228593 -0.10133751 0.33362871
v 0.41102019 -0.08995193 0.33362871
v 0.42240578 -0.17642578 0.31519175
v 0.41102019 -0.16769154 0.31519175
v 0.39679500 -0.14304693 0.31519175
v 0.39679500 -0.11459427 0.31519175
v 0.41102019 -0.08995193 0.31519175
v -0.34673917 -0.32246768 0.36271191
v -0.32215807 -0.32370600 0.35979518
v -0.35680932 -0.32040375 0.36271191
v -0.32292467 -0.32174641 0.35979518
v -0.36301696 -0.31868455 0.35982239
v -0.36900914 -0.31605136 0.36271191
v -0.37092111 -0.31448868 0.36271191
v -0.37248605 -0.31253815 0.35982239
v -0.33783710 -0.32505324 0.36271191
v -0.33595464 -0.32648891 0.36271191
v -0.26176226 -0.30824247 0.35979518
v -0.26176226 -0.30824247 0.36271191
v -0.27908558 -0.30865526 0.36271191
v -0.31115803 -0.30226842 0.36271191
v -0.32597065 -0.31822190 0.35982239
v -0.32836571 -0.31668866 0.36271191
v -0.33969915 -0.31304848 0.35982239
v -0.35557780 -0.30960104 0.35982239
v -0.35827449 -0.30838990 0.35982239
v -0.35968748 -0.30437091 0.36271191
v -0.35809076 -0.30324370 0.36271191
v -0.37351805 -0.31033817 0.36271191
v -0.35973737 -0.30705628 0.36271191
v -0.26462451 -0.31756869 0.36271191
v -0.28078437 -0.31284660 0.36271191
v -0.26334304 -0.31102082 0.35979518
v 0.53927147 0.27830651 0.28133434
v 0.54273254 0.28281766 0.28133434
v 0.54273254 0.28666198 0.28928614
v 0.62237960 0.28844240 0.28928614
v 0.62355894 0.28998920 0.28133434
v 0.54199088 0.28844240 0.28928614
v 0.63252681 0.39076313 0.28928614
v 0.62163568 0.38240761 0.28928614
v 0.62355894 0.38958147 0.28928614
v 0.62237960 0.38061133 0.28928614
v 0.62509894 0.39076313 0.28133434
v 0.62689072 0.39149570 0.28928614
v 0.62355894 0.38958147 0.28133434
v 0.62237960 0.38803467 0.28133434
v 0.27242658 0.44676578 0.30710843
v 0.23850793 0.43877769 0.30710843
v 0.89889771 -0.58689940 -0.16103707
v -0.27642289 0.40678915 0.35477600
v -0.27689013 0.49038711 0.35477600
v -0.27689013 0.49038711 0.32980481
v -0.36864173 0.43133849 0.33568811
v -0.37413493 0.43682945 0.33425468
v -0.37413493 0.44084162 0.33568811
v -0.43686235 0.42736033 0.31526887
v -0.31160712 0.47527513 0.33568811
v -0.31362116 0.47554275 0.33425468
v -0.37032235 0.47451079 0.33568811
v -0.36644626 0.47554275 0.33425468
v -0.50228417 0.47033304 0.31526887
v -0.63863927 0.40930218 0.35477600
v -0.31180671 0.43133849 0.33568811
v -0.36662769 0.43107313 0.33568811
v -0.27680621 0.40432602 0.32980481
v 0.42240578 -0.17642578 0.33362871
v 0.62237960 0.28101909 0.28133434
v 0.62163568 0.28281766 0.28133434
v 0.62138391 0.28473186 0.28133434
v 0.62163568 0.28666198 0.28133434
v 0.43566480 -0.07572673 0.33362871
v 0.42240578 -0.08121540 0.33362871
v 0.39492160 -0.12882173 0.31519175
v 0.40228593 -0.10133751 0.31519175
v -0.34134805 -0.32375363 0.36271191
v -0.36301696 -0.31868455 0.36271191
v -0.32418799 -0.31991610 0.35979518
v -0.36646214 -0.31739405 0.36271191
v -0.32597065 -0.31822190 0.36271191
v -0.33144572 -0.31531423 0.36271191
v -0.33969915 -0.31304848 0.36271191
v -0.35128433 -0.31067383 0.36271191
v -0.35827449 -0.30838990 0.36271191
v -0.36022046 -0.30561835 0.36271191
v -0.37248605 -0.31253815 0.36271191
v -0.35557780 -0.30960104 0.36271191
v -0.26430699 -0.31413034 0.36271191
v -0.26334304 -0.31102082 0.36271191
v -0.32215807 -0.32370600 0.36271191
v 0.62355894 0.27948815 0.28133434
v 0.54298657 0.28473186 0.28133434
v 0.54199088 0.28844240 0.28133434
v 0.62509894 0.39076313 0.28928614
v 0.25523251 0.45450434 0.30710843
v 0.26904720 0.45034471 0.30710843
v 0.23992093 0.44348842 0.30710843
v 0.89894533 -0.58689940 0.19991595
v -0.65616447 0.48997208 0.35477600
v -0.65516651 0.49211764 0.32980481
v -0.37052193 0.43212098 0.33425468
v -0.37140420 0.43406695 0.33425468
v -0.37248605 0.43546635 0.33425468
v -0.37440029 0.43882760 0.33425468
v -0.37335247 0.44272184 0.33568811
v -0.30974281 0.47451079 0.33568811
v -0.31160712 0.47527513 0.33425468
v -0.37192133 0.47327924 0.33568811
v -0.36844215 0.47527513 0.33425468
v -0.30992648 0.43212098 0.33568811
v -0.31382072 0.43107313 0.33425468
v -0.36662769 0.43107313 0.33425468
v -0.30631348 0.43682945 0.33568811
v -0.65619844 0.40199676 0.32980481
v -0.65619844 0.40199676 0.35477600
v -0.27680621 0.40432602 0.35477600
v 0.62237960 0.28844240 0.28133434
v -0.32292467 -0.32174641 0.36271191
v -0.32418799 -0.31991610 0.36271191
v 0.54273254 0.28666198 0.28133434
v 0.25044012 0.45337260 0.30710843
v 0.26014283 0.45435464 0.30710843
v 0.26485357 0.45294166 0.30710843
v 0.24251783 0.44766390 0.30710843
v 0.89999998 -0.58689940 -0.14423312
v -0.27763858 0.49276632 0.35477600
v -0.65516651 0.49211764 0.35477600
v -0.27763858 0.49276632 0.32980481
v -0.36864173 0.43133849 0.33425468
v -0.36837637 0.43232056 0.33425468
v -0.37000710 0.43298510 0.33425468
v -0.37315285 0.43708119 0.33425468
v -0.37413493 0.44084162 0.33425468
v -0.37212092 0.44432080 0.33568811
v -0.30812794 0.47327924 0.33568811
v -0.30974281 0.47451079 0.33425468
v -0.37316874 0.47166440 0.33568811
v -0.37032235 0.47451079 0.33425468
v -0.30832753 0.43335253 0.33568811
v -0.31180671 0.43133849 0.33425468
v -0.30709594 0.43494922 0.33568811
v -0.30604813 0.43882760 0.33568811
v -0.27753878 0.40193099 0.32980481
v 0.24609680 0.45104331 0.30710843
v 0.89999998 -0.58689940 0.18382643
v 0.70091295 0.54682297 -0.17267445
v 0.67727768 0.54682297 -0.23520452
v 0.69985837 0.54682297 -0.13898033
v -0.65396899 0.49414754 0.32980481
v -0.36656192 0.43207106 0.33425468
v -0.37140420 0.43406695 0.33568811
v -0.37248605 0.43546635 0.33568811
v -0.37338421 0.43882760 0.33425468
v -0.37315285 0.44059211 0.33425468
v -0.37335247 0.44272184 0.33425468
v -0.37052193 0.44555235 0.33568811
v -0.30689639 0.47166440 0.33568811
v -0.30812794 0.47327924 0.33425468
v -0.31368694 0.47452667 0.33425468
v -0.36637822 0.47452667 0.33425468
v -0.37393537 0.46978420 0.33568811
v -0.37316874 0.47166440 0.33425468
v -0.37192133 0.47327924 0.33425468
v -0.30992648 0.43212098 0.33425468
v -0.30631348 0.43682945 0.33425468
v -0.30631348 0.44084162 0.33568811
v -0.30604813 0.43882760 0.33425468
v -0.65513247 0.39974913 0.32980481
v -0.65513247 0.39974913 0.35477600
v -0.27753878 0.40193099 0.35477600
v 0.65419573 0.54682297 -0.25977427
v 0.62554348 0.54682297 -0.27753764
v 0.59326923 0.54682297 -0.28727663
v 0.69321072 0.54682297 -0.20549536
v 0.67235827 0.54682297 -0.07805149
v 0.64778399 0.54682297 -0.05497182
v 0.69011939 0.54682297 -0.10670599
v -0.27870455 0.49501395 0.35477600
v -0.65396899 0.49414754 0.35477600
v -0.27870455 0.49501395 0.32980481
v -0.31387064 0.43207106 0.33425468
v -0.36837637 0.43232056 0.33568811
v -0.37000710 0.43298510 0.33568811
v -0.37315285 0.43708119 0.33568811
v -0.37248605 0.44220698 0.33425468
v -0.37212092 0.44432080 0.33425468
v -0.37052193 0.44555235 0.33425468
v -0.36864173 0.44633257 0.33568811
v -0.30611390 0.46978420 0.33568811
v -0.31024173 0.47362852 0.33425468
v -0.31187248 0.47429305 0.33425468
v -0.37420070 0.46778604 0.33568811
v -0.37393537 0.46978420 0.33425468
v -0.36980751 0.47362852 0.33425468
v -0.36819264 0.47429305 0.33425468
v -0.30709594 0.43494922 0.33425468
v -0.30832753 0.43335253 0.33425468
v -0.30709594 0.44272184 0.33568811
v -0.30631348 0.44084162 0.33425468
v -0.27858660 0.39966747 0.32980481
v 0.52675414 0.54682297 -0.28063124
v 0.55957282 0.54682297 -0.28833354
v 0.70091295 0.56035417 -0.17267445
v 0.69321072 0.56035417 -0.20549536
v 0.67727768 0.56035417 -0.23520452
v 0.61807710 0.54682297 -0.03903652
v 0.69985837 0.56035417 -0.13898033
v 0.69011939 0.56035417 -0.10670599
v -0.65258545 0.49604592 0.32980481
v -0.36656192 0.43207106 0.33568811
v -0.30904421 0.43406695 0.33568811
v -0.30796236 0.43546635 0.33568811
v -0.30729556 0.43708119 0.33568811
v -0.37338421 0.43882760 0.33568811
v -0.37315285 0.44059211 0.33568811
v -0.37140420 0.44360411 0.33425468
v -0.36864173 0.44633257 0.33425468
v -0.36662769 0.44660020 0.33568811
v -0.30584857 0.46778604 0.33568811
v -0.30689639 0.47166440 0.33425468
v -0.30884463 0.47254667 0.33425468
v -0.31187248 0.47429305 0.33568811
v -0.31368694 0.47452667 0.33568811
v -0.37393537 0.46577200 0.33568811
v -0.37420070 0.46778604 0.33425468
v -0.37120464 0.47254667 0.33425468
v -0.37228650 0.47114727 0.33425468
v -0.36637822 0.47452667 0.33568811
v -0.31207207 0.43232056 0.33425468
v -0.30796236 0.43546635 0.33425468
v -0.30729556 0.43708119 0.33425468
v -0.30832753 0.44432080 0.33568811
v -0.30709594 0.44272184 0.33425468
v -0.30706424 0.43882760 0.33425468
v -0.65376711 0.39768746 0.32980481
v -0.65376711 0.39768746 0.35477600
v -0.27858660 0.39966747 0.35477600
v 0.49704728 0.54682297 -0.26469594
v 0.62554348 0.56035417 -0.27753764
v 0.59326923 0.56035417 -0.28727663
v 0.55957282 0.56035417 -0.28833354
v 0.65419573 0.56035417 -0.25977427
v 0.67235827 0.56035417 -0.07805149
v 0.64778399 0.56035417 -0.05497182
v 0.58525616 0.54682297 -0.03133423
v -0.28006765 0.49709374 0.35477600
v -0.65258545 0.49604592 0.35477600
v -0.28006765 0.49709374 0.32980481
v -0.31387064 0.43207106 0.33568811
v -0.31207207 0.43232056 0.33568811
v -0.31044134 0.43298510 0.33568811
v -0.30706424 0.43882760 0.33568811
v -0.37248605 0.44220698 0.33568811
v -0.37000710 0.44468597 0.33425468
v -0.36656192 0.44560227 0.33425468
v -0.36662769 0.44660020 0.33425468
v -0.37032235 0.46106353 0.33568811
v -0.30611390 0.46577200 0.33568811
v -0.30611390 0.46978420 0.33425468
v -0.30884463 0.47254667 0.33568811
v -0.31024173 0.47362852 0.33568811
v -0.37316874 0.46390766 0.33568811
v -0.37393537 0.46577200 0.33425468
v -0.37295330 0.46953470 0.33425468
v -0.36980751 0.47362852 0.33568811
v -0.36819264 0.47429305 0.33568811
v -0.30904421 0.43406695 0.33425468
v -0.31044134 0.43298510 0.33425468
v -0.30992648 0.44555235 0.33568811
v -0.30832753 0.44432080 0.33425468
v -0.30796236 0.44220698 0.33425468
v -0.30729556 0.44059211 0.33425468
v -0.27995199 0.39755368 0.32980481
v 0.47247294 0.54682297 -0.24161629
v 0.52675414 0.56035417 -0.28063124
v 0.49704728 0.56035417 -0.26469594
v 0.61807710 0.56035417 -0.03903652
v 0.45471188 0.54682297 -0.21296175
v 0.44391820 0.54682297 -0.14699332
v 0.51928544 0.54682297 -0.04213239
v 0.49063322 0.54682297 -0.05989349
v 0.46755356 0.54682297 -0.08446325
v 0.45162052 0.54682297 -0.11417241
v 0.55155981 0.54682297 -0.03239113
v -0.65100461 0.49781045 0.32980481
v -0.30729556 0.44059211 0.33568811
v -0.30796236 0.44220698 0.33568811
v -0.37140420 0.44360411 0.33568811
v -0.37000710 0.44468597 0.33568811
v -0.36837637 0.44535276 0.33425468
v -0.31180671 0.44633257 0.33425468
v -0.31382072 0.44660020 0.33425468
v -0.36844215 0.46028104 0.33568811
v -0.37192133 0.46229509 0.33568811
v -0.30689639 0.46390766 0.33568811
v -0.30584857 0.46778604 0.33425468
v -0.30777866 0.47114727 0.33425468
v -0.37316874 0.46390766 0.33425468
v -0.37295330 0.46603963 0.33425468
v -0.37318462 0.46778604 0.33425468
v -0.37228650 0.47114727 0.33568811
v -0.37295330 0.46953470 0.33568811
v -0.37120464 0.47254667 0.33568811
v -0.31180671 0.44633257 0.33568811
v -0.30904421 0.44360411 0.33425468
v -0.65213639 0.39580497 0.32980481
v -0.65213639 0.39580497 0.35477600
v -0.27995199 0.39755368 0.35477600
v 0.47247294 0.56035417 -0.24161629
v 0.58525616 0.56035417 -0.03133423
v 0.55155981 0.56035417 -0.03239113
v 0.44497287 0.54682297 -0.18068747
v -0.28170067 0.49895808 0.35477600
v -0.65100461 0.49781045 0.35477600
v -0.28170067 0.49895808 0.32980481
v -0.30904421 0.44360411 0.33568811
v -0.36837637 0.44535276 0.33568811
v -0.36656192 0.44560227 0.33568811
v -0.31387064 0.44560227 0.33425468
v -0.31382072 0.44660020 0.33568811
v -0.36644626 0.46001345 0.33568811
v -0.37032235 0.46106353 0.33425468
v -0.37192133 0.46229509 0.33425468
v -0.30611390 0.46577200 0.33425468
v -0.30688050 0.46778604 0.33425468
v -0.30709594 0.46953470 0.33425468
v -0.30777866 0.47114727 0.33568811
v -0.37228650 0.46440893 0.33425468
v -0.37318462 0.46778604 0.33568811
v -0.30992648 0.44555235 0.33425468
v -0.31044134 0.44468597 0.33425468
v -0.28158271 0.39567342 0.32980481
v 0.51928544 0.56035417 -0.04213239
v 0.49063322 0.56035417 -0.05989349
v 0.45471188 0.56035417 -0.21296175
v 0.44497287 0.56035417 -0.18068747
v 0.46755356 0.56035417 -0.08446325
v 0.45162052 0.56035417 -0.11417241
v 0.44391820 0.56035417 -0.14699332
v -0.64924240 0.49939129 0.32980481
v -0.31044134 0.44468597 0.33568811
v -0.31207207 0.44535276 0.33568811
v -0.31387064 0.44560227 0.33568811
v -0.31160712 0.46028104 0.33568811
v -0.31362116 0.46001345 0.33568811
v -0.36844215 0.46028104 0.33425468
v -0.30812794 0.46229509 0.33568811
v -0.30689639 0.46390766 0.33425468
v -0.30709594 0.46603963 0.33425468
v -0.37120464 0.46300951 0.33425468
v -0.37228650 0.46440893 0.33568811
v -0.37295330 0.46603963 0.33568811
v -0.30709594 0.46953470 0.33568811
v -0.65025616 0.39417428 0.32980481
v -0.28158271 0.39567342 0.35477600
v -0.28356272 0.50060695 0.32980481
v -0.64924240 0.49939129 0.35477600
v -0.31207207 0.44535276 0.33425468
v -0.30974281 0.46106353 0.33568811
v -0.36644626 0.46001345 0.33425468
v -0.36637822 0.46102950 0.33425468
v -0.36819264 0.46126315 0.33425468
v -0.30777866 0.46440893 0.33425468
v -0.30688050 0.46778604 0.33568811
v -0.36980751 0.46194354 0.33425468
v -0.37120464 0.46300951 0.33568811
v -0.28348106 0.39402458 0.32980481
v -0.65025616 0.39417428 0.35477600
v -0.28348106 0.39402458 0.35477600
v -0.28356272 0.50060695 0.35477600
v -0.64734405 0.50078839 0.35477600
v -0.64734405 0.50078839 0.32980481
v -0.31160712 0.46028104 0.33425468
v -0.31362116 0.46001345 0.33425468
v -0.31368694 0.46102950 0.33425468
v -0.30812794 0.46229509 0.33425468
v -0.30974281 0.46106353 0.33425468
v -0.30884463 0.46300951 0.33425468
v -0.30709594 0.46603963 0.33568811
v -0.30777866 0.46440893 0.33568811
v -0.64817637 0.39281118 0.32980481
v -0.28564477 0.50195420 0.32980481
v -0.36637822 0.46102950 0.33568811
v -0.36819264 0.46126315 0.33568811
v -0.36980751 0.46194354 0.33568811
v -0.30884463 0.46300951 0.33568811
v -0.28557676 0.39267737 0.32980481
v -0.28557676 0.39267737 0.35477600
v -0.64817637 0.39281118 0.35477600
v -0.28564477 0.50195420 0.35477600
v -0.64531410 0.50197005 0.35477600
v -0.64531410 0.50197005 0.32980481
v -0.31187248 0.46126315 0.33425468
v -0.31368694 0.46102950 0.33568811
v -0.31024173 0.46194354 0.33425468
v -0.64594686 0.39174518 0.32980481
v -0.28789017 0.50302017 0.32980481
v -0.31187248 0.46126315 0.33568811
v -0.31024173 0.46194354 0.33568811
v -0.28784025 0.39161137 0.32980481
v -0.28784025 0.39161137 0.35477600
v -0.64594686 0.39174518 0.35477600
v -0.28789017 0.50302017 0.35477600
v -0.64316624 0.50297022 0.35477600
v -0.64316624 0.50297022 0.32980481
v -0.64356542 0.39099672 0.32980481
v -0.29027161 0.50376862 0.32980481
v -0.64093673 0.50373459 0.32980481
v -0.29023758 0.39089695 0.32980481
v -0.29023758 0.39089695 0.35477600
v -0.64356542 0.39099672 0.35477600
v -0.29027161 0.50376862 0.35477600
v -0.64093673 0.50373459 0.35477600
v -0.64112049 0.39056352 0.32980481
v -0.29271653 0.50418365 0.32980481
v -0.63863927 0.50426757 0.32980481
v -0.63863927 0.50426757 0.35477600
v -0.29270068 0.39051366 0.32980481
v -0.29270068 0.39051366 0.35477600
v -0.64112049 0.39056352 0.35477600
v -0.29271653 0.50418365 0.35477600
v -0.29521367 0.39047962 0.32980481
v -0.63863927 0.39047962 0.32980481
v -0.29521367 0.50426757 0.32980481
v -0.29521367 0.50426757 0.35477600
v -0.29521367 0.39047962 0.35477600
v -0.63863927 0.39047962 0.35477600
v -0.44180441 0.28671187 -0.34298214
v -0.63196659 0.28671187 -0.34298214
v -0.45164096 0.31044474 -0.34298214
v -0.63196659 0.23575565 -0.34298214
v -0.62213010 0.21201599 -0.34298214
v -0.62213010 0.31044474 -0.34298214
v -0.63532788 0.26123035 -0.34298214
v -0.60648507 0.19162852 -0.34298214
v -0.60648507 0.33083221 -0.34298214
v -0.46728367 0.33083221 -0.34298214
v -0.58609766 0.34647721 -0.34298214
v -0.58609766 0.17598578 -0.34298214
v -0.48767117 0.34647721 -0.34298214
v -0.56236476 0.35631147 -0.34298214
v -0.51140398 0.35631147 -0.34298214
v -0.53688556 0.35967496 -0.34298214
v -0.06644020 0.27444628 -0.33084127
v -0.07444641 0.28486341 -0.33084127
v -0.07817282 0.29526696 -0.33084127
v -0.07013485 0.27774173 -0.33084127
v 0.26824883 0.27444628 -0.33084127
v -0.08060416 0.30796349 -0.33084127
v 0.27192533 0.27774173 -0.33084127
v 0.27625278 0.28486341 -0.33084127
v 0.27996558 0.29526696 -0.33084127
v -0.08145241 0.32182807 -0.33084127
v 0.28241053 0.30796349 -0.33084127
v -0.08060416 0.33567449 -0.33084127
v 0.28326103 0.32182807 -0.33084127
v -0.07817282 0.34837329 -0.33084127
v 0.28241053 0.33567449 -0.33084127
v 0.27996558 0.34837329 -0.33084127
v -0.07444641 0.35879272 -0.33084127
v 0.27625278 0.35879272 -0.33084127
v -0.07013485 0.36591437 -0.33084127
v 0.27192533 0.36591437 -0.33084127
v 0.26824883 0.36919397 -0.33084127
v 0.26478553 0.37017605 -0.33084127
v -0.06299505 0.37017605 -0.33084127
v -0.06644020 0.36919397 -0.33084127
v 0.44261184 -0.14042281 0.33363098
v 0.44626337 -0.13769661 0.33363098
v 0.45776919 -0.14042281 0.33363098
v 0.44261184 -0.11470085 0.33363098
v 0.45776919 -0.13769661 0.33363098
v 0.44626337 -0.12837945 0.33363098
v 0.44626337 -0.12568502 0.33363098
v 0.44626337 -0.11742932 0.33363098
v 0.45528340 -0.12837945 0.33363098
v 0.45702073 -0.11742932 0.33363098
v 0.45528340 -0.12568502 0.33363098
v 0.45702073 -0.11470085 0.33363098
v 0.41461504 -0.14088321 0.33363098
v 0.41938475 -0.14092857 0.33363098
v 0.41728455 -0.14106691 0.33363098
v 0.42121050 -0.14051579 0.33363098
v 0.41061422 -0.13993743 0.33363098
v 0.42276642 -0.13982630 0.33363098
v 0.41515937 -0.13804361 0.33363098
v 0.41330865 -0.13746527 0.33363098
v 0.41781753 -0.13833846 0.33363098
v 0.41061422 -0.13631991 0.33363098
v 0.42404786 -0.13885784 0.33363098
v 0.42505488 -0.13770568 0.33363098
v 0.41980433 -0.13803682 0.33363098
v 0.42132393 -0.13712958 0.33363098
v 0.42577156 -0.13645144 0.33363098
v 0.42228559 -0.13580278 0.33363098
v 0.42620024 -0.13509969 0.33363098
v 0.42260766 -0.13423783 0.33363098
v 0.42634538 -0.13364360 0.33363098
v 0.42243978 -0.13301536 0.33363098
v 0.42604372 -0.13156380 0.33363098
v 0.42193630 -0.13189040 0.33363098
v 0.42074332 -0.13071100 0.33363098
v 0.42514104 -0.12973575 0.33363098
v 0.41854101 -0.12930030 0.33363098
v 0.42333797 -0.12796213 0.33363098
v 0.41675836 -0.12827513 0.33363098
v 0.41378269 -0.12634502 0.33363098
v 0.42033961 -0.12601615 0.33363098
v 0.41197503 -0.12459182 0.33363098
v 0.41848889 -0.12497284 0.33363098
v 0.41612786 -0.12350315 0.33363098
v 0.41106099 -0.12282955 0.33363098
v 0.41535440 -0.12282727 0.33363098
v 0.41075483 -0.12088809 0.33363098
v 0.41475794 -0.12202667 0.33363098
v 0.41437688 -0.12117161 0.33363098
v 0.41424760 -0.12033243 0.33363098
v 0.41099751 -0.11912129 0.33363098
v 0.41451752 -0.11912809 0.33363098
v 0.41532496 -0.11795097 0.33363098
v 0.41172329 -0.11746335 0.33363098
v 0.41669032 -0.11707550 0.33363098
v 0.41285959 -0.11603902 0.33363098
v 0.41864082 -0.11678747 0.33363098
v 0.42474639 -0.11504788 0.33363098
v 0.42078415 -0.11702108 0.33363098
v 0.41432700 -0.11496168 0.33363098
v 0.42474639 -0.11838644 0.33363098
v 0.42150992 -0.11430621 0.33363098
v 0.41617092 -0.11428354 0.33363098
v 0.41844127 -0.11405674 0.33363098
v 0.47014365 -0.11470085 0.33363098
v 0.47926801 -0.11742932 0.33363098
v 0.47014365 -0.11742932 0.33363098
v 0.48291731 -0.11742932 0.33363098
v 0.49204391 -0.11742932 0.33363098
v 0.48291731 -0.14042281 0.33363098
v 0.49204391 -0.11470085 0.33363098
v 0.47926801 -0.14042281 0.33363098
v 0.53273952 -0.44496495 -0.34327698
v 0.57438314 -0.44496495 -0.34327698
v 0.55356246 -0.44750971 -0.34327698
v 0.51333863 -0.43750307 -0.34327698
v 0.55356246 -0.44750971 0.22513665
v 0.53273952 -0.44496495 0.22513665
v 0.51333863 -0.43750307 0.22513665
v 0.59378397 -0.43750307 -0.34327698
v 0.57438314 -0.44496495 0.22513665
v 0.49667758 -0.42563438 0.22513665
v 0.49667758 -0.42563438 -0.34327698
v 0.61044508 -0.42563438 -0.34327698
v 0.59378397 -0.43750307 0.22513665
v 0.48389256 -0.41016400 -0.34327698
v 0.48389256 -0.41016400 0.22513665
v 0.61044508 -0.42563438 0.22513665
v 0.62323010 -0.41016400 -0.34327698
v 0.47585917 -0.39215118 -0.34327698
v 0.62323010 -0.41016400 0.22513665
v 0.47585917 -0.39215118 0.22513665
v 0.63126582 -0.39215118 -0.34327698
v 0.63126582 -0.39215118 0.22513665
v 0.47311482 -0.37282062 -0.34327698
v 0.47311482 -0.37282062 0.22513665
v 0.63400787 -0.37282062 -0.34327698
v 0.63400787 -0.37282062 0.22513665
v 0.47311482 0.34837329 -0.34327698
v 0.47311482 0.34837329 0.22513665
v 0.63400787 0.34837329 -0.34327698
v 0.63400787 0.34837329 0.22513665
v 0.47585917 0.36769706 -0.34327698
v 0.47585917 0.36769706 0.22513665
v 0.63126582 0.36769706 -0.34327698
v 0.63126582 0.36769706 0.22513665
v 0.48389256 0.38572124 -0.34327698
v 0.62323010 0.38572124 -0.34327698
v 0.48389256 0.38572124 0.22513665
v 0.62323010 0.38572124 0.22513665
v 0.49667758 0.40118253 -0.34327698
v 0.61044508 0.40118253 -0.34327698
v 0.61044508 0.40118253 0.22513665
v 0.49667758 0.40118253 0.22513665
v 0.51333863 0.41304669 0.22513665
v 0.59378397 0.41304669 -0.34327698
v 0.51333863 0.41304669 -0.34327698
v 0.59378397 0.41304669 0.22513665
v 0.53273952 0.42051992 0.22513665
v 0.57438314 0.42051992 -0.34327698
v 0.53273952 0.42051992 -0.34327698
v 0.57438314 0.42051992 0.22513665
v 0.55356246 0.42305103 0.22513665
v 0.55356246 0.42305103 -0.34327698
v 0.26645026 0.24057752 0.30710843
v 0.26901317 0.21963890 0.30710843
v 0.26645026 0.21963890 0.30710843
v 0.26901317 0.23671049 0.30710843
v 0.27056223 0.24057752 0.30710843
v 0.27638659 0.22437684 0.30710843
v 0.27746844 0.22103828 0.30710843
v 0.27462205 0.22103828 0.30710843
v 0.28326103 0.23666739 0.30710843
v 0.28237876 0.24057752 0.30710843
v 0.28603938 0.24057752 0.30710843
v 0.28603938 0.21963890 0.30710843
v 0.28326103 0.21963890 0.30710843
v 0.35771880 0.22112447 0.30710843
v 0.36257693 0.22141704 0.30710843
v 0.36366561 0.22133766 0.30710843
v 0.35666415 0.22255106 0.30710843
v 0.36897963 0.22103828 0.30710843
v 0.36161530 0.22165747 0.30710843
v 0.35918167 0.22003581 0.30710843
v 0.36500829 0.22146240 0.30710843
v 0.36078066 0.22206117 0.30710843
v 0.36761883 0.21999951 0.30710843
v 0.36999348 0.22239004 0.30710843
v 0.36007303 0.22262365 0.30710843
v 0.36110952 0.21934633 0.30710843
v 0.36612642 0.22183663 0.30710843
v 0.35602683 0.22456056 0.30710843
v 0.36583385 0.21933724 0.30710843
v 0.36701778 0.22249891 0.30710843
v 0.35951054 0.22340159 0.30710843
v 0.36355221 0.21911499 0.30710843
v 0.37036318 0.22326325 0.30710843
v 0.35910910 0.22444944 0.30710843
v 0.36768004 0.22347191 0.30710843
v 0.35886642 0.22576943 0.30710843
v 0.37062624 0.22437005 0.30710843
v 0.35581592 0.22738883 0.30710843
v 0.36809510 0.22498469 0.30710843
v 0.35878477 0.22736160 0.30710843
v 0.37083492 0.22730491 0.30710843
v 0.35878477 0.24057752 0.30710843
v 0.36823347 0.22726181 0.30710843
v 0.35581592 0.24057752 0.30710843
v 0.36823347 0.24057752 0.30710843
v 0.37083492 0.24057752 0.30710843
v 0.30056852 0.21963890 0.30710843
v 0.30353060 0.22185931 0.30710843
v 0.31289986 0.21963890 0.30710843
v 0.30056852 0.24057752 0.30710843
v 0.31289986 0.22185931 0.30710843
v 0.30353060 0.22943912 0.30710843
v 0.30353060 0.23163234 0.30710843
v 0.30353060 0.23834804 0.30710843
v 0.31086999 0.22943912 0.30710843
v 0.31228524 0.23834804 0.30710843
v 0.31086999 0.23163234 0.30710843
v 0.31228524 0.24057752 0.30710843
v 0.32542408 0.24057752 0.30710843
v 0.32798469 0.21963890 0.30710843
v 0.32542408 0.21963890 0.30710843
v 0.32798469 0.23578514 0.30710843
v 0.32834983 0.24057752 0.30710843
v 0.33884636 0.22441994 0.30710843
v 0.34140474 0.21963890 0.30710843
v 0.33849254 0.21963890 0.30710843
v 0.34140474 0.24057752 0.30710843
v 0.33884636 0.24057752 0.30710843
v 0.32126674 -0.44100496 0.30710843
v 0.32582325 -0.44104800 0.30710843
v 0.32381830 -0.44117954 0.30710843
v 0.32756737 -0.44065109 0.30710843
v 0.31744960 -0.44010001 0.30710843
v 0.32905519 -0.43999112 0.30710843
v 0.32179067 -0.43829006 0.30710843
v 0.32002154 -0.43773669 0.30710843
v 0.32432857 -0.43857133 0.30710843
v 0.31744960 -0.43664575 0.30710843
v 0.33028221 -0.43907028 0.30710843
v 0.33123934 -0.43796799 0.30710843
v 0.32622692 -0.43828323 0.30710843
v 0.32767624 -0.43741691 0.30710843
v 0.33192655 -0.43677050 0.30710843
v 0.32859704 -0.43615130 0.30710843
v 0.33233708 -0.43547770 0.30710843
v 0.32890552 -0.43465441 0.30710843
v 0.33247313 -0.43408966 0.30710843
v 0.32874447 -0.43348864 0.30710843
v 0.33218735 -0.43210056 0.30710843
v 0.32826138 -0.43241355 0.30710843
v 0.32712281 -0.43128860 0.30710843
v 0.33132324 -0.43035418 0.30710843
v 0.32502034 -0.42993912 0.30710843
v 0.32959953 -0.42866221 0.30710843
v 0.32331705 -0.42895931 0.30710843
v 0.32047516 -0.42711768 0.30710843
v 0.32673725 -0.42680016 0.30710843
v 0.31874919 -0.42543930 0.30710843
v 0.32496819 -0.42580447 0.30710843
v 0.32271370 -0.42440283 0.30710843
v 0.31787372 -0.42375872 0.30710843
v 0.32197434 -0.42375416 0.30710843
v 0.31758341 -0.42190343 0.30710843
v 0.32140508 -0.42299211 0.30710843
v 0.32103992 -0.42217562 0.30710843
v 0.32091972 -0.42137271 0.30710843
v 0.31781477 -0.42021602 0.30710843
v 0.32117599 -0.42022282 0.30710843
v 0.32194713 -0.41909784 0.30710843
v 0.31850877 -0.41863292 0.30710843
v 0.32325351 -0.41826323 0.30710843
v 0.31959289 -0.41727206 0.30710843
v 0.32511333 -0.41798422 0.30710843
v 0.33094674 -0.41632631 0.30710843
v 0.32716137 -0.41820878 0.30710843
v 0.32099456 -0.41624239 0.30710843
v 0.33094674 -0.41951516 0.30710843
v 0.32785541 -0.41561413 0.30710843
v 0.32275683 -0.41559598 0.30710843
v 0.32492283 -0.41537824 0.30710843
v 0.26215684 -0.44056493 0.30710843
v 0.26565191 -0.43795893 0.30710843
v 0.27037853 -0.44056493 0.30710843
v 0.26215684 -0.41599289 0.30710843
v 0.27255812 -0.44045380 0.30710843
v 0.26565191 -0.41859889 0.30710843
v 0.27448824 -0.44012496 0.30710843
v 0.26851419 -0.41859889 0.30710843
v 0.27615300 -0.43957379 0.30710843
v 0.27865010 -0.41812712 0.30710843
v 0.27756825 -0.43880263 0.30710843
v 0.27748433 -0.41736281 0.30710843
v 0.27275771 -0.41892323 0.30710843
v 0.27011317 -0.43795893 0.30710843
v 0.27613711 -0.41676402 0.30710843
v 0.27966619 -0.41904798 0.30710843
v 0.27878392 -0.43785232 0.30710843
v 0.27448824 -0.41633534 0.30710843
v 0.27428865 -0.41932240 0.30710843
v 0.27314103 -0.43768221 0.30710843
v 0.27032864 -0.41599289 0.30710843
v 0.27542040 -0.41988713 0.30710843
v 0.27983177 -0.43675461 0.30710843
v 0.28056434 -0.42012754 0.30710843
v 0.27433854 -0.43733749 0.30710843
v 0.28131279 -0.42136365 0.30710843
v 0.27532062 -0.43685216 0.30710843
v 0.27705112 -0.42138633 0.30710843
v 0.27685153 -0.43542781 0.30710843
v 0.28192970 -0.42274714 0.30710843
v 0.28071404 -0.43551174 0.30710843
v 0.27815112 -0.42330509 0.30710843
v 0.28142846 -0.43412140 0.30710843
v 0.28236064 -0.42426220 0.30710843
v 0.27801731 -0.43335932 0.30710843
v 0.27878392 -0.42555499 0.30710843
v 0.28237876 -0.43105501 0.30710843
v 0.28269404 -0.42769831 0.30710843
v 0.27874988 -0.43083271 0.30710843
v 0.27899939 -0.42802945 0.30710843
v 0.15920335 0.51743132 -0.09366699
v 0.05619996 0.51743132 -0.06606937
v 0.15920335 0.51743132 -0.06606937
v 0.05619996 0.51743132 -0.09366699
v 0.13081193 0.52157503 -0.00496136
v 0.13335668 0.52157503 -0.01310819
v 0.13335668 0.52157503 -0.00496136
v 0.13335668 0.52157503 -0.01498613
v 0.13335668 0.52157503 -0.02099873
v 0.13978206 0.52157503 -0.01498613
v 0.13081193 0.52157503 -0.02290389
v 0.13978206 0.52157503 -0.01310819
v 0.14099547 0.52157503 -0.02290389
v 0.14099547 0.52157503 -0.02099873
v 0.12701748 0.52157503 -0.01139582
v 0.12699935 0.52157503 -0.01647851
v 0.12724882 0.52157503 -0.01393150
v 0.12628490 0.52157503 -0.00910281
v 0.12626676 0.52157503 -0.01878738
v 0.12573604 0.52157503 -0.00807313
v 0.12571789 0.52157503 -0.01981934
v 0.12506923 0.52157503 -0.00716817
v 0.12503521 0.52157503 -0.02072656
v 0.12428676 0.52157503 -0.00638342
v 0.12455438 0.52157503 -0.01395644
v 0.12445459 0.52157503 -0.01230303
v 0.12425274 0.52157503 -0.02150677
v 0.12418696 0.52157503 -0.01083334
v 0.12445459 0.52157503 -0.01560304
v 0.12338860 0.52157503 -0.00571889
v 0.12417109 0.52157503 -0.01706820
v 0.12372201 0.52157503 -0.00954508
v 0.12335459 0.52157503 -0.02216450
v 0.12307108 0.52157503 -0.00844054
v 0.12370387 0.52157503 -0.01834738
v 0.12239067 0.52157503 -0.00519043
v 0.12305520 0.52157503 -0.01944285
v 0.12224098 0.52157503 -0.00755374
v 0.12234077 0.52157503 -0.02268389
v 0.12130881 0.52157503 -0.00481394
v 0.12222283 0.52157503 -0.02032058
v 0.12127478 0.52157503 -0.00692096
v 0.12125891 0.52157503 -0.02305585
v 0.12012716 0.52157503 -0.00458713
v 0.12125891 0.52157503 -0.02094656
v 0.12014303 0.52157503 -0.00654219
v 0.12010901 0.52157503 -0.02327812
v 0.11886159 0.52157503 -0.00641518
v 0.12014303 0.52157503 -0.02132306
v 0.11886159 0.52157503 -0.00451229
v 0.11886159 0.52157503 -0.02145007
v 0.11763003 0.52157503 -0.00458260
v 0.11886159 0.52157503 -0.02335070
v 0.11758014 0.52157503 -0.00654219
v 0.11759602 0.52157503 -0.02132306
v 0.11648240 0.52157503 -0.00479806
v 0.11763003 0.52157503 -0.02327812
v 0.11646426 0.52157503 -0.00692096
v 0.11646426 0.52157503 -0.02305585
v 0.11541642 0.52157503 -0.00515414
v 0.11646426 0.52157503 -0.02094656
v 0.11548219 0.52157503 -0.00755374
v 0.11550034 0.52157503 -0.02032058
v 0.11466797 0.52157503 -0.00844054
v 0.11538240 0.52157503 -0.02268389
v 0.11443435 0.52157503 -0.00565085
v 0.11468384 0.52157503 -0.01944285
v 0.11401930 0.52157503 -0.00954508
v 0.11438446 0.52157503 -0.02216450
v 0.11355209 0.52157503 -0.00628817
v 0.11401930 0.52157503 -0.01834738
v 0.11355209 0.52157503 -0.01083334
v 0.11346817 0.52157503 -0.02150677
v 0.11326858 0.52157503 -0.01230303
v 0.11355209 0.52157503 -0.01706820
v 0.11275373 0.52157503 -0.00705477
v 0.11326858 0.52157503 -0.01560304
v 0.11318693 0.52157503 -0.01395644
v 0.11268796 0.52157503 -0.02072656
v 0.11208692 0.52157503 -0.00795065
v 0.11202116 0.52157503 -0.01981934
v 0.11150631 0.52157503 -0.00898034
v 0.11147228 0.52157503 -0.01878738
v 0.11105496 0.52157503 -0.01010983
v 0.11072383 0.52157503 -0.01647851
v 0.11073971 0.52157503 -0.01131190
v 0.11047435 0.52157503 -0.01393150
v 0.14412539 0.52157503 -0.00496136
v 0.14667240 0.52157503 -0.01310819
v 0.14667240 0.52157503 -0.00496136
v 0.14667240 0.52157503 -0.01498613
v 0.14667240 0.52157503 -0.02099873
v 0.15309550 0.52157503 -0.01498613
v 0.14412539 0.52157503 -0.02290389
v 0.15309550 0.52157503 -0.01310819
v 0.15431117 0.52157503 -0.02290389
v 0.15431117 0.52157503 -0.02099873
v 0.07710455 0.52157503 -0.01139582
v 0.07710455 0.52157503 -0.01647851
v 0.07735404 0.52157503 -0.01393150
v 0.07637197 0.52157503 -0.00910281
v 0.07637197 0.52157503 -0.01878738
v 0.07583898 0.52157503 -0.00807313
v 0.07580723 0.52157503 -0.01981934
v 0.07517444 0.52157503 -0.00716817
v 0.07514042 0.52157503 -0.02072656
v 0.07439197 0.52157503 -0.00638342
v 0.07465733 0.52157503 -0.01395644
v 0.07455754 0.52157503 -0.01230303
v 0.07435795 0.52157503 -0.02150677
v 0.07427630 0.52157503 -0.01083334
v 0.07455754 0.52157503 -0.01560304
v 0.07349382 0.52157503 -0.00571889
v 0.07427630 0.52157503 -0.01706820
v 0.07380908 0.52157503 -0.00954508
v 0.07344392 0.52157503 -0.02216450
v 0.07316042 0.52157503 -0.00844054
v 0.07380908 0.52157503 -0.01834738
v 0.07249361 0.52157503 -0.00519043
v 0.07316042 0.52157503 -0.01944285
v 0.07234392 0.52157503 -0.00755374
v 0.07244372 0.52157503 -0.02268389
v 0.07141175 0.52157503 -0.00481394
v 0.07232805 0.52157503 -0.02032058
v 0.07138000 0.52157503 -0.00692096
v 0.07136185 0.52157503 -0.02305585
v 0.07023010 0.52157503 -0.00458713
v 0.07136185 0.52157503 -0.02094656
v 0.07024825 0.52157503 -0.00654219
v 0.07019835 0.52157503 -0.02327812
v 0.06896680 0.52157503 -0.00641518
v 0.07023010 0.52157503 -0.02132306
v 0.06896680 0.52157503 -0.00451229
v 0.06896680 0.52157503 -0.02145007
v 0.06773525 0.52157503 -0.00458260
v 0.06896680 0.52157503 -0.02335070
v 0.06768535 0.52157503 -0.00654219
v 0.06770123 0.52157503 -0.02132306
v 0.06658535 0.52157503 -0.00479806
v 0.06771711 0.52157503 -0.02327812
v 0.06655359 0.52157503 -0.00692096
v 0.06656947 0.52157503 -0.02305585
v 0.06552163 0.52157503 -0.00515414
v 0.06656947 0.52157503 -0.02094656
v 0.06558741 0.52157503 -0.00755374
v 0.06560329 0.52157503 -0.02032058
v 0.06477318 0.52157503 -0.00844054
v 0.06548761 0.52157503 -0.02268389
v 0.06453957 0.52157503 -0.00565085
v 0.06477318 0.52157503 -0.01944285
v 0.06412224 0.52157503 -0.00954508
v 0.06447153 0.52157503 -0.02216450
v 0.06364142 0.52157503 -0.00628817
v 0.06412224 0.52157503 -0.01834738
v 0.06365730 0.52157503 -0.01083334
v 0.06357338 0.52157503 -0.02150677
v 0.06337379 0.52157503 -0.01230303
v 0.06365730 0.52157503 -0.01706820
v 0.06285895 0.52157503 -0.00705477
v 0.06337379 0.52157503 -0.01560304
v 0.06327400 0.52157503 -0.01395644
v 0.06279090 0.52157503 -0.02072656
v 0.06217626 0.52157503 -0.00795065
v 0.06210822 0.52157503 -0.01981934
v 0.06160925 0.52157503 -0.00898034
v 0.06155935 0.52157503 -0.01878738
v 0.06116018 0.52157503 -0.01010983
v 0.06082677 0.52157503 -0.01647851
v 0.06082677 0.52157503 -0.01131190
v 0.06057729 0.52157503 -0.01393150
v 0.09905699 0.52157503 -0.00137331
v 0.10706092 0.52157503 -0.02410369
v 0.10900918 0.52157503 -0.02410369
v 0.09709285 0.52157503 -0.00137331
v 0.08091487 0.52157503 -0.00496136
v 0.08311260 0.52157503 -0.01880099
v 0.08311260 0.52157503 -0.00496136
v 0.08091487 0.52157503 -0.02290389
v 0.08342787 0.52157503 -0.02290389
v 0.09211676 0.52157503 -0.00496136
v 0.09241614 0.52157503 -0.00905746
v 0.09461388 0.52157503 -0.02290389
v 0.09461388 0.52157503 -0.00496136
v 0.09241614 0.52157503 -0.02290389
v 0.53101808 0.49080443 -0.35588735
v 0.53101808 0.53675508 -0.35789457
v 0.53101808 0.49358281 -0.35789457
v 0.53101808 0.54682297 -0.34322032
v 0.60242301 0.49080443 -0.35588735
v 0.53101808 0.48820755 -0.35363063
v 0.60242301 0.49358281 -0.35789457
v 0.60242301 0.48820755 -0.35363063
v 0.53101808 0.48584422 -0.35113579
v 0.60242301 0.53675508 -0.35789457
v 0.53101808 0.48373041 -0.34843001
v 0.60242301 0.48030111 -0.34248316
v 0.60242301 0.58689940 -0.28476816
v 0.60242301 0.48584422 -0.35113579
v 0.53101808 0.48186606 -0.34553826
v 0.53101808 0.48030111 -0.34248316
v 0.53101808 0.58689940 -0.28476816
v 0.60242301 0.48186606 -0.34553826
v 0.60242301 0.47901967 -0.33929431
v 0.60242301 0.48373041 -0.34843001
v 0.53101808 0.47901967 -0.33929431
v 0.60242301 0.54927021 -0.28255230
v 0.60242301 0.58689940 -0.21164176
v 0.60242301 0.50929356 -0.32234746
v 0.53101808 0.50929356 -0.32234746
v 0.53101808 0.54927021 -0.28255230
v 0.53101808 0.58689940 -0.21164176
v 0.60242301 0.54069924 -0.21164176
v 0.60242301 0.47805578 -0.33599883
v 0.53101808 0.47805578 -0.33599883
v 0.53101808 0.54069924 -0.21164176
v 0.60242301 0.47740480 -0.33262399
v 0.53101808 0.47740480 -0.33262399
v 0.60242301 0.47737306 -0.32234746
v 0.53101808 0.47707367 -0.32920375
v 0.53101808 0.47705555 -0.32576993
v 0.53101808 0.47737306 -0.32234746
v 0.60242301 0.47705555 -0.32576993
v 0.60242301 0.47707367 -0.32920375
v 0.29837081 -0.41599289 0.30710843
v 0.30186585 -0.44056493 0.30710843
v 0.29837081 -0.44056493 0.30710843
v 0.30186585 -0.41599289 0.30710843
v 0.34801155 -0.41599289 0.30710843
v 0.35146579 -0.44056493 0.30710843
v 0.34801155 -0.44056493 0.30710843
v 0.35146579 -0.43080100 0.30710843
v 0.35146579 -0.42816323 0.30710843
v 0.35146579 -0.41859889 0.30710843
v 0.35296950 -0.43080100 0.30710843
v 0.35352746 -0.41859889 0.30710843
v 0.35571158 -0.43054467 0.30710843
v 0.36093488 -0.41757372 0.30710843
v 0.35821098 -0.42977354 0.30710843
v 0.35958993 -0.41668919 0.30710843
v 0.35571158 -0.41873497 0.30710843
v 0.36026126 -0.42852840 0.30710843
v 0.35757363 -0.41616753 0.30710843
v 0.36192602 -0.41883248 0.30710843
v 0.35282433 -0.42816323 0.30710843
v 0.35457075 -0.41599289 0.30710843
v 0.35712227 -0.41914093 0.30710843
v 0.35437566 -0.42806345 0.30710843
v 0.35800231 -0.41976240 0.30710843
v 0.36166292 -0.42685005 0.30710843
v 0.36253613 -0.42045414 0.30710843
v 0.35569116 -0.42776859 0.30710843
v 0.35860789 -0.42055169 0.30710843
v 0.35677072 -0.42727417 0.30710843
v 0.35895261 -0.42152011 0.30710843
v 0.35761446 -0.42658693 0.30710843
v 0.36273798 -0.42243642 0.30710843
v 0.36247036 -0.42479974 0.30710843
v 0.35907054 -0.42268363 0.30710843
v 0.35825181 -0.42575002 0.30710843
v 0.35870764 -0.42482242 0.30710843
f 27 28 29
f 28 27 30
f 28 31 29
f 29 32 27
f 30 33 28
f 33 31 28
f 29 31 34
f 32 29 34
f 33 30 35
f 36 31 33
f 34 31 37
f 34 38 32
f 35 36 33
f 36 39 31
f 37 31 40
f 38 34 37
f 36 35 41
f 42 39 36
f 40 31 43
f 44 37 40
f 37 44 38
f 41 42 36
f 39 42 45
f 43 31 46
f 47 40 43
f 40 47 44
f 48 49 25
f 25 49 23
f 48 41 25
f 39 50 49
f 42 41 48
f 51 45 42
f 50 39 45
f 46 31 52
f 53 43 46
f 43 53 47
f 49 48 54
f 23 49 21
f 23 26 25
f 55 45 51
f 45 56 50
f 52 31 57
f 58 46 52
f 46 58 53
f 59 54 48
f 49 60 21
f 24 23 21
f 26 23 24
f 55 61 45
f 56 45 61
f 52 57 62
f 52 63 58
f 26 54 59
f 60 49 64
f 21 60 19
f 24 21 22
f 24 65 26
f 55 66 61
f 61 67 56
f 68 69 70
f 71 57 69
f 62 57 71
f 63 52 62
f 62 68 63
f 26 72 54
f 26 59 73
f 19 60 74
f 75 21 19
f 22 21 76
f 77 24 22
f 77 65 24
f 26 65 78
f 55 79 66
f 67 61 66
f 80 81 55
f 69 68 71
f 68 62 71
f 26 78 72
f 60 82 74
f 19 74 17
f 76 21 75
f 75 19 83
f 84 22 76
f 77 22 20
f 77 85 65
f 65 86 78
f 55 87 79
f 79 88 66
f 66 89 67
f 80 90 81
f 55 81 87
f 78 91 72
f 92 82 60
f 74 82 93
f 17 74 93
f 94 19 17
f 83 19 94
f 95 22 84
f 22 95 20
f 77 20 18
f 77 96 85
f 97 86 65
f 86 98 78
f 99 88 79
f 89 66 88
f 100 101 80
f 80 101 90
f 88 102 89
f 91 78 103
f 72 91 82
f 72 82 92
f 93 82 104
f 17 93 15
f 94 17 105
f 20 95 106
f 20 107 18
f 77 18 16
f 77 108 96
f 109 86 97
f 86 110 98
f 78 98 111
f 99 112 88
f 113 114 115
f 100 116 101
f 112 117 102
f 102 88 112
f 78 111 103
f 118 104 82
f 93 104 119
f 15 93 120
f 105 17 15
f 20 106 107
f 18 107 121
f 18 121 16
f 77 16 14
f 77 122 108
f 109 123 86
f 123 110 86
f 110 124 98
f 98 124 111
f 125 126 127
f 99 128 112
f 129 130 113
f 114 113 130
f 131 116 100
f 132 133 134
f 134 126 125
f 117 135 136
f 117 112 128
f 103 111 118
f 118 137 104
f 104 124 119
f 93 119 138
f 120 93 138
f 139 15 120
f 105 15 139
f 16 121 140
f 16 140 14
f 77 14 12
f 77 141 122
f 109 142 123
f 123 143 110
f 143 124 110
f 111 124 144
f 99 135 128
f 134 145 126
f 146 147 114
f 148 149 129
f 130 129 149
f 150 114 130
f 131 151 116
f 152 153 132
f 154 155 152
f 132 153 133
f 134 133 156
f 136 157 158
f 135 117 128
f 157 136 135
f 118 111 144
f 118 144 137
f 137 124 104
f 119 124 159
f 138 119 160
f 120 138 13
f 139 120 161
f 161 120 13
f 14 140 162
f 14 163 12
f 77 12 10
f 77 164 141
f 109 165 142
f 142 143 123
f 143 166 124
f 144 124 137
f 99 157 135
f 150 157 99
f 134 167 145
f 168 147 146
f 146 114 150
f 158 169 148
f 149 148 169
f 150 130 149
f 170 151 131
f 171 172 154
f 152 155 153
f 154 172 155
f 134 156 167
f 169 158 157
f 173 159 124
f 119 159 160
f 138 160 174
f 11 138 174
f 13 138 11
f 161 13 11
f 14 162 163
f 12 163 175
f 12 175 10
f 77 10 8
f 77 176 164
f 165 109 177
f 178 142 165
f 142 178 143
f 178 166 143
f 179 124 166
f 180 181 145
f 150 169 157
f 182 145 167
f 183 184 147
f 183 147 168
f 150 149 169
f 170 185 151
f 171 186 172
f 159 173 187
f 124 179 173
f 160 159 188
f 174 160 189
f 11 174 9
f 161 11 190
f 10 175 191
f 10 191 8
f 77 8 6
f 77 192 176
f 193 165 177
f 165 166 178
f 166 194 179
f 195 181 180
f 180 145 182
f 196 184 183
f 197 198 170
f 170 198 185
f 199 200 171
f 171 200 186
f 201 202 203
f 203 204 205
f 205 204 206
f 173 207 187
f 187 188 159
f 179 207 173
f 160 188 189
f 174 189 208
f 9 174 208
f 209 11 9
f 190 11 209
f 8 191 210
f 8 210 6
f 77 6 4
f 77 211 192
f 212 165 193
f 166 165 213
f 194 166 214
f 194 215 179
f 195 216 181
f 196 217 184
f 197 218 198
f 199 219 200
f 220 221 201
f 222 223 220
f 224 225 222
f 201 226 202
f 203 202 227
f 203 227 204
f 187 207 228
f 188 187 229
f 179 215 207
f 189 188 230
f 208 189 231
f 9 208 7
f 209 9 232
f 6 210 233
f 6 3 4
f 77 4 2
f 234 211 77
f 234 235 211
f 236 165 212
f 213 165 237
f 238 166 213
f 239 214 166
f 214 240 194
f 194 241 215
f 242 216 195
f 243 217 196
f 242 244 216
f 245 246 197
f 197 246 218
f 247 219 199
f 248 249 224
f 220 223 221
f 201 221 250
f 222 225 223
f 224 251 225
f 201 250 226
f 202 252 227
f 187 228 229
f 229 230 188
f 189 230 231
f 7 208 231
f 232 9 7
f 6 233 253
f 6 5 3
f 4 3 1
f 4 1 2
f 77 2 254
f 234 255 235
f 256 165 236
f 237 165 257
f 239 166 238
f 239 258 214
f 240 214 258
f 240 241 194
f 243 259 217
f 260 261 244
f 262 244 242
f 245 263 246
f 264 265 247
f 247 265 219
f 266 267 248
f 248 267 249
f 224 249 251
f 268 252 202
f 229 228 269
f 230 229 270
f 231 230 7
f 232 7 271
f 6 253 5
f 5 254 3
f 3 254 1
f 1 254 2
f 77 254 272
f 273 274 77
f 255 234 275
f 235 255 276
f 277 165 256
f 257 165 278
f 239 279 258
f 258 280 240
f 240 281 241
f 282 283 252
f 284 259 243
f 285 261 260
f 260 244 262
f 245 286 263
f 264 287 265
f 288 289 266
f 266 290 267
f 291 252 268
f 292 293 294
f 229 269 270
f 270 254 230
f 7 230 5
f 271 7 5
f 295 5 253
f 5 230 254
f 296 272 254
f 77 272 297
f 298 299 274
f 300 234 299
f 274 273 301
f 77 302 273
f 234 300 275
f 275 303 255
f 255 304 276
f 235 276 305
f 306 165 277
f 278 165 306
f 239 307 279
f 280 258 279
f 280 281 240
f 308 283 282
f 282 252 291
f 309 310 259
f 309 259 284
f 285 311 261
f 312 286 245
f 313 314 264
f 264 314 287
f 288 315 289
f 266 289 316
f 266 316 290
f 293 292 317
f 270 269 318
f 254 270 296
f 271 5 319
f 319 5 295
f 272 296 320
f 320 297 272
f 77 297 321
f 322 299 298
f 298 274 323
f 299 324 300
f 302 301 273
f 301 323 274
f 77 325 302
f 303 275 300
f 304 255 303
f 326 276 304
f 276 326 305
f 235 305 327
f 235 328 239
f 239 328 307
f 329 279 307
f 279 329 280
f 329 281 280
f 308 330 283
f 331 310 309
f 332 311 285
f 312 333 286
f 334 335 313
f 314 313 336
f 315 288 337
f 317 292 338
f 270 318 296
f 296 318 320
f 297 320 339
f 297 340 321
f 77 321 341
f 322 342 299
f 298 323 343
f 299 344 324
f 345 300 324
f 301 302 346
f 346 323 301
f 77 347 325
f 325 346 302
f 300 345 303
f 303 345 304
f 304 348 326
f 349 305 326
f 305 349 327
f 235 327 350
f 235 351 328
f 352 307 328
f 307 352 329
f 329 353 281
f 354 355 356
f 357 330 308
f 358 333 310
f 358 310 331
f 332 359 311
f 360 361 362
f 363 362 330
f 364 365 312
f 312 365 333
f 333 358 286
f 366 334 367
f 334 366 335
f 313 335 336
f 337 368 315
f 338 292 369
f 320 318 370
f 320 370 339
f 340 297 339
f 371 321 340
f 321 371 341
f 77 341 347
f 342 322 372
f 299 342 373
f 298 343 374
f 299 375 344
f 376 323 346
f 347 376 325
f 346 325 376
f 304 345 348
f 326 348 349
f 377 327 349
f 327 377 350
f 235 350 351
f 378 328 351
f 328 378 352
f 352 353 329
f 379 380 354
f 355 354 380
f 356 355 381
f 363 330 357
f 382 383 359
f 382 359 332
f 384 361 360
f 360 362 363
f 364 385 365
f 336 335 386
f 387 388 337
f 337 388 368
f 315 368 389
f 339 370 340
f 340 390 371
f 391 341 371
f 341 391 347
f 299 373 375
f 392 393 298
f 298 374 394
f 391 323 376
f 376 347 391
f 349 348 377
f 378 350 377
f 350 378 351
f 378 395 352
f 352 395 353
f 396 380 379
f 356 381 397
f 386 335 383
f 398 383 382
f 384 399 361
f 385 364 400
f 401 387 402
f 387 401 388
f 389 368 399
f 340 370 390
f 371 390 391
f 392 403 393
f 392 298 404
f 298 394 405
f 391 390 323
f 377 348 395
f 377 395 378
f 406 380 396
f 397 381 407
f 386 383 398
f 408 399 384
f 389 399 409
f 410 403 392
f 298 405 411
f 412 396 413
f 414 380 406
f 396 412 406
f 415 407 381
f 409 399 408
f 410 416 403
f 410 417 392
f 418 419 420
f 421 419 418
f 298 411 422
f 380 414 407
f 380 407 415
f 410 423 416
f 417 410 424
f 417 425 392
f 420 419 426
f 421 427 419
f 298 422 428
f 429 430 431
f 410 432 423
f 433 434 435
f 435 436 437
f 438 424 410
f 424 439 417
f 425 417 440
f 441 427 421
f 442 419 426
f 420 426 443
f 419 444 427
f 445 428 422
f 446 429 447
f 448 449 450
f 451 448 452
f 430 429 453
f 454 431 430
f 438 432 410
f 455 433 456
f 434 433 457
f 436 435 434
f 458 437 436
f 424 438 459
f 424 444 439
f 417 439 442
f 417 442 440
f 440 460 425
f 461 427 441
f 419 442 439
f 426 462 442
f 462 426 443
f 420 443 463
f 444 419 439
f 464 427 444
f 465 428 445
f 466 447 467
f 429 446 453
f 447 466 446
f 449 448 468
f 469 450 449
f 450 469 470
f 431 454 471
f 448 451 468
f 452 472 451
f 453 473 430
f 430 474 454
f 438 475 432
f 433 455 457
f 456 476 455
f 477 434 457
f 478 436 434
f 479 477 480
f 477 481 480
f 437 458 482
f 436 483 458
f 484 478 479
f 485 459 438
f 459 444 424
f 440 442 462
f 460 440 486
f 476 456 487
f 488 427 461
f 443 489 462
f 463 443 490
f 491 492 493
f 494 495 492
f 496 493 497
f 427 464 498
f 459 464 444
f 495 499 500
f 500 501 502
f 503 504 505
f 506 507 504
f 508 509 507
f 510 511 509
f 512 513 514
f 515 428 465
f 516 467 517
f 467 516 466
f 446 518 453
f 466 519 446
f 468 520 449
f 449 521 469
f 522 470 469
f 470 522 523
f 524 471 454
f 472 452 525
f 451 526 468
f 472 527 451
f 473 453 518
f 474 430 473
f 528 454 474
f 522 529 523
f 530 531 529
f 485 475 438
f 532 457 455
f 533 534 481
f 478 434 477
f 477 457 535
f 483 436 478
f 477 479 478
f 481 477 533
f 483 482 458
f 482 483 484
f 478 484 483
f 459 485 536
f 440 462 486
f 486 537 460
f 487 538 476
f 488 498 427
f 489 443 490
f 486 462 489
f 463 490 539
f 492 491 494
f 493 496 491
f 495 494 540
f 541 497 542
f 497 541 496
f 536 498 464
f 464 459 536
f 499 495 540
f 501 500 499
f 543 502 501
f 502 543 544
f 545 505 546
f 547 546 531
f 504 503 506
f 505 545 503
f 507 506 508
f 509 508 510
f 511 510 548
f 511 549 550
f 463 513 512
f 551 428 515
f 515 552 465
f 517 553 516
f 516 554 466
f 518 446 519
f 519 466 554
f 520 468 526
f 521 449 520
f 555 469 521
f 469 555 522
f 471 524 556
f 454 528 524
f 525 557 472
f 526 451 527
f 527 472 558
f 529 522 530
f 531 530 547
f 559 475 485
f 457 532 560
f 532 455 561
f 534 533 562
f 535 457 560
f 477 535 533
f 488 485 498
f 498 536 485
f 537 486 563
f 538 487 564
f 562 565 534
f 490 566 489
f 486 489 563
f 566 490 539
f 463 539 567
f 512 568 463
f 569 542 570
f 571 570 572
f 542 569 541
f 573 544 543
f 546 547 545
f 574 506 503
f 575 503 545
f 576 508 506
f 508 577 510
f 510 578 548
f 549 511 548
f 579 550 549
f 580 581 582
f 550 579 583
f 463 584 513
f 428 551 585
f 551 586 515
f 552 515 586
f 465 552 587
f 553 517 588
f 589 516 553
f 554 516 590
f 555 530 522
f 524 591 556
f 528 592 524
f 557 525 593
f 557 558 472
f 594 547 530
f 559 595 475
f 485 488 559
f 560 596 532
f 532 597 560
f 561 455 598
f 532 599 561
f 561 600 532
f 533 601 562
f 535 602 560
f 560 603 535
f 533 535 604
f 563 605 537
f 564 606 538
f 565 562 607
f 563 489 566
f 539 608 566
f 608 539 567
f 463 567 584
f 568 512 609
f 568 610 463
f 611 571 572
f 570 571 569
f 544 573 612
f 613 614 615
f 616 615 617
f 618 619 614
f 620 545 547
f 506 574 576
f 503 575 574
f 545 620 575
f 508 576 621
f 577 508 621
f 578 510 577
f 622 548 578
f 548 622 549
f 549 623 579
f 582 624 625
f 581 580 626
f 624 582 581
f 627 626 580
f 628 583 579
f 629 630 631
f 632 465 587
f 586 551 633
f 631 634 635
f 586 636 552
f 637 587 552
f 638 588 639
f 588 638 553
f 516 589 590
f 553 640 589
f 530 555 594
f 591 524 592
f 592 528 641
f 593 642 557
f 558 557 643
f 547 594 620
f 644 595 559
f 596 560 602
f 599 532 596
f 597 532 600
f 603 560 597
f 598 455 645
f 561 646 598
f 598 647 561
f 646 561 599
f 600 561 647
f 533 648 601
f 562 601 649
f 602 535 650
f 651 535 603
f 604 650 535
f 535 651 604
f 533 604 648
f 605 563 652
f 606 564 653
f 607 654 565
f 562 649 607
f 563 566 652
f 652 566 608
f 567 655 608
f 584 567 656
f 657 463 610
f 571 611 658
f 659 612 573
f 616 660 659
f 660 616 617
f 614 613 618
f 615 616 613
f 619 618 661
f 661 662 619
f 663 664 662
f 623 549 622
f 665 579 623
f 625 666 667
f 666 625 624
f 626 668 581
f 581 669 624
f 583 628 670
f 626 627 671
f 579 665 628
f 630 629 672
f 634 631 630
f 632 636 673
f 587 637 632
f 674 551 675
f 551 674 633
f 633 676 586
f 634 677 635
f 586 676 636
f 552 636 637
f 639 678 638
f 640 553 638
f 557 679 643
f 592 680 591
f 641 681 592
f 642 593 682
f 679 557 642
f 644 683 595
f 596 650 602
f 684 596 599
f 600 603 597
f 646 685 598
f 647 598 686
f 687 599 646
f 688 600 647
f 689 648 601
f 690 601 648
f 691 601 649
f 692 649 601
f 603 600 651
f 650 604 684
f 690 604 651
f 648 684 604
f 604 690 648
f 652 675 605
f 653 693 606
f 654 607 694
f 607 649 695
f 652 608 674
f 694 696 654
f 655 567 656
f 674 608 655
f 697 658 611
f 612 659 660
f 662 661 663
f 664 663 698
f 698 699 664
f 666 700 667
f 624 701 666
f 668 626 702
f 669 581 668
f 701 624 669
f 703 627 704
f 705 670 628
f 627 703 671
f 671 702 626
f 706 628 665
f 707 656 708
f 672 634 630
f 636 632 637
f 673 636 709
f 675 652 674
f 674 655 633
f 633 655 676
f 677 634 693
f 676 710 636
f 678 639 711
f 712 638 678
f 638 712 640
f 680 592 681
f 681 641 713
f 682 714 642
f 642 715 679
f 716 683 644
f 650 596 684
f 684 599 687
f 685 646 717
f 718 598 685
f 598 718 686
f 719 647 686
f 687 646 689
f 651 600 688
f 688 647 720
f 648 689 687
f 601 691 689
f 601 690 692
f 649 721 691
f 649 692 722
f 651 723 690
f 684 648 687
f 693 653 677
f 724 606 693
f 607 725 694
f 721 649 695
f 722 695 649
f 607 695 725
f 696 694 726
f 655 656 707
f 658 697 727
f 699 698 728
f 729 706 730
f 731 732 700
f 700 666 731
f 701 731 666
f 670 705 733
f 704 734 703
f 628 706 705
f 703 735 671
f 702 671 735
f 707 708 736
f 726 708 696
f 737 634 672
f 709 636 738
f 655 739 676
f 740 693 634
f 710 676 739
f 738 636 710
f 711 741 678
f 678 742 712
f 681 743 680
f 713 744 681
f 714 682 745
f 715 642 714
f 716 746 683
f 689 646 717
f 717 747 685
f 685 748 718
f 749 686 718
f 720 647 719
f 719 686 749
f 723 651 688
f 720 750 688
f 689 717 691
f 690 751 692
f 691 752 721
f 692 753 722
f 690 723 754
f 755 606 724
f 724 693 756
f 694 725 757
f 695 758 721
f 695 722 759
f 758 695 725
f 759 725 695
f 694 736 726
f 739 655 707
f 760 727 697
f 761 699 728
f 699 761 762
f 706 729 705
f 730 763 729
f 732 731 741
f 731 701 764
f 734 704 765
f 705 766 733
f 734 767 703
f 735 703 767
f 708 726 736
f 768 634 737
f 756 693 740
f 740 634 768
f 741 711 732
f 742 678 741
f 743 681 744
f 744 713 769
f 745 770 714
f 714 771 715
f 772 746 716
f 747 717 752
f 748 685 747
f 773 718 748
f 749 718 773
f 719 774 720
f 749 775 719
f 688 776 723
f 750 720 774
f 776 688 750
f 691 717 752
f 690 754 751
f 692 751 753
f 721 752 777
f 722 753 778
f 723 779 754
f 606 755 780
f 781 724 755
f 782 755 724
f 783 756 724
f 784 724 756
f 785 725 757
f 786 757 725
f 694 757 736
f 721 777 758
f 722 778 759
f 725 785 758
f 725 759 786
f 727 760 787
f 788 762 761
f 762 788 789
f 763 730 790
f 766 705 729
f 791 729 763
f 764 741 731
f 767 734 792
f 765 793 734
f 768 794 737
f 737 795 768
f 737 796 797
f 798 737 797
f 756 799 740
f 740 784 756
f 740 800 768
f 768 801 740
f 741 764 742
f 744 802 743
f 769 803 744
f 770 745 804
f 771 714 770
f 772 805 746
f 752 806 747
f 747 807 748
f 773 748 808
f 809 749 773
f 774 719 775
f 775 749 810
f 779 723 776
f 774 776 750
f 754 811 751
f 811 753 751
f 806 752 777
f 812 778 753
f 811 754 779
f 724 781 783
f 755 777 781
f 755 782 813
f 724 784 782
f 756 783 814
f 757 815 785
f 757 786 816
f 758 777 781
f 759 778 817
f 758 781 785
f 759 817 786
f 789 787 760
f 787 789 788
f 770 790 771
f 790 770 763
f 729 791 766
f 763 804 791
f 734 818 792
f 793 765 819
f 818 734 793
f 794 768 800
f 796 737 794
f 795 737 798
f 801 768 795
f 820 797 796
f 821 798 797
f 799 756 814
f 800 740 799
f 784 740 801
f 802 744 803
f 803 769 822
f 804 763 770
f 823 805 772
f 807 747 806
f 808 748 807
f 824 773 808
f 749 809 810
f 773 824 809
f 825 774 775
f 826 775 810
f 776 774 779
f 753 811 812
f 777 755 806
f 778 812 827
f 779 828 811
f 785 781 783
f 829 813 782
f 813 806 755
f 830 782 784
f 815 783 814
f 815 757 831
f 785 783 815
f 786 832 816
f 816 831 757
f 827 817 778
f 786 817 833
f 819 803 793
f 793 822 818
f 797 820 821
f 796 800 794
f 834 795 798
f 834 801 795
f 820 800 796
f 798 821 834
f 835 814 799
f 820 799 800
f 836 784 801
f 803 819 802
f 822 793 803
f 823 837 805
f 806 813 807
f 808 807 838
f 808 839 824
f 840 810 809
f 841 809 824
f 779 774 825
f 825 775 842
f 842 775 826
f 826 810 840
f 811 843 812
f 812 844 827
f 828 779 825
f 811 828 845
f 846 813 829
f 829 782 830
f 830 784 836
f 815 814 835
f 847 815 831
f 786 833 832
f 816 832 848
f 831 816 849
f 831 850 847
f 817 827 851
f 851 833 817
f 821 835 847
f 847 834 821
f 835 821 820
f 834 852 801
f 835 799 820
f 836 801 853
f 854 837 823
f 846 807 813
f 838 807 846
f 839 808 838
f 855 824 839
f 840 809 841
f 841 824 855
f 842 856 825
f 826 857 842
f 840 858 826
f 811 845 843
f 812 843 844
f 827 844 859
f 825 860 828
f 828 861 845
f 862 846 829
f 863 829 830
f 836 863 830
f 815 847 835
f 864 832 833
f 865 848 832
f 816 848 849
f 850 831 849
f 834 847 850
f 827 859 851
f 833 851 864
f 834 866 852
f 853 801 852
f 853 867 836
f 868 837 854
f 837 868 869
f 870 838 846
f 838 870 839
f 855 839 871
f 872 840 841
f 873 841 855
f 856 842 857
f 860 825 856
f 857 826 858
f 858 840 874
f 845 875 843
f 875 844 843
f 876 859 844
f 861 828 860
f 875 845 861
f 846 862 870
f 829 863 862
f 863 836 867
f 832 864 865
f 848 865 877
f 849 848 878
f 849 878 850
f 850 866 834
f 851 859 879
f 851 879 864
f 866 880 852
f 852 881 853
f 867 853 881
f 882 839 870
f 871 839 882
f 883 855 871
f 840 872 874
f 841 873 872
f 855 883 873
f 844 875 876
f 859 876 884
f 885 870 862
f 886 862 863
f 887 863 867
f 864 888 865
f 865 889 877
f 890 848 877
f 848 890 878
f 850 878 866
f 884 879 859
f 864 879 891
f 880 866 892
f 881 852 880
f 892 867 881
f 882 870 885
f 893 871 882
f 871 893 883
f 885 862 886
f 886 863 887
f 887 867 894
f 864 891 888
f 865 888 889
f 877 889 895
f 877 895 890
f 892 878 890
f 878 892 866
f 879 884 896
f 896 891 879
f 892 881 880
f 892 897 867
f 898 882 885
f 882 898 893
f 899 885 886
f 887 899 886
f 894 867 897
f 894 900 887
f 901 888 891
f 902 889 888
f 889 903 895
f 890 895 904
f 890 904 892
f 891 896 901
f 892 904 897
f 885 899 898
f 899 887 900
f 897 905 894
f 900 894 905
f 888 901 902
f 889 902 906
f 903 889 906
f 907 895 903
f 895 907 904
f 904 908 897
f 905 897 908
f 908 904 907
f 29 28 27
f 30 27 28
f 29 31 28
f 27 32 29
f 909 30 27
f 27 30 909
f 28 33 30
f 28 31 33
f 34 31 29
f 34 29 32
f 909 27 32
f 32 27 909
f 909 35 30
f 30 35 909
f 35 30 33
f 33 31 36
f 37 31 34
f 32 38 34
f 909 32 38
f 38 32 909
f 909 41 35
f 35 41 909
f 33 36 35
f 31 39 36
f 40 31 37
f 37 34 38
f 909 38 44
f 44 38 909
f 49 41 909
f 909 41 49
f 41 35 36
f 36 39 42
f 39 909 31
f 31 909 39
f 43 31 40
f 40 37 44
f 38 44 37
f 909 44 47
f 47 44 909
f 49 25 41
f 41 25 49
f 909 39 49
f 49 39 909
f 36 42 41
f 45 42 39
f 910 31 909
f 909 31 910
f 46 31 43
f 43 40 47
f 44 47 40
f 909 47 53
f 53 47 909
f 49 48 25
f 25 48 49
f 25 49 48
f 23 49 25
f 25 41 48
f 49 50 39
f 48 41 42
f 42 45 51
f 45 39 50
f 31 910 57
f 57 910 31
f 909 58 910
f 910 58 909
f 52 31 46
f 46 43 53
f 47 53 43
f 909 53 58
f 58 53 909
f 50 48 49
f 49 48 50
f 54 48 49
f 21 49 23
f 23 911 25
f 25 911 23
f 25 26 23
f 59 42 48
f 48 42 59
f 51 45 55
f 42 59 51
f 51 59 42
f 50 56 45
f 70 57 910
f 910 57 70
f 57 31 52
f 910 58 63
f 63 58 910
f 52 46 58
f 53 58 46
f 50 59 48
f 48 59 50
f 48 54 59
f 21 60 49
f 21 912 23
f 23 912 21
f 21 23 24
f 911 23 912
f 912 23 911
f 911 25 913
f 24 23 26
f 26 913 25
f 45 61 55
f 55 914 51
f 59 51 914
f 61 45 56
f 56 914 50
f 50 914 56
f 57 70 69
f 69 70 57
f 910 68 70
f 70 68 910
f 62 57 52
f 58 63 52
f 910 63 68
f 68 63 910
f 50 914 59
f 59 914 50
f 59 54 26
f 64 49 60
f 19 60 21
f 912 21 915
f 915 21 912
f 22 21 24
f 911 913 912
f 24 916 26
f 26 65 24
f 913 26 916
f 61 66 55
f 55 80 914
f 56 67 61
f 67 914 56
f 56 914 67
f 70 69 68
f 69 57 71
f 71 57 62
f 62 52 63
f 63 68 62
f 54 72 26
f 73 59 26
f 74 60 19
f 917 21 19
f 19 21 917
f 19 21 75
f 21 917 915
f 915 917 21
f 915 912 916
f 76 21 22
f 22 918 24
f 22 24 77
f 916 912 913
f 916 24 918
f 24 65 77
f 78 65 26
f 66 79 55
f 66 61 67
f 919 914 80
f 55 81 80
f 89 914 67
f 67 914 89
f 71 68 69
f 71 62 68
f 72 78 26
f 74 82 60
f 17 74 19
f 19 920 917
f 917 920 19
f 75 21 76
f 83 19 75
f 917 915 921
f 918 915 916
f 76 22 84
f 22 20 918
f 20 22 77
f 65 85 77
f 78 86 65
f 79 87 55
f 66 88 79
f 67 89 66
f 115 919 914
f 914 919 115
f 80 100 919
f 81 90 80
f 87 81 55
f 102 914 89
f 89 914 102
f 922 72 78
f 72 91 78
f 60 82 92
f 93 82 74
f 93 74 17
f 17 19 94
f 920 19 17
f 17 19 920
f 920 917 923
f 75 924 76
f 76 924 75
f 94 19 83
f 83 921 75
f 75 921 83
f 921 915 924
f 925 917 921
f 924 915 918
f 84 22 95
f 76 926 84
f 84 926 76
f 927 918 20
f 20 95 22
f 18 20 77
f 85 96 77
f 65 97 85
f 65 86 97
f 928 78 86
f 78 98 86
f 79 127 87
f 79 88 99
f 88 66 89
f 929 919 115
f 115 919 929
f 115 914 113
f 113 914 115
f 930 919 100
f 80 101 100
f 90 101 80
f 81 134 90
f 87 125 81
f 117 914 102
f 102 914 117
f 89 102 88
f 72 922 931
f 78 928 922
f 103 78 91
f 82 91 72
f 92 82 72
f 932 60 92
f 104 82 93
f 60 932 933
f 15 93 17
f 105 17 94
f 17 934 920
f 920 934 17
f 923 917 925
f 935 920 923
f 924 75 921
f 921 75 924
f 926 76 924
f 924 76 926
f 923 83 94
f 94 83 923
f 921 83 925
f 925 83 921
f 924 918 926
f 84 936 95
f 95 936 84
f 936 84 926
f 926 84 936
f 927 936 918
f 20 18 927
f 106 95 20
f 18 107 20
f 16 18 77
f 96 108 77
f 85 109 96
f 97 109 85
f 97 86 109
f 123 928 86
f 98 110 86
f 111 98 78
f 125 87 127
f 127 79 126
f 88 112 99
f 99 126 79
f 929 930 919
f 919 930 929
f 115 929 114
f 113 914 129
f 129 914 113
f 115 114 113
f 100 131 930
f 101 116 100
f 101 90 152
f 132 90 134
f 134 81 125
f 136 914 117
f 117 914 136
f 102 117 112
f 112 88 102
f 931 92 72
f 103 111 78
f 91 937 103
f 103 937 91
f 938 91 82
f 82 91 938
f 92 931 932
f 82 104 118
f 119 104 93
f 120 93 15
f 15 17 105
f 934 17 15
f 15 17 934
f 935 94 105
f 105 94 935
f 934 920 935
f 83 923 925
f 925 923 83
f 94 935 923
f 923 935 94
f 924 939 926
f 926 939 924
f 939 924 940
f 940 924 939
f 926 918 936
f 941 95 936
f 936 95 941
f 941 936 927
f 942 927 18
f 95 941 106
f 106 941 95
f 107 106 20
f 121 107 18
f 18 16 942
f 16 121 18
f 14 16 77
f 108 122 77
f 96 109 108
f 86 123 109
f 928 123 943
f 86 110 123
f 98 124 110
f 111 124 98
f 127 126 125
f 112 128 99
f 126 99 145
f 944 930 929
f 929 930 944
f 147 114 929
f 129 914 148
f 148 914 129
f 113 130 129
f 130 113 114
f 945 930 131
f 100 116 131
f 116 101 154
f 132 152 90
f 152 154 101
f 134 133 132
f 125 126 134
f 158 914 136
f 136 914 158
f 136 135 117
f 128 112 117
f 118 111 103
f 937 91 946
f 946 91 937
f 947 103 937
f 937 103 947
f 103 947 118
f 118 947 103
f 91 938 946
f 946 938 91
f 118 938 82
f 82 938 118
f 104 137 118
f 119 124 104
f 138 119 93
f 138 93 120
f 120 15 139
f 13 15 120
f 120 15 13
f 139 15 105
f 15 948 934
f 934 948 15
f 105 949 935
f 935 949 105
f 949 934 935
f 950 941 927
f 942 950 927
f 941 107 106
f 106 107 941
f 950 121 107
f 107 121 950
f 951 942 16
f 140 121 16
f 16 14 951
f 14 140 16
f 12 14 77
f 122 141 77
f 108 109 122
f 123 142 109
f 142 943 123
f 110 143 123
f 110 124 143
f 144 124 111
f 128 135 99
f 150 145 99
f 126 145 134
f 944 945 930
f 930 945 944
f 929 944 147
f 114 147 146
f 148 914 158
f 158 914 148
f 129 149 148
f 149 129 130
f 130 114 150
f 131 170 945
f 116 151 131
f 154 171 116
f 132 153 152
f 152 155 154
f 133 153 132
f 156 133 134
f 158 157 136
f 128 117 135
f 135 136 157
f 144 111 118
f 938 937 946
f 946 937 938
f 937 938 947
f 947 938 937
f 938 118 947
f 947 118 938
f 137 144 118
f 104 124 137
f 159 124 119
f 160 119 138
f 13 138 120
f 161 120 139
f 948 15 13
f 13 15 948
f 70 13 120
f 120 13 70
f 13 120 161
f 949 105 139
f 139 105 949
f 948 934 949
f 107 941 950
f 950 941 107
f 952 950 942
f 121 950 952
f 952 950 121
f 951 952 942
f 952 140 121
f 121 140 952
f 953 951 14
f 162 140 14
f 14 12 953
f 12 163 14
f 10 12 77
f 141 164 77
f 122 109 141
f 142 165 109
f 123 143 142
f 943 142 954
f 124 166 143
f 137 124 144
f 135 157 99
f 145 150 181
f 99 157 150
f 145 167 134
f 955 945 944
f 944 945 955
f 184 147 944
f 146 147 168
f 150 114 146
f 148 169 158
f 169 148 149
f 149 130 150
f 956 945 170
f 131 151 170
f 151 116 171
f 154 172 171
f 153 155 152
f 155 172 154
f 133 203 153
f 156 205 133
f 167 156 134
f 157 158 169
f 124 159 173
f 160 159 119
f 174 160 138
f 174 138 11
f 11 138 13
f 957 139 161
f 161 139 957
f 948 958 13
f 13 70 11
f 11 70 13
f 11 13 161
f 139 957 949
f 949 957 139
f 957 948 949
f 959 952 951
f 140 952 959
f 959 952 140
f 953 959 951
f 959 162 140
f 140 162 959
f 163 162 14
f 960 953 12
f 175 163 12
f 12 10 960
f 10 175 12
f 8 10 77
f 164 176 77
f 141 109 164
f 177 109 165
f 165 142 178
f 165 954 142
f 143 178 142
f 143 166 178
f 166 124 179
f 146 181 150
f 145 181 180
f 157 169 150
f 167 145 182
f 955 956 945
f 945 956 955
f 944 955 184
f 147 184 183
f 168 147 183
f 146 168 181
f 169 149 150
f 170 197 956
f 151 185 170
f 171 199 151
f 172 186 171
f 155 153 220
f 172 155 222
f 201 153 203
f 203 133 205
f 205 156 206
f 167 206 156
f 187 173 159
f 173 179 124
f 188 159 160
f 189 160 174
f 9 174 11
f 11 13 958
f 161 961 957
f 957 961 161
f 958 948 957
f 190 11 161
f 962 959 953
f 162 959 962
f 962 959 162
f 962 163 162
f 162 163 962
f 960 963 953
f 963 175 163
f 163 175 963
f 964 960 10
f 191 175 10
f 10 8 964
f 8 191 10
f 6 8 77
f 176 192 77
f 164 109 176
f 109 177 235
f 177 165 193
f 178 965 165
f 178 166 165
f 954 165 965
f 179 194 166
f 180 181 195
f 182 145 180
f 182 204 167
f 966 956 955
f 955 956 966
f 217 184 955
f 183 184 196
f 168 183 216
f 216 181 168
f 967 956 197
f 170 198 197
f 185 198 170
f 185 151 199
f 171 200 199
f 186 200 171
f 186 172 224
f 201 220 153
f 220 222 155
f 222 224 172
f 203 202 201
f 205 204 203
f 206 204 205
f 206 167 204
f 187 207 173
f 159 188 187
f 173 207 179
f 189 188 160
f 208 189 174
f 208 174 9
f 9 11 209
f 9 11 968
f 958 968 11
f 961 161 190
f 190 161 961
f 961 958 957
f 209 11 190
f 963 962 953
f 163 962 963
f 963 962 163
f 969 963 960
f 175 963 969
f 969 963 175
f 964 969 960
f 969 191 175
f 175 191 969
f 970 964 8
f 210 191 8
f 8 6 970
f 6 210 8
f 4 6 77
f 192 211 77
f 176 109 192
f 177 193 235
f 211 109 235
f 193 165 212
f 965 178 971
f 213 165 166
f 214 166 194
f 179 215 194
f 181 216 195
f 195 252 180
f 180 227 182
f 204 182 227
f 966 967 956
f 956 967 966
f 955 966 217
f 184 217 196
f 183 196 244
f 244 216 183
f 197 245 967
f 198 218 197
f 198 185 247
f 199 247 185
f 200 219 199
f 200 186 248
f 224 248 186
f 201 221 220
f 220 223 222
f 222 225 224
f 202 226 201
f 227 202 203
f 204 227 203
f 228 207 187
f 229 187 188
f 207 215 179
f 230 188 189
f 231 189 208
f 7 208 9
f 232 9 209
f 968 972 9
f 968 958 973
f 190 973 961
f 961 973 190
f 973 958 961
f 973 190 209
f 209 190 973
f 974 969 964
f 191 969 974
f 974 969 191
f 970 974 964
f 974 210 191
f 191 210 974
f 975 970 6
f 233 210 6
f 4 976 6
f 4 3 6
f 2 4 77
f 77 211 234
f 192 109 211
f 193 212 235
f 211 235 234
f 212 165 236
f 237 165 213
f 213 166 238
f 166 214 239
f 194 240 214
f 215 241 194
f 195 216 242
f 227 180 252
f 195 242 252
f 977 967 966
f 966 967 977
f 259 217 966
f 196 217 243
f 261 244 196
f 216 244 242
f 978 967 245
f 197 246 245
f 218 246 197
f 218 198 264
f 247 264 198
f 199 219 247
f 219 200 266
f 248 266 200
f 224 249 248
f 221 223 220
f 250 221 201
f 223 225 222
f 225 251 224
f 226 250 201
f 202 979 226
f 227 252 202
f 207 228 293
f 229 228 187
f 188 230 229
f 215 207 294
f 231 230 189
f 231 208 7
f 7 9 972
f 7 9 232
f 980 209 232
f 232 209 980
f 972 968 980
f 980 968 973
f 209 980 973
f 973 980 209
f 981 974 970
f 210 974 981
f 981 974 210
f 975 981 970
f 975 6 976
f 210 982 233
f 233 982 210
f 253 233 6
f 976 4 983
f 3 5 6
f 1 3 4
f 2 983 4
f 2 1 4
f 254 2 77
f 274 234 77
f 77 234 274
f 212 236 235
f 235 255 234
f 236 165 256
f 257 165 237
f 213 238 237
f 238 166 239
f 214 258 239
f 258 214 240
f 194 241 240
f 241 215 984
f 283 252 242
f 977 978 967
f 967 978 977
f 966 977 259
f 217 259 243
f 196 243 261
f 244 261 260
f 242 244 262
f 978 245 985
f 246 263 245
f 218 264 246
f 247 265 264
f 219 265 247
f 266 288 219
f 248 267 266
f 249 267 248
f 251 249 224
f 223 221 986
f 250 987 221
f 225 223 988
f 251 225 989
f 226 990 250
f 990 226 979
f 979 202 991
f 202 252 268
f 992 293 228
f 293 294 207
f 269 228 229
f 270 229 230
f 294 984 215
f 7 230 231
f 972 993 7
f 271 7 232
f 232 994 980
f 980 994 232
f 994 972 980
f 982 210 981
f 981 210 982
f 982 981 975
f 976 995 975
f 996 233 982
f 982 233 996
f 233 996 253
f 253 996 233
f 5 253 6
f 983 997 976
f 5 993 3
f 3 254 5
f 3 995 1
f 1 254 3
f 983 2 997
f 1 997 2
f 2 254 1
f 272 254 77
f 234 274 299
f 299 274 234
f 77 274 273
f 236 256 235
f 275 234 255
f 276 255 235
f 256 165 277
f 278 165 257
f 257 237 239
f 239 237 238
f 258 279 239
f 240 280 258
f 241 281 240
f 984 998 241
f 252 283 282
f 242 262 283
f 999 978 977
f 977 978 999
f 310 259 977
f 243 259 284
f 311 261 243
f 260 261 285
f 262 244 260
f 312 985 245
f 999 985 978
f 978 985 999
f 263 286 245
f 246 313 263
f 313 246 264
f 265 287 264
f 265 219 288
f 266 289 288
f 267 290 266
f 267 249 1000
f 249 251 1001
f 1002 986 221
f 986 988 223
f 1002 221 987
f 987 250 990
f 988 989 225
f 989 1001 251
f 979 991 990
f 268 991 202
f 268 252 291
f 293 992 369
f 228 269 992
f 294 293 292
f 294 293 292
f 270 269 229
f 230 254 270
f 292 984 294
f 5 230 7
f 5 7 993
f 993 972 994
f 5 7 271
f 994 232 271
f 271 232 994
f 996 982 975
f 995 993 975
f 997 995 976
f 1003 253 996
f 996 253 1003
f 253 5 295
f 995 3 993
f 254 230 5
f 997 1 995
f 254 272 296
f 297 272 77
f 274 299 298
f 299 234 300
f 301 273 274
f 273 302 77
f 256 277 235
f 275 300 234
f 255 303 275
f 276 304 255
f 305 276 235
f 277 165 306
f 306 165 278
f 278 257 235
f 235 257 239
f 279 307 239
f 279 258 280
f 240 281 280
f 281 241 998
f 984 354 998
f 282 283 308
f 291 252 282
f 330 283 262
f 977 999 310
f 259 310 309
f 284 259 309
f 243 284 311
f 261 311 285
f 260 285 362
f 262 260 330
f 985 312 1004
f 245 286 312
f 1005 985 999
f 999 985 1005
f 263 334 286
f 334 263 313
f 264 314 313
f 287 314 264
f 265 288 287
f 289 315 288
f 316 289 266
f 290 316 266
f 290 267 1006
f 1001 1000 249
f 1000 1006 267
f 1002 1007 986
f 986 1008 988
f 987 1009 1002
f 990 991 987
f 988 1010 989
f 989 1011 1001
f 991 268 1012
f 291 1012 268
f 1013 369 992
f 1014 992 269
f 317 292 293
f 317 292 293
f 318 269 270
f 296 270 254
f 1015 984 292
f 1016 993 994
f 319 5 271
f 319 994 271
f 271 994 319
f 993 996 975
f 253 1003 295
f 295 1003 253
f 996 993 1003
f 295 5 319
f 320 296 272
f 272 297 320
f 321 297 77
f 298 299 322
f 323 274 298
f 300 324 299
f 273 301 302
f 274 323 301
f 302 325 77
f 277 306 235
f 300 275 303
f 303 255 304
f 304 276 326
f 305 326 276
f 327 305 235
f 306 278 235
f 239 328 235
f 307 328 239
f 307 279 329
f 280 329 279
f 280 281 329
f 998 1017 281
f 998 354 1017
f 356 354 984
f 283 330 308
f 282 308 1018
f 282 1018 291
f 333 310 999
f 309 310 331
f 284 309 359
f 359 311 284
f 285 311 332
f 361 362 285
f 362 330 260
f 364 1004 312
f 1005 1004 985
f 985 1004 1005
f 286 333 312
f 1005 365 999
f 367 286 334
f 313 335 334
f 336 313 314
f 287 337 314
f 337 287 288
f 337 288 315
f 289 1019 315
f 316 1020 289
f 290 1006 316
f 1001 1021 1000
f 1000 1022 1006
f 1007 1023 986
f 1024 1007 1002
f 1008 1025 988
f 1026 1008 986
f 1009 1027 1002
f 1028 1009 987
f 991 1012 987
f 1010 1029 989
f 1030 1010 988
f 1011 1031 1001
f 1032 1011 989
f 1012 291 1018
f 369 1013 1033
f 992 1014 1013
f 269 318 1014
f 338 292 317
f 338 292 317
f 296 318 270
f 1015 356 984
f 292 369 1015
f 1003 993 1016
f 994 319 1016
f 1016 319 994
f 1016 295 1003
f 1003 295 1016
f 295 1016 319
f 319 1016 295
f 320 318 296
f 339 320 297
f 321 340 297
f 341 321 77
f 299 342 322
f 322 1034 298
f 343 323 298
f 324 344 299
f 324 300 345
f 346 302 301
f 301 323 346
f 325 347 77
f 302 346 325
f 303 345 300
f 304 345 303
f 326 348 304
f 326 305 349
f 327 349 305
f 350 327 235
f 328 351 235
f 328 307 352
f 329 352 307
f 281 353 329
f 353 281 1017
f 379 1017 354
f 356 1035 354
f 356 355 354
f 308 330 357
f 1036 1018 308
f 310 333 358
f 333 999 365
f 331 310 358
f 331 335 309
f 383 359 309
f 311 359 332
f 285 332 361
f 362 361 360
f 330 362 363
f 1004 364 1037
f 312 365 364
f 1038 1004 1005
f 1005 1004 1038
f 333 365 312
f 286 358 333
f 365 1005 385
f 286 367 358
f 367 334 366
f 335 366 334
f 336 335 313
f 314 387 336
f 387 314 337
f 315 368 337
f 1039 315 1019
f 1019 289 1020
f 1020 316 1006
f 1021 1040 1000
f 1041 1021 1001
f 1022 1042 1006
f 1043 1022 1000
f 1023 1026 986
f 1007 1044 1023
f 1024 1045 1007
f 1046 1024 1002
f 1025 1030 988
f 1025 1008 1047
f 1008 1026 1048
f 1027 1046 1002
f 1009 1049 1027
f 1028 1050 1009
f 1012 1028 987
f 1029 1032 989
f 1029 1010 1051
f 1010 1030 1052
f 1031 1041 1001
f 1031 1011 1053
f 1011 1032 1054
f 1012 1018 1055
f 1056 1033 1013
f 1033 1015 369
f 1057 1013 1014
f 1058 1014 318
f 369 292 338
f 369 292 338
f 1033 356 1015
f 370 318 320
f 339 370 320
f 339 297 340
f 340 321 371
f 341 371 321
f 347 341 77
f 372 322 342
f 373 342 299
f 393 298 1034
f 1034 1059 322
f 322 1059 1034
f 343 1060 323
f 374 343 298
f 344 375 299
f 324 1061 344
f 345 1062 324
f 346 323 376
f 325 376 347
f 376 325 346
f 348 345 304
f 349 348 326
f 349 327 377
f 350 377 327
f 351 350 235
f 351 328 378
f 352 378 328
f 329 353 352
f 1017 396 353
f 379 396 1017
f 1035 379 354
f 354 380 379
f 1035 356 1063
f 380 354 355
f 381 355 356
f 357 330 363
f 308 357 1036
f 1018 1036 1064
f 358 366 331
f 383 309 335
f 335 331 366
f 359 383 382
f 332 359 382
f 399 361 332
f 360 361 384
f 363 362 360
f 400 1037 364
f 1004 1038 1037
f 1037 1038 1004
f 365 385 364
f 1038 385 1005
f 366 358 367
f 386 335 336
f 402 336 387
f 337 388 387
f 368 388 337
f 389 368 315
f 315 1039 389
f 1039 1019 1065
f 1020 1066 1019
f 1006 1067 1020
f 1040 1043 1000
f 1040 1021 1068
f 1021 1041 1069
f 1042 1070 1006
f 1022 1071 1042
f 1043 1072 1022
f 1026 1023 1073
f 1023 1044 1074
f 1044 1007 1045
f 1045 1024 1075
f 1046 1075 1024
f 1030 1025 1076
f 1048 1047 1008
f 1047 1076 1025
f 1073 1048 1026
f 1027 1077 1046
f 1077 1027 1049
f 1049 1009 1050
f 1050 1028 1078
f 1028 1012 1055
f 1032 1029 1079
f 1052 1051 1010
f 1051 1079 1029
f 1076 1052 1030
f 1041 1031 1080
f 1054 1053 1011
f 1053 1080 1031
f 1079 1054 1032
f 1055 1018 1081
f 1056 397 1033
f 1013 1057 1056
f 1014 1058 1057
f 318 370 1058
f 397 356 1033
f 340 370 339
f 371 390 340
f 371 341 391
f 347 391 341
f 322 1082 372
f 372 1082 322
f 342 1083 372
f 373 1084 342
f 375 373 299
f 298 393 392
f 1034 1085 393
f 1034 1086 1059
f 1059 1086 1034
f 322 1059 1082
f 1082 1059 322
f 1087 323 1060
f 1060 343 1088
f 374 1088 343
f 394 374 298
f 344 1089 375
f 1089 344 1061
f 1061 324 1062
f 345 348 1062
f 376 323 391
f 391 347 376
f 377 348 349
f 377 350 378
f 351 378 350
f 352 395 378
f 353 395 352
f 395 353 396
f 379 380 396
f 356 1090 1063
f 1063 1091 1035
f 1090 1035 1063
f 1063 1035 1090
f 380 1092 355
f 355 1092 380
f 1035 381 355
f 355 381 1035
f 397 381 356
f 357 363 1093
f 1093 1036 357
f 1064 1036 1094
f 1095 1018 1064
f 383 335 386
f 382 383 398
f 332 382 399
f 361 399 384
f 360 384 1096
f 363 360 1097
f 1037 400 1038
f 400 364 385
f 385 1038 400
f 336 402 386
f 402 387 401
f 388 401 387
f 368 382 388
f 399 368 389
f 1065 389 1039
f 1066 1065 1019
f 1098 1066 1020
f 1099 1020 1067
f 1070 1067 1006
f 1040 1068 1043
f 1069 1068 1021
f 1080 1069 1041
f 1042 1100 1070
f 1100 1042 1071
f 1071 1022 1072
f 1072 1043 1068
f 1074 1073 1023
f 1101 1074 1044
f 1045 1102 1044
f 1075 1103 1045
f 1075 1046 1077
f 1048 1104 1047
f 1047 1105 1076
f 1073 1106 1048
f 1049 1078 1077
f 1050 1078 1049
f 1055 1078 1028
f 1052 1107 1051
f 1051 1108 1079
f 1076 1109 1052
f 1054 1110 1053
f 1053 1111 1080
f 1079 1112 1054
f 1081 1018 1113
f 1081 1114 1055
f 1115 397 1056
f 1115 1056 1057
f 1116 1057 1058
f 1117 1058 370
f 1090 356 397
f 390 370 340
f 391 390 371
f 1082 372 1083
f 1083 342 1084
f 1084 373 1118
f 375 1118 373
f 393 403 392
f 404 298 392
f 403 393 1085
f 1085 1086 1034
f 1034 1086 1085
f 1086 1059 418
f 1082 414 1059
f 1087 1119 323
f 1060 1120 1087
f 1088 1121 1060
f 1088 374 1122
f 394 1122 374
f 405 394 298
f 1118 375 1089
f 1061 414 1089
f 1062 414 1061
f 413 1062 348
f 323 390 391
f 395 348 377
f 378 395 377
f 396 413 395
f 396 380 406
f 1090 1123 1063
f 1124 1035 1091
f 1123 1091 1063
f 381 1035 1090
f 1090 1035 381
f 1092 380 1125
f 1125 380 1092
f 355 1092 1035
f 1035 1092 355
f 407 381 397
f 1097 1093 363
f 1036 1093 1126
f 1094 1036 1127
f 1094 1128 1064
f 1113 1018 1095
f 1064 1129 1095
f 398 383 386
f 398 388 382
f 368 399 382
f 384 399 408
f 1130 1096 384
f 1096 1097 360
f 401 386 402
f 388 398 401
f 409 399 389
f 389 1065 409
f 1066 409 1065
f 1098 408 1066
f 1131 1098 1020
f 1099 1131 1020
f 1067 1132 1099
f 1070 1133 1067
f 1069 1134 1068
f 1080 1134 1069
f 1133 1070 1100
f 1071 1135 1100
f 1072 1136 1071
f 1068 1137 1072
f 1101 1073 1074
f 1044 1129 1101
f 1102 1129 1044
f 1103 1102 1045
f 1114 1103 1075
f 1077 1114 1075
f 1104 1105 1047
f 1106 1104 1048
f 1105 1109 1076
f 1128 1106 1073
f 1078 1114 1077
f 1078 1055 1114
f 1107 1138 1051
f 1109 1107 1052
f 1108 1112 1079
f 1138 1108 1051
f 1110 1111 1053
f 1112 1110 1054
f 1111 1134 1080
f 1113 1103 1081
f 1114 1081 1103
f 1115 429 397
f 1057 1116 1115
f 1058 1117 1116
f 370 390 1117
f 397 1139 1090
f 1083 414 1082
f 1084 414 1083
f 1118 414 1084
f 392 403 410
f 1085 1140 403
f 1085 1141 1086
f 1086 1141 1085
f 420 418 1059
f 418 421 1086
f 1142 1059 414
f 390 323 1119
f 1119 1087 1143
f 1144 1087 1120
f 1120 1060 1121
f 1121 1088 1145
f 1122 1145 1088
f 1122 394 1146
f 405 1146 394
f 411 405 298
f 1089 414 1118
f 1147 414 1062
f 413 1147 1062
f 348 395 413
f 413 396 412
f 412 413 1035
f 406 380 414
f 406 412 396
f 1139 1123 1090
f 1148 1035 1124
f 1149 1124 1091
f 1150 1123 1091
f 1091 1123 1150
f 1139 381 1090
f 1090 381 1139
f 380 1139 1125
f 1125 1139 380
f 1092 1151 1125
f 414 1092 1125
f 1035 1152 1092
f 1092 406 1035
f 381 407 415
f 397 429 407
f 1139 397 407
f 1093 1097 1153
f 1126 1093 1154
f 1127 1036 1126
f 1094 1127 1128
f 1129 1064 1128
f 1095 1102 1113
f 1102 1095 1129
f 386 401 398
f 408 399 409
f 384 408 1130
f 1096 1130 1155
f 1097 1096 1156
f 409 1066 408
f 1098 1130 408
f 1157 1098 1131
f 1099 1158 1131
f 1158 1099 1132
f 1132 1067 1133
f 1134 1137 1068
f 1100 1159 1133
f 1135 1159 1100
f 1136 1135 1071
f 1137 1136 1072
f 1101 1128 1073
f 1129 1128 1101
f 1103 1113 1102
f 1105 1104 1154
f 1104 1106 1126
f 1109 1105 1160
f 1106 1128 1127
f 1138 1107 1161
f 1107 1109 1153
f 1112 1108 1156
f 1108 1138 1162
f 1111 1110 1163
f 1110 1112 1164
f 1134 1111 1155
f 429 1115 448
f 1165 1115 1116
f 1166 1116 1117
f 1119 1117 390
f 403 416 410
f 410 435 392
f 392 417 410
f 416 403 1140
f 1140 1141 1085
f 1085 1141 1140
f 1141 1086 421
f 420 419 418
f 420 1059 1167
f 418 419 421
f 1168 1059 1142
f 1142 414 1169
f 1144 1143 1087
f 1143 1166 1119
f 1120 1170 1144
f 1121 1171 1120
f 1145 1172 1121
f 1145 1122 1173
f 1146 1173 1122
f 1146 405 1174
f 411 1174 405
f 422 411 298
f 414 1147 406
f 412 1147 413
f 1035 406 412
f 407 414 380
f 1092 414 406
f 412 406 1147
f 1123 1139 1175
f 1176 1035 1148
f 1177 1148 1124
f 1124 1148 1177
f 1124 1178 1148
f 1179 1124 1149
f 1149 1124 1179
f 1149 1180 1124
f 1181 1149 1091
f 1123 1150 1182
f 1182 1150 1123
f 1151 1150 1091
f 1091 1150 1151
f 381 1139 415
f 415 1139 381
f 1139 380 415
f 415 380 1139
f 1139 1125 1151
f 407 1125 1139
f 1183 1151 1092
f 1125 407 414
f 1152 1184 1092
f 1185 1152 1035
f 415 407 380
f 429 1186 407
f 1153 1097 1161
f 1160 1093 1153
f 1154 1093 1160
f 1126 1154 1104
f 1127 1126 1106
f 1155 1130 1187
f 1163 1096 1155
f 1156 1096 1164
f 1162 1097 1156
f 1130 1098 1187
f 1188 1098 1157
f 1131 1189 1157
f 1189 1131 1158
f 1158 1132 1189
f 1133 1190 1132
f 1137 1134 1191
f 1159 1190 1133
f 1135 1192 1159
f 1136 1193 1135
f 1137 1187 1136
f 1154 1160 1105
f 1160 1153 1109
f 1153 1161 1107
f 1161 1162 1138
f 1162 1156 1108
f 1156 1164 1112
f 1164 1163 1110
f 1163 1155 1111
f 1155 1187 1134
f 1165 448 1115
f 429 448 431
f 1116 1166 1165
f 1117 1194 1166
f 1194 1117 1119
f 416 423 410
f 433 392 435
f 435 410 437
f 424 410 417
f 392 425 417
f 1140 1195 416
f 1140 1196 1141
f 1141 1196 1140
f 421 441 1141
f 426 419 420
f 1167 1059 1197
f 1198 420 1167
f 419 427 421
f 1199 1059 1168
f 1200 1168 1142
f 407 1169 414
f 1142 1169 1201
f 1143 1144 1202
f 1119 1166 1194
f 1166 1143 1203
f 1204 1144 1170
f 1170 1120 1171
f 1171 1121 1172
f 1172 1145 1205
f 1173 1205 1145
f 1173 1146 1206
f 1174 1206 1146
f 1174 411 445
f 422 445 411
f 428 422 298
f 1175 1139 1151
f 1123 1207 1175
f 1175 1207 1123
f 1208 1035 1176
f 1209 1176 1148
f 1148 1176 1209
f 1148 1210 1176
f 1209 1148 1177
f 1177 1148 1209
f 1177 1124 1179
f 1179 1124 1177
f 1210 1148 1178
f 1178 1124 1180
f 1179 1149 1211
f 1211 1149 1179
f 1180 1149 1212
f 1211 1149 1181
f 1181 1149 1211
f 1181 1212 1149
f 1213 1181 1091
f 1214 1182 1150
f 1150 1182 1214
f 1207 1123 1182
f 1182 1123 1207
f 1150 1151 1215
f 1215 1151 1150
f 1151 1216 1091
f 1217 1151 1183
f 1218 1183 1092
f 1184 1218 1092
f 1152 1219 1184
f 1152 1220 1184
f 1184 1220 1152
f 1185 1221 1152
f 1220 1152 1185
f 1185 1152 1220
f 1185 1035 1222
f 1186 1223 407
f 447 1186 429
f 1161 1097 1162
f 1164 1096 1163
f 1187 1098 1193
f 1192 1098 1188
f 1157 1190 1188
f 1190 1157 1189
f 1190 1189 1132
f 1191 1134 1187
f 1191 1187 1137
f 1159 1188 1190
f 1188 1159 1192
f 1192 1135 1193
f 1193 1136 1187
f 450 448 1165
f 452 431 448
f 431 430 429
f 1203 1165 1166
f 423 432 410
f 423 416 1195
f 433 456 392
f 435 434 433
f 433 435 480
f 438 437 410
f 437 436 435
f 435 437 479
f 410 424 438
f 417 439 424
f 440 417 425
f 425 392 456
f 1195 1196 1140
f 1140 1196 1195
f 1196 1141 441
f 421 427 441
f 419 426 480
f 426 419 442
f 443 426 420
f 1197 1059 1199
f 1197 492 1167
f 1224 420 1198
f 1167 493 1198
f 419 480 427
f 427 444 419
f 1168 500 1199
f 1225 1168 1200
f 1200 1142 1226
f 1227 1169 407
f 1228 1201 1169
f 1201 1226 1142
f 1204 1202 1144
f 1202 1203 1143
f 1170 504 1204
f 1171 507 1170
f 1172 509 1171
f 1205 420 1172
f 1205 1173 1229
f 1206 1229 1173
f 1206 1174 513
f 445 513 1174
f 422 428 445
f 1207 1151 1175
f 1175 1151 1207
f 1222 1035 1208
f 1230 1208 1176
f 1176 1208 1230
f 1176 1231 1208
f 1230 1176 1209
f 1209 1176 1230
f 1231 1176 1210
f 1177 1232 1209
f 1209 1233 1177
f 1179 1232 1177
f 1177 1234 1179
f 1178 1234 1210
f 1180 1235 1178
f 1211 1232 1179
f 1179 1235 1211
f 1212 1236 1180
f 1211 1181 1237
f 1237 1181 1211
f 1212 1181 1238
f 1213 1237 1181
f 1181 1237 1213
f 1213 1238 1181
f 1239 1213 1091
f 1182 1214 1240
f 1240 1214 1182
f 1215 1214 1150
f 1150 1214 1215
f 1182 1241 1207
f 1207 1241 1182
f 1151 1207 1215
f 1215 1207 1151
f 1216 1242 1091
f 1216 1151 1243
f 1244 1151 1217
f 1183 1245 1217
f 1183 1246 1217
f 1217 1246 1183
f 1218 1247 1183
f 1218 1246 1183
f 1183 1246 1218
f 1184 1248 1218
f 1184 1249 1218
f 1218 1249 1184
f 1248 1184 1219
f 1219 1152 1221
f 1184 1220 1249
f 1249 1220 1184
f 1221 1185 1250
f 1220 1250 1185
f 1185 1251 1220
f 1251 1185 1222
f 1223 1252 407
f 1186 1253 1223
f 467 1186 447
f 447 429 446
f 1193 1098 1192
f 450 449 448
f 470 450 1165
f 471 431 452
f 452 448 451
f 453 429 430
f 430 431 454
f 1203 529 1165
f 410 432 438
f 432 423 1254
f 1195 1254 423
f 456 433 455
f 456 433 481
f 457 433 434
f 434 435 436
f 480 435 479
f 481 433 480
f 437 438 482
f 436 437 458
f 479 437 484
f 459 438 424
f 439 444 424
f 442 439 417
f 440 442 417
f 425 460 440
f 456 487 425
f 1195 1255 1196
f 1196 1255 1195
f 441 461 1196
f 441 427 461
f 481 480 426
f 439 442 419
f 442 462 426
f 426 443 481
f 443 426 462
f 463 443 420
f 1199 495 1197
f 493 1167 492
f 492 1197 495
f 1256 420 1224
f 1198 497 1224
f 497 1198 493
f 479 427 480
f 439 419 444
f 444 427 464
f 495 1199 500
f 500 1168 502
f 1225 502 1168
f 1227 1225 1200
f 1200 1226 1227
f 1169 1227 1228
f 1257 1227 407
f 1201 1228 1226
f 1204 505 1202
f 1202 531 1203
f 504 505 1204
f 507 504 1170
f 509 507 1171
f 511 509 1172
f 1172 420 550
f 1229 420 1205
f 1229 1206 514
f 513 514 1206
f 445 1258 513
f 445 428 465
f 1208 1230 1222
f 1222 1230 1208
f 1208 1259 1222
f 1259 1208 1231
f 1209 1260 1230
f 1230 1261 1209
f 1210 1233 1231
f 1232 1260 1209
f 1234 1177 1233
f 1233 1209 1261
f 1235 1179 1234
f 1234 1233 1210
f 1235 1234 1178
f 1236 1235 1180
f 1262 1232 1211
f 1236 1211 1235
f 1263 1236 1212
f 1211 1237 1264
f 1264 1237 1211
f 1212 1238 1263
f 1237 1213 1265
f 1265 1213 1237
f 1213 1239 1238
f 1266 1213 1239
f 1239 1213 1266
f 1267 1239 1091
f 1214 1241 1240
f 1240 1241 1214
f 1241 1182 1240
f 1240 1182 1241
f 1214 1215 1268
f 1268 1215 1214
f 1241 1215 1207
f 1207 1215 1241
f 1242 1269 1091
f 1270 1242 1216
f 1216 1242 1270
f 1216 1271 1242
f 1243 1151 1272
f 1216 1243 1270
f 1273 1151 1244
f 1217 1274 1244
f 1217 1275 1244
f 1244 1275 1217
f 1274 1217 1245
f 1245 1183 1247
f 1217 1246 1275
f 1275 1246 1217
f 1247 1218 1248
f 1218 1249 1246
f 1246 1249 1218
f 1248 1219 1250
f 1221 1250 1219
f 1220 1276 1249
f 1249 1277 1220
f 1250 1220 1277
f 1278 1220 1251
f 1251 1222 1279
f 1252 1280 407
f 1252 1223 1281
f 1282 1223 1253
f 1253 1186 1283
f 517 1186 467
f 467 447 466
f 453 446 429
f 446 466 447
f 468 448 449
f 449 450 469
f 470 469 450
f 523 470 1165
f 471 454 431
f 525 471 452
f 468 451 448
f 451 472 452
f 430 473 453
f 454 474 430
f 529 523 1165
f 531 529 1203
f 432 475 438
f 1254 1284 432
f 1254 1255 1195
f 1195 1255 1254
f 457 455 433
f 455 476 456
f 534 456 481
f 457 434 477
f 434 436 478
f 480 477 479
f 480 481 477
f 485 482 438
f 482 458 437
f 482 484 437
f 458 483 436
f 479 478 484
f 484 498 479
f 438 459 485
f 424 444 459
f 462 442 440
f 486 440 460
f 460 425 487
f 487 456 476
f 487 456 534
f 1255 1196 461
f 461 427 488
f 534 481 443
f 462 489 443
f 490 443 463
f 463 420 514
f 493 492 491
f 492 495 494
f 1285 420 1256
f 1256 1224 570
f 542 1224 497
f 497 493 496
f 427 479 498
f 498 464 427
f 444 464 459
f 500 499 495
f 502 501 500
f 502 1225 544
f 1286 1225 1227
f 1287 1227 1226
f 1287 1228 1227
f 1288 1227 1257
f 1289 1257 407
f 1287 1226 1228
f 505 546 1202
f 546 531 1202
f 505 504 503
f 504 507 506
f 507 509 508
f 509 511 510
f 550 511 1172
f 550 420 580
f 514 420 1229
f 514 513 512
f 1290 513 1258
f 445 465 1258
f 465 428 515
f 1230 1279 1222
f 1222 1291 1230
f 1291 1222 1259
f 1231 1261 1259
f 1292 1230 1260
f 1261 1230 1291
f 1233 1261 1231
f 1232 1293 1260
f 1260 1293 1232
f 1294 1232 1260
f 1260 1232 1294
f 1295 1232 1262
f 1262 1232 1295
f 1232 1296 1262
f 1262 1296 1232
f 1297 1262 1211
f 1211 1236 1298
f 1299 1236 1263
f 1237 1265 1264
f 1264 1299 1237
f 1211 1264 1298
f 1298 1264 1211
f 1300 1263 1238
f 1265 1213 1301
f 1301 1213 1265
f 1237 1263 1265
f 1302 1238 1239
f 1301 1213 1266
f 1266 1213 1301
f 1266 1239 1303
f 1303 1239 1266
f 1303 1239 1267
f 1267 1239 1303
f 1239 1267 1302
f 1304 1267 1091
f 1241 1214 1268
f 1268 1214 1241
f 1215 1241 1268
f 1268 1241 1215
f 1269 1305 1091
f 1306 1269 1242
f 1242 1269 1306
f 1242 1307 1269
f 1306 1242 1270
f 1270 1242 1306
f 1270 1308 1216
f 1307 1242 1271
f 1271 1216 1308
f 1272 1151 1309
f 1243 1272 1310
f 1243 1311 1270
f 1312 1151 1273
f 1244 1313 1273
f 1314 1273 1244
f 1244 1273 1314
f 1313 1244 1274
f 1244 1275 1314
f 1314 1275 1244
f 1274 1245 1315
f 1245 1247 1315
f 1275 1246 1316
f 1275 1317 1246
f 1247 1248 1277
f 1246 1249 1316
f 1246 1315 1249
f 1277 1248 1250
f 1316 1249 1276
f 1276 1220 1318
f 1277 1249 1315
f 1318 1220 1278
f 1251 1319 1278
f 1279 1278 1251
f 1251 1278 1279
f 1279 1320 1251
f 1280 1321 407
f 1280 1252 1322
f 1282 1281 1223
f 1281 1322 1252
f 1253 1323 1282
f 1324 1283 1186
f 1283 1325 1253
f 1324 1186 517
f 517 467 516
f 466 516 467
f 453 518 446
f 446 519 466
f 449 520 468
f 469 521 449
f 469 470 522
f 523 522 470
f 454 471 524
f 556 471 525
f 525 452 472
f 468 526 451
f 451 527 472
f 518 453 473
f 473 430 474
f 474 454 528
f 523 529 522
f 529 531 530
f 438 475 485
f 475 432 1284
f 1284 1326 1254
f 1254 1326 1284
f 1254 1326 1255
f 1255 1326 1254
f 455 457 532
f 481 534 533
f 477 434 478
f 535 457 477
f 478 436 483
f 478 479 477
f 533 477 481
f 482 485 484
f 458 482 483
f 484 483 482
f 483 484 478
f 498 484 485
f 536 485 459
f 486 462 440
f 460 537 486
f 487 564 460
f 476 538 487
f 565 487 534
f 461 488 1255
f 427 498 488
f 443 490 534
f 490 443 489
f 489 462 486
f 539 490 463
f 512 463 514
f 494 491 492
f 491 496 493
f 540 494 495
f 1327 420 1285
f 1285 1256 572
f 542 570 1224
f 570 572 1256
f 542 497 541
f 496 541 497
f 464 498 536
f 536 459 464
f 540 495 499
f 499 500 501
f 501 502 543
f 1286 544 1225
f 544 543 502
f 1286 1227 1328
f 1329 1227 1288
f 1288 1257 615
f 1257 1289 614
f 1330 1289 407
f 546 505 545
f 531 546 547
f 506 503 504
f 503 545 505
f 508 506 507
f 510 508 509
f 548 510 511
f 550 549 511
f 580 420 582
f 550 580 583
f 512 513 463
f 1290 1331 513
f 1258 1332 1290
f 629 1258 465
f 515 428 551
f 515 631 465
f 465 552 515
f 1292 1279 1230
f 1291 1259 1261
f 1333 1292 1260
f 1293 1232 1295
f 1295 1232 1293
f 1293 1334 1260
f 1293 1294 1260
f 1260 1294 1293
f 1232 1294 1335
f 1335 1294 1232
f 1295 1262 1336
f 1336 1262 1295
f 1296 1232 1335
f 1335 1232 1296
f 1337 1262 1296
f 1296 1262 1337
f 1338 1262 1297
f 1297 1262 1338
f 1262 1337 1297
f 1297 1337 1262
f 1298 1297 1211
f 1339 1298 1236
f 1339 1236 1299
f 1263 1237 1299
f 1301 1264 1265
f 1299 1264 1340
f 1298 1264 1341
f 1341 1264 1298
f 1300 1265 1263
f 1342 1300 1238
f 1265 1300 1301
f 1302 1343 1238
f 1266 1341 1301
f 1301 1342 1266
f 1303 1344 1266
f 1266 1343 1303
f 1303 1267 1345
f 1345 1267 1303
f 1346 1302 1267
f 1345 1267 1304
f 1304 1267 1345
f 1267 1304 1346
f 1347 1304 1091
f 1305 1348 1091
f 1349 1305 1269
f 1269 1305 1349
f 1269 1350 1305
f 1349 1269 1306
f 1306 1269 1349
f 1350 1269 1307
f 1270 1311 1306
f 1306 1351 1270
f 1308 1270 1351
f 1271 1308 1307
f 1309 1151 1352
f 1309 1353 1272
f 1309 1354 1272
f 1272 1354 1309
f 1272 1354 1310
f 1310 1355 1243
f 1310 1311 1243
f 1243 1311 1310
f 1243 1356 1311
f 1357 1151 1312
f 1312 1273 1358
f 1273 1359 1312
f 1312 1359 1273
f 1360 1273 1313
f 1273 1314 1361
f 1361 1314 1273
f 1313 1274 1317
f 1314 1275 1362
f 1362 1275 1314
f 1317 1274 1315
f 1315 1247 1277
f 1362 1275 1316
f 1315 1246 1317
f 1317 1275 1363
f 1276 1364 1316
f 1316 1364 1276
f 1365 1276 1316
f 1316 1276 1365
f 1364 1276 1318
f 1318 1276 1364
f 1276 1366 1318
f 1318 1366 1276
f 1367 1318 1278
f 1368 1278 1319
f 1319 1251 1320
f 1278 1279 1369
f 1369 1279 1278
f 1320 1279 1370
f 1321 1371 407
f 1321 1280 1372
f 1322 1372 1280
f 1282 1373 1281
f 1281 1374 1322
f 1323 1373 1282
f 1375 1323 1253
f 1283 1324 1376
f 1325 1377 1253
f 1378 1325 1283
f 588 1324 517
f 516 553 517
f 466 554 516
f 519 446 518
f 554 466 519
f 526 468 520
f 520 449 521
f 521 469 555
f 522 555 469
f 556 524 471
f 524 528 454
f 593 556 525
f 472 557 525
f 527 451 526
f 558 472 527
f 518 473 519
f 474 554 473
f 528 590 474
f 530 522 529
f 547 530 531
f 485 475 559
f 475 1284 595
f 1284 1379 1326
f 1326 1379 1284
f 1326 1255 488
f 560 532 457
f 561 455 532
f 562 533 534
f 560 457 535
f 533 535 477
f 498 485 488
f 485 536 498
f 563 486 537
f 537 460 564
f 564 487 538
f 564 487 565
f 534 565 562
f 565 534 490
f 489 566 490
f 563 489 486
f 490 539 565
f 539 490 566
f 567 539 463
f 1380 463 512
f 512 463 1380
f 463 568 512
f 491 494 1381
f 496 491 1382
f 494 540 1383
f 1384 420 1327
f 1385 1327 1285
f 572 611 1285
f 570 542 569
f 572 570 571
f 541 569 542
f 541 496 1386
f 540 499 659
f 499 501 573
f 543 573 501
f 1286 1328 544
f 543 544 573
f 1328 1227 1387
f 1387 1227 1329
f 1329 1288 617
f 614 615 1257
f 615 617 1288
f 619 614 1289
f 1330 662 1289
f 1388 1330 407
f 545 547 546
f 503 506 574
f 545 503 575
f 506 508 576
f 510 577 508
f 548 578 510
f 548 511 549
f 549 550 579
f 582 420 625
f 582 581 580
f 580 627 583
f 583 579 550
f 513 584 463
f 584 513 1331
f 1290 1389 1331
f 1332 1390 1290
f 1332 1258 1391
f 1258 629 1392
f 629 465 631
f 629 465 1393
f 465 629 632
f 585 551 428
f 551 635 515
f 515 586 551
f 631 515 635
f 586 515 552
f 587 552 465
f 1369 1279 1292
f 1292 1394 1333
f 1333 1394 1292
f 1395 1292 1333
f 1333 1292 1395
f 1396 1333 1260
f 1295 1397 1293
f 1398 1293 1295
f 1295 1293 1398
f 1334 1396 1260
f 1334 1293 1397
f 1294 1293 1399
f 1399 1293 1294
f 1335 1398 1294
f 1336 1262 1338
f 1338 1262 1336
f 1336 1400 1295
f 1336 1398 1295
f 1295 1398 1336
f 1296 1401 1335
f 1337 1402 1296
f 1338 1297 1403
f 1403 1297 1338
f 1337 1404 1297
f 1297 1404 1337
f 1404 1297 1298
f 1298 1339 1405
f 1340 1339 1299
f 1341 1264 1301
f 1341 1340 1264
f 1298 1341 1344
f 1344 1341 1298
f 1342 1301 1300
f 1343 1342 1238
f 1406 1343 1302
f 1344 1341 1266
f 1343 1266 1342
f 1345 1344 1303
f 1406 1303 1343
f 1303 1406 1345
f 1346 1406 1302
f 1345 1304 1407
f 1407 1304 1345
f 1408 1346 1304
f 1407 1304 1347
f 1347 1304 1407
f 1304 1347 1408
f 1409 1347 1091
f 1348 1410 1091
f 1305 1411 1348
f 1348 1411 1305
f 1305 1412 1348
f 1411 1305 1349
f 1349 1305 1411
f 1412 1305 1350
f 1306 1413 1349
f 1349 1414 1306
f 1307 1351 1350
f 1306 1311 1413
f 1351 1306 1414
f 1308 1351 1307
f 1352 1151 1415
f 1352 1416 1309
f 1352 1354 1309
f 1309 1354 1352
f 1417 1272 1353
f 1353 1309 1416
f 1272 1417 1354
f 1310 1354 1418
f 1356 1243 1355
f 1355 1310 1419
f 1418 1311 1310
f 1310 1311 1418
f 1420 1311 1356
f 1421 1151 1357
f 1357 1312 1422
f 1312 1423 1357
f 1357 1423 1312
f 1360 1358 1273
f 1358 1422 1312
f 1273 1424 1359
f 1359 1424 1273
f 1312 1359 1425
f 1425 1359 1312
f 1313 1426 1360
f 1314 1427 1361
f 1361 1427 1314
f 1314 1428 1361
f 1273 1361 1424
f 1424 1361 1273
f 1426 1313 1317
f 1362 1363 1275
f 1314 1362 1428
f 1428 1362 1314
f 1429 1362 1316
f 1363 1426 1317
f 1316 1364 1430
f 1430 1364 1316
f 1276 1365 1431
f 1431 1365 1276
f 1429 1365 1316
f 1316 1365 1429
f 1364 1318 1367
f 1366 1364 1318
f 1318 1364 1366
f 1366 1276 1431
f 1431 1276 1366
f 1278 1368 1367
f 1278 1369 1367
f 1367 1369 1278
f 1319 1320 1368
f 1369 1370 1279
f 1370 1368 1320
f 1371 1432 407
f 1371 1321 1433
f 1372 1433 1321
f 1322 1434 1372
f 1373 1374 1281
f 1374 1434 1322
f 1373 1323 1435
f 1323 1375 1436
f 1437 1375 1253
f 1438 1376 1324
f 1376 1439 1283
f 1377 1440 1253
f 1377 1325 1441
f 1325 1378 1442
f 1443 1378 1283
f 639 1324 588
f 588 517 553
f 553 516 589
f 590 516 554
f 554 519 473
f 526 520 527
f 521 558 520
f 555 643 521
f 522 530 555
f 556 591 524
f 524 592 528
f 591 556 593
f 593 525 557
f 472 558 557
f 558 527 520
f 590 554 474
f 589 590 528
f 530 547 594
f 475 595 559
f 559 488 485
f 1444 595 1284
f 1444 1379 1284
f 1284 1379 1444
f 1379 1326 559
f 488 559 1326
f 532 596 560
f 560 597 532
f 598 455 561
f 561 599 532
f 532 600 561
f 562 601 533
f 560 602 535
f 535 603 560
f 604 535 533
f 537 605 563
f 564 653 537
f 538 606 564
f 654 564 565
f 607 562 565
f 566 489 563
f 654 565 539
f 566 608 539
f 539 567 654
f 567 539 608
f 584 567 463
f 463 1380 657
f 657 1380 463
f 609 1380 512
f 609 512 568
f 463 610 568
f 1381 494 1445
f 1446 491 1381
f 1382 491 1446
f 1386 496 1382
f 1383 540 1447
f 1445 494 1383
f 1435 420 1384
f 1327 1434 1384
f 1448 1327 1385
f 1385 1285 611
f 572 571 611
f 569 571 570
f 569 541 1449
f 1450 541 1386
f 659 499 573
f 616 540 659
f 612 544 1328
f 612 573 544
f 1328 1387 612
f 1387 1329 660
f 617 660 1329
f 615 614 613
f 617 615 616
f 614 619 618
f 619 1289 662
f 662 1330 664
f 1388 664 1330
f 1451 1388 407
f 547 545 620
f 576 574 506
f 574 575 503
f 575 620 545
f 621 576 508
f 621 508 577
f 577 510 578
f 578 548 622
f 549 622 548
f 579 623 549
f 625 420 667
f 625 624 582
f 626 580 581
f 581 582 624
f 583 627 670
f 580 626 627
f 579 583 628
f 1331 708 584
f 1389 1452 1331
f 1453 1389 1290
f 1390 1454 1290
f 1332 1455 1390
f 1391 1258 1456
f 1332 1391 1455
f 1392 629 1457
f 1458 1258 1392
f 631 630 629
f 629 631 1331
f 587 1393 465
f 673 632 629
f 587 465 632
f 551 675 635
f 633 551 586
f 635 634 631
f 631 635 1331
f 552 636 586
f 552 587 637
f 1459 1369 1292
f 1394 1292 1460
f 1460 1292 1394
f 1333 1395 1394
f 1292 1395 1461
f 1461 1395 1292
f 1333 1396 1395
f 1400 1397 1295
f 1293 1398 1399
f 1399 1398 1293
f 1396 1462 1334
f 1334 1462 1396
f 1397 1396 1334
f 1334 1396 1397
f 1462 1397 1334
f 1334 1397 1462
f 1399 1294 1398
f 1401 1398 1335
f 1338 1463 1336
f 1338 1401 1336
f 1336 1401 1338
f 1463 1400 1336
f 1398 1336 1401
f 1401 1336 1398
f 1402 1401 1296
f 1464 1402 1337
f 1403 1297 1404
f 1404 1297 1403
f 1403 1465 1338
f 1464 1338 1403
f 1403 1338 1464
f 1404 1337 1466
f 1466 1337 1404
f 1467 1404 1298
f 1468 1405 1339
f 1405 1467 1298
f 1298 1344 1405
f 1405 1344 1298
f 1469 1339 1340
f 1340 1341 1469
f 1344 1469 1341
f 1405 1344 1345
f 1470 1345 1406
f 1470 1406 1346
f 1407 1405 1345
f 1407 1345 1471
f 1408 1470 1346
f 1407 1347 1472
f 1472 1347 1407
f 1473 1408 1347
f 1472 1347 1409
f 1409 1347 1472
f 1347 1409 1473
f 1474 1409 1091
f 1410 1475 1091
f 1411 1410 1348
f 1348 1410 1411
f 1348 1476 1410
f 1476 1348 1412
f 1411 1349 1413
f 1411 1477 1349
f 1350 1414 1412
f 1414 1349 1477
f 1351 1414 1350
f 1413 1311 1478
f 1415 1151 1479
f 1415 1480 1352
f 1415 1481 1352
f 1352 1481 1415
f 1416 1352 1480
f 1352 1481 1354
f 1354 1481 1352
f 1417 1353 1482
f 1353 1416 1482
f 1482 1354 1417
f 1418 1354 1483
f 1418 1419 1310
f 1356 1355 1420
f 1355 1419 1420
f 1484 1311 1418
f 1418 1311 1484
f 1311 1420 1485
f 1486 1151 1421
f 1421 1357 1487
f 1357 1488 1421
f 1421 1488 1357
f 1422 1487 1357
f 1312 1425 1423
f 1423 1425 1312
f 1357 1423 1488
f 1488 1423 1357
f 1358 1360 1489
f 1422 1358 1490
f 1359 1424 1491
f 1424 1489 1359
f 1359 1489 1424
f 1425 1359 1491
f 1359 1492 1425
f 1425 1492 1359
f 1427 1360 1426
f 1427 1314 1426
f 1426 1314 1427
f 1493 1361 1427
f 1427 1361 1493
f 1491 1361 1428
f 1428 1426 1314
f 1314 1426 1428
f 1361 1491 1424
f 1361 1493 1424
f 1424 1493 1361
f 1362 1494 1363
f 1428 1362 1495
f 1495 1362 1428
f 1496 1362 1429
f 1316 1430 1429
f 1429 1430 1316
f 1497 1426 1363
f 1430 1364 1498
f 1364 1499 1430
f 1430 1499 1364
f 1431 1366 1365
f 1365 1429 1500
f 1500 1429 1365
f 1501 1364 1367
f 1364 1366 1502
f 1502 1366 1364
f 1503 1367 1368
f 1367 1369 1459
f 1459 1369 1367
f 1370 1369 1504
f 1503 1368 1370
f 1432 1505 407
f 1432 1371 1506
f 1433 1506 1371
f 1372 1507 1433
f 1372 1434 1508
f 1373 1435 1374
f 1374 1384 1434
f 1436 1435 1323
f 1509 1436 1375
f 1437 1510 1375
f 1511 1437 1253
f 1376 1438 1512
f 1438 1324 639
f 1439 1513 1283
f 1514 1439 1376
f 1440 1511 1253
f 1377 1441 1440
f 1442 1441 1325
f 1515 1442 1378
f 1378 1443 1515
f 1516 1443 1283
f 639 588 638
f 553 638 588
f 590 589 516
f 589 640 553
f 643 558 521
f 679 643 555
f 594 555 530
f 592 524 591
f 641 528 592
f 682 591 593
f 557 642 593
f 643 557 558
f 641 589 528
f 620 594 547
f 559 595 644
f 595 1444 683
f 1444 1517 1379
f 1379 1517 1444
f 1379 559 1517
f 602 560 596
f 596 532 599
f 600 532 597
f 597 560 603
f 645 455 598
f 598 646 561
f 561 647 598
f 599 561 646
f 647 561 600
f 601 648 533
f 649 601 562
f 650 535 602
f 603 535 651
f 535 650 604
f 604 651 535
f 648 604 533
f 652 563 605
f 605 537 653
f 653 564 606
f 653 564 654
f 565 654 607
f 607 649 562
f 652 566 563
f 608 566 652
f 696 654 567
f 608 655 567
f 656 567 584
f 1380 610 657
f 657 610 1380
f 610 463 657
f 1380 609 1518
f 568 1519 609
f 610 1520 568
f 1445 1521 1381
f 1446 1381 1522
f 1382 1446 1523
f 1386 1382 1524
f 1447 540 616
f 1447 1525 1383
f 1383 1526 1445
f 1436 420 1435
f 1384 1374 1435
f 1434 1327 1527
f 1448 1527 1327
f 1528 1448 1385
f 611 697 1385
f 658 611 571
f 571 569 1529
f 1449 541 1450
f 1530 569 1449
f 1450 1386 1531
f 573 612 659
f 659 660 616
f 660 612 1387
f 617 616 660
f 618 613 614
f 613 616 615
f 661 618 619
f 619 662 661
f 662 664 663
f 664 1388 699
f 1532 1388 1451
f 1505 1451 407
f 576 1533 574
f 574 1533 575
f 575 1533 620
f 621 706 576
f 577 665 621
f 578 623 577
f 622 623 578
f 622 549 623
f 623 579 665
f 667 420 700
f 667 666 625
f 624 625 666
f 581 668 626
f 624 669 581
f 627 704 670
f 670 628 583
f 671 627 626
f 628 665 579
f 656 584 708
f 1331 635 708
f 1452 1534 1331
f 1452 1389 1535
f 1389 1453 1536
f 1537 1453 1290
f 1454 1538 1290
f 1390 1539 1454
f 1539 1390 1455
f 1456 1258 1540
f 1391 1456 1541
f 1541 1455 1391
f 1457 629 1542
f 1457 1543 1392
f 1544 1258 1458
f 1392 1545 1458
f 672 629 630
f 630 631 634
f 1546 629 1331
f 1393 587 673
f 673 636 632
f 632 673 587
f 629 672 673
f 632 637 587
f 677 635 675
f 675 551 674
f 633 674 551
f 586 676 633
f 635 677 634
f 636 676 586
f 637 636 552
f 1459 1504 1369
f 1461 1459 1292
f 1292 1547 1460
f 1460 1547 1292
f 1460 1394 1547
f 1548 1394 1395
f 1461 1395 1549
f 1549 1395 1461
f 1547 1292 1461
f 1461 1292 1547
f 1550 1395 1396
f 1550 1397 1400
f 1400 1397 1550
f 1397 1551 1400
f 1400 1551 1397
f 1462 1396 1552
f 1552 1396 1462
f 1396 1397 1550
f 1550 1397 1396
f 1397 1462 1553
f 1553 1462 1397
f 1465 1463 1338
f 1401 1338 1402
f 1402 1338 1401
f 1554 1400 1463
f 1463 1400 1554
f 1400 1555 1463
f 1463 1555 1400
f 1338 1464 1402
f 1402 1464 1338
f 1466 1464 1337
f 1403 1404 1556
f 1556 1404 1403
f 1557 1465 1403
f 1403 1558 1464
f 1464 1558 1403
f 1466 1467 1404
f 1404 1467 1466
f 1556 1404 1467
f 1467 1404 1556
f 1405 1468 1344
f 1468 1339 1469
f 1559 1467 1405
f 1469 1344 1468
f 1470 1471 1345
f 1407 1559 1405
f 1471 1560 1407
f 1471 1470 1408
f 1472 1561 1407
f 1472 1407 1560
f 1473 1471 1408
f 1472 1409 1562
f 1562 1409 1472
f 1563 1473 1409
f 1562 1409 1474
f 1474 1409 1562
f 1409 1474 1563
f 1564 1474 1091
f 1475 1565 1091
f 1411 1475 1410
f 1410 1475 1411
f 1410 1566 1475
f 1566 1410 1476
f 1476 1412 1477
f 1478 1411 1413
f 1413 1411 1478
f 1477 1413 1411
f 1411 1413 1477
f 1414 1477 1412
f 1478 1311 1467
f 1413 1567 1478
f 1478 1567 1413
f 1479 1151 1568
f 1479 1569 1415
f 1479 1570 1415
f 1415 1570 1479
f 1480 1415 1569
f 1415 1570 1481
f 1481 1570 1415
f 1416 1480 1571
f 1354 1481 1572
f 1354 1482 1481
f 1482 1416 1571
f 1483 1354 1573
f 1418 1483 1484
f 1419 1418 1574
f 1419 1574 1420
f 1484 1485 1311
f 1311 1485 1484
f 1484 1574 1418
f 1575 1485 1420
f 1311 1485 1576
f 1577 1151 1486
f 1486 1421 1578
f 1421 1579 1486
f 1486 1579 1421
f 1487 1578 1421
f 1421 1488 1579
f 1579 1488 1421
f 1487 1422 1580
f 1492 1423 1425
f 1425 1423 1492
f 1423 1425 1491
f 1490 1488 1423
f 1423 1488 1490
f 1488 1423 1491
f 1489 1360 1493
f 1492 1358 1489
f 1490 1358 1492
f 1580 1422 1490
f 1489 1424 1493
f 1493 1424 1489
f 1492 1359 1489
f 1489 1359 1492
f 1493 1360 1427
f 1495 1491 1428
f 1426 1428 1497
f 1497 1428 1426
f 1581 1363 1494
f 1494 1362 1582
f 1583 1362 1494
f 1494 1362 1583
f 1495 1362 1583
f 1583 1362 1495
f 1495 1497 1428
f 1428 1497 1495
f 1584 1362 1496
f 1429 1498 1496
f 1496 1498 1429
f 1496 1500 1429
f 1429 1500 1496
f 1498 1429 1430
f 1430 1429 1498
f 1585 1497 1363
f 1498 1364 1586
f 1430 1587 1498
f 1498 1587 1430
f 1499 1364 1502
f 1502 1364 1499
f 1587 1430 1499
f 1499 1430 1587
f 1502 1365 1366
f 1500 1365 1502
f 1588 1364 1501
f 1367 1459 1501
f 1501 1459 1367
f 1367 1503 1501
f 1504 1503 1370
f 1589 1505 1432
f 1506 1590 1432
f 1433 1591 1506
f 1592 1433 1507
f 1593 1507 1372
f 1508 1434 1594
f 1508 1595 1372
f 1509 420 1436
f 1375 1596 1509
f 1597 1375 1510
f 1437 1598 1510
f 1511 1599 1437
f 1600 1512 1438
f 1512 1601 1376
f 711 1438 639
f 1513 1516 1283
f 1513 1439 1602
f 1514 1603 1439
f 1604 1514 1376
f 1440 1605 1511
f 1605 1440 1441
f 1442 1606 1441
f 1515 1607 1442
f 1608 1515 1443
f 1443 1516 1608
f 638 678 639
f 638 553 640
f 640 589 1609
f 643 679 557
f 594 679 555
f 591 680 592
f 592 681 641
f 680 591 682
f 682 593 642
f 642 557 679
f 1609 589 641
f 620 1610 594
f 595 683 644
f 644 1517 559
f 1611 683 1444
f 1611 1517 1444
f 1444 1517 1611
f 602 650 596
f 599 596 684
f 597 603 600
f 598 685 646
f 686 598 647
f 646 599 687
f 647 600 688
f 601 648 689
f 648 601 690
f 649 601 691
f 601 649 692
f 651 600 603
f 684 604 650
f 651 604 690
f 604 684 648
f 648 690 604
f 605 675 652
f 653 677 605
f 606 693 653
f 696 653 654
f 694 607 654
f 695 649 607
f 674 608 652
f 654 696 694
f 567 656 696
f 656 567 655
f 655 608 674
f 610 1380 1518
f 1518 1380 610
f 1612 1518 609
f 568 1520 1519
f 1613 609 1519
f 1520 610 1612
f 1614 1381 1521
f 1521 1445 1526
f 1614 1522 1381
f 1522 1523 1446
f 1523 1524 1382
f 1524 1531 1386
f 1447 616 1615
f 1526 1383 1525
f 1525 1447 1616
f 1434 1527 1617
f 1527 1448 1591
f 1618 1448 1528
f 1528 1385 697
f 611 658 697
f 658 571 728
f 1529 569 1530
f 1619 571 1529
f 1449 1450 1620
f 1530 1449 1621
f 1531 1620 1450
f 660 659 612
f 618 1622 613
f 613 1615 616
f 661 1623 618
f 663 661 662
f 698 663 664
f 1532 699 1388
f 664 699 698
f 1624 1532 1451
f 1451 1505 1625
f 730 1533 576
f 1533 1610 620
f 706 730 576
f 665 706 621
f 623 665 577
f 700 420 732
f 667 700 666
f 666 701 624
f 702 626 668
f 668 581 669
f 669 624 701
f 670 704 733
f 704 627 703
f 628 670 705
f 671 703 627
f 626 702 671
f 665 628 706
f 708 656 707
f 708 696 656
f 635 677 708
f 1534 1626 1331
f 1534 1452 1627
f 1536 1535 1389
f 1535 1627 1452
f 1628 1536 1453
f 1537 1629 1453
f 1630 1537 1290
f 1538 1630 1290
f 1454 1631 1538
f 1631 1454 1539
f 1455 1541 1539
f 1540 1258 1544
f 1456 1540 1632
f 1632 1541 1456
f 1542 629 1633
f 1542 1634 1457
f 1545 1392 1543
f 1543 1457 1634
f 1544 1458 1635
f 1636 1458 1545
f 630 634 672
f 1546 1637 629
f 1638 1546 1331
f 637 632 636
f 709 636 673
f 709 673 672
f 675 605 677
f 674 652 675
f 633 655 674
f 676 655 633
f 693 634 677
f 636 710 676
f 1504 1459 1547
f 1461 1547 1459
f 1501 1459 1461
f 1461 1459 1501
f 1548 1547 1394
f 1639 1395 1548
f 1548 1395 1639
f 1549 1395 1640
f 1640 1395 1549
f 1461 1549 1641
f 1641 1549 1461
f 1554 1395 1550
f 1642 1396 1550
f 1550 1396 1642
f 1550 1400 1554
f 1554 1400 1550
f 1551 1397 1553
f 1553 1397 1551
f 1555 1400 1551
f 1551 1400 1555
f 1396 1642 1552
f 1552 1642 1396
f 1552 1462 1642
f 1553 1642 1462
f 1643 1463 1465
f 1465 1463 1643
f 1463 1644 1465
f 1465 1644 1463
f 1554 1463 1643
f 1643 1463 1554
f 1644 1463 1555
f 1555 1463 1644
f 1558 1464 1466
f 1556 1645 1403
f 1558 1403 1556
f 1556 1403 1558
f 1646 1465 1557
f 1557 1465 1646
f 1644 1557 1465
f 1465 1557 1644
f 1645 1557 1403
f 1467 1466 1647
f 1647 1466 1467
f 1556 1467 1648
f 1648 1467 1556
f 1478 1467 1559
f 1561 1559 1407
f 1560 1471 1473
f 1562 1561 1472
f 1560 1649 1472
f 1562 1472 1649
f 1563 1560 1473
f 1562 1474 1650
f 1650 1474 1562
f 1651 1563 1474
f 1650 1474 1564
f 1564 1474 1650
f 1474 1564 1651
f 1652 1564 1091
f 1565 1653 1091
f 1654 1565 1475
f 1475 1565 1654
f 1475 1655 1565
f 1411 1656 1475
f 1475 1656 1411
f 1655 1475 1566
f 1476 1477 1566
f 1478 1656 1411
f 1411 1656 1478
f 1413 1477 1657
f 1657 1477 1413
f 1467 1311 1576
f 1567 1413 1657
f 1657 1413 1567
f 1478 1559 1567
f 1568 1151 1658
f 1568 1659 1479
f 1568 1660 1479
f 1479 1660 1568
f 1569 1479 1659
f 1479 1661 1570
f 1570 1661 1479
f 1480 1569 1662
f 1481 1570 1572
f 1481 1571 1570
f 1571 1480 1662
f 1663 1354 1572
f 1571 1481 1482
f 1573 1354 1663
f 1573 1664 1483
f 1573 1665 1483
f 1483 1665 1573
f 1665 1484 1483
f 1420 1574 1575
f 1665 1485 1484
f 1484 1485 1665
f 1574 1484 1666
f 1485 1575 1667
f 1485 1667 1576
f 1668 1151 1577
f 1577 1486 1669
f 1486 1670 1577
f 1577 1670 1486
f 1578 1669 1486
f 1486 1579 1670
f 1670 1579 1486
f 1578 1487 1671
f 1580 1579 1488
f 1488 1579 1580
f 1579 1488 1491
f 1671 1487 1580
f 1423 1492 1490
f 1490 1492 1423
f 1488 1490 1580
f 1580 1490 1488
f 1583 1491 1495
f 1581 1672 1363
f 1494 1673 1581
f 1582 1362 1584
f 1674 1494 1582
f 1583 1494 1675
f 1675 1494 1583
f 1583 1585 1495
f 1495 1585 1583
f 1497 1495 1585
f 1585 1495 1497
f 1496 1676 1584
f 1584 1676 1496
f 1584 1677 1496
f 1496 1677 1584
f 1496 1498 1676
f 1676 1498 1496
f 1500 1496 1677
f 1677 1496 1500
f 1672 1585 1363
f 1586 1364 1678
f 1676 1498 1586
f 1679 1498 1587
f 1587 1498 1679
f 1499 1500 1502
f 1587 1677 1499
f 1678 1364 1588
f 1501 1461 1588
f 1588 1461 1501
f 1501 1680 1588
f 1680 1501 1503
f 1680 1503 1504
f 1681 1505 1589
f 1589 1432 1590
f 1506 1682 1590
f 1591 1682 1506
f 1683 1591 1433
f 1684 1433 1592
f 1507 1685 1592
f 1507 1593 1685
f 1686 1593 1372
f 1594 1434 1687
f 1508 1594 1688
f 1595 1689 1372
f 1508 1690 1595
f 1691 420 1509
f 1691 1509 1596
f 1596 1375 1692
f 1693 1375 1597
f 1510 1694 1597
f 1695 1510 1598
f 1437 1696 1598
f 1696 1437 1599
f 1599 1511 1605
f 1512 1600 1697
f 1600 1438 711
f 1376 1601 1698
f 1699 1601 1512
f 711 639 678
f 1516 1513 1700
f 1701 1602 1439
f 1602 1700 1513
f 1701 1439 1603
f 1603 1514 1702
f 1604 1702 1514
f 1698 1604 1376
f 1441 1703 1605
f 1606 1703 1441
f 1607 1606 1442
f 1704 1607 1515
f 1608 1704 1515
f 1700 1608 1516
f 678 638 712
f 640 712 638
f 1705 640 1609
f 1706 679 594
f 681 592 680
f 713 641 681
f 745 680 682
f 642 714 682
f 679 715 642
f 1609 641 1707
f 1706 594 1610
f 644 683 716
f 1517 644 1708
f 683 1611 746
f 1611 1708 1517
f 1517 1708 1611
f 684 596 650
f 687 599 684
f 717 646 685
f 685 598 718
f 686 718 598
f 686 647 719
f 689 646 687
f 688 600 651
f 720 647 688
f 687 689 648
f 689 691 601
f 692 690 601
f 691 721 649
f 722 692 649
f 690 723 651
f 687 648 684
f 677 653 693
f 677 653 696
f 693 606 724
f 694 725 607
f 695 649 721
f 649 695 722
f 725 695 607
f 726 694 696
f 707 656 655
f 1518 1612 610
f 1612 609 1613
f 1709 1520 1519
f 1519 1520 1709
f 1710 1519 1520
f 1520 1519 1710
f 1613 1711 1519
f 1519 1711 1613
f 1519 1712 1613
f 1613 1712 1519
f 1612 1710 1520
f 1520 1710 1612
f 1520 1713 1612
f 1612 1713 1520
f 1614 1521 1714
f 1521 1526 1616
f 1522 1614 1715
f 1523 1522 1716
f 1524 1523 1717
f 1531 1524 1718
f 1615 1616 1447
f 1525 1616 1526
f 1617 1527 1719
f 1720 1434 1617
f 1721 1591 1448
f 1527 1591 1722
f 1721 1448 1618
f 1618 1528 760
f 697 760 1528
f 727 697 658
f 571 1723 728
f 761 658 728
f 1530 1621 1529
f 1723 571 1619
f 1529 1724 1619
f 1620 1621 1449
f 1620 1531 1725
f 1622 1726 613
f 1727 1622 618
f 1726 1615 613
f 1623 1727 618
f 1728 1623 661
f 663 1729 661
f 698 1730 663
f 699 1532 762
f 728 698 699
f 1624 762 1532
f 1731 1624 1451
f 1732 1625 1505
f 1625 1733 1451
f 1533 730 1734
f 1533 1735 1610
f 730 706 729
f 732 420 1736
f 700 732 731
f 731 666 700
f 666 731 701
f 702 668 735
f 668 669 767
f 669 701 792
f 704 765 733
f 733 705 670
f 703 734 704
f 705 706 628
f 671 735 703
f 735 671 702
f 736 708 707
f 696 708 726
f 708 677 696
f 1626 1638 1331
f 1626 1534 1737
f 1627 1737 1534
f 1536 1543 1535
f 1535 1634 1627
f 1628 1545 1536
f 1628 1453 1629
f 1629 1537 1738
f 1630 1738 1537
f 1538 1739 1630
f 1739 1538 1631
f 1539 1541 1631
f 1540 1544 1740
f 1740 1632 1540
f 1541 1632 1631
f 1633 629 1741
f 1633 1742 1542
f 1634 1542 1742
f 1545 1543 1536
f 1543 1634 1535
f 1636 1635 1458
f 1635 1740 1544
f 1636 1545 1628
f 672 634 737
f 1741 629 1637
f 1546 1743 1637
f 1546 1638 1743
f 738 636 709
f 709 672 710
f 676 739 655
f 634 693 740
f 739 676 710
f 710 636 738
f 1547 1680 1504
f 1744 1547 1548
f 1395 1639 1745
f 1745 1639 1395
f 1639 1746 1548
f 1640 1395 1747
f 1747 1395 1640
f 1640 1748 1549
f 1549 1744 1640
f 1549 1749 1641
f 1641 1750 1549
f 1461 1641 1751
f 1751 1641 1461
f 1643 1395 1554
f 1554 1642 1550
f 1550 1642 1554
f 1551 1752 1553
f 1555 1752 1551
f 1752 1642 1553
f 1643 1465 1646
f 1646 1465 1643
f 1643 1752 1554
f 1554 1752 1643
f 1644 1753 1555
f 1647 1558 1466
f 1648 1645 1556
f 1556 1754 1558
f 1558 1754 1556
f 1646 1557 1645
f 1645 1557 1646
f 1557 1644 1755
f 1755 1644 1557
f 1755 1645 1557
f 1557 1645 1755
f 1647 1467 1756
f 1648 1467 1757
f 1757 1467 1648
f 1754 1556 1648
f 1648 1556 1754
f 1559 1758 1478
f 1478 1758 1559
f 1561 1759 1559
f 1758 1559 1561
f 1561 1559 1758
f 1562 1650 1561
f 1649 1560 1563
f 1649 1760 1562
f 1650 1562 1760
f 1651 1649 1563
f 1650 1564 1761
f 1761 1564 1650
f 1762 1651 1564
f 1761 1564 1652
f 1652 1564 1761
f 1564 1652 1762
f 1653 1652 1091
f 1763 1653 1565
f 1565 1653 1763
f 1653 1565 1764
f 1765 1565 1654
f 1654 1565 1765
f 1654 1475 1656
f 1656 1475 1654
f 1766 1565 1655
f 1566 1477 1655
f 1478 1767 1656
f 1656 1767 1478
f 1657 1567 1477
f 1576 1768 1467
f 1467 1768 1576
f 1576 1756 1467
f 1769 1567 1559
f 1658 1151 1668
f 1568 1658 1659
f 1658 1770 1568
f 1568 1770 1658
f 1568 1770 1660
f 1660 1770 1568
f 1479 1660 1771
f 1771 1660 1479
f 1569 1659 1772
f 1479 1773 1661
f 1661 1773 1479
f 1570 1661 1572
f 1570 1662 1661
f 1662 1569 1774
f 1662 1570 1571
f 1663 1775 1572
f 1572 1775 1663
f 1776 1663 1572
f 1572 1663 1776
f 1663 1777 1573
f 1778 1483 1664
f 1573 1779 1664
f 1573 1780 1665
f 1665 1780 1573
f 1666 1483 1665
f 1665 1483 1666
f 1665 1666 1484
f 1574 1666 1575
f 1485 1665 1667
f 1667 1665 1485
f 1781 1667 1575
f 1667 1782 1576
f 1668 1577 1783
f 1577 1784 1668
f 1668 1784 1577
f 1669 1783 1577
f 1577 1670 1784
f 1784 1670 1577
f 1669 1578 1785
f 1671 1670 1579
f 1579 1670 1671
f 1670 1579 1491
f 1785 1578 1671
f 1579 1580 1671
f 1671 1580 1579
f 1675 1491 1583
f 1786 1672 1581
f 1787 1581 1673
f 1673 1494 1674
f 1788 1494 1673
f 1673 1494 1788
f 1584 1789 1582
f 1582 1789 1584
f 1790 1584 1582
f 1582 1584 1790
f 1582 1791 1674
f 1674 1791 1582
f 1792 1582 1674
f 1674 1582 1792
f 1675 1494 1788
f 1788 1494 1675
f 1675 1672 1583
f 1583 1672 1675
f 1585 1583 1672
f 1672 1583 1585
f 1584 1676 1789
f 1789 1676 1584
f 1677 1584 1793
f 1793 1584 1677
f 1498 1679 1676
f 1676 1679 1498
f 1500 1499 1677
f 1678 1794 1586
f 1586 1794 1678
f 1586 1678 1795
f 1789 1676 1586
f 1679 1677 1587
f 1588 1796 1678
f 1678 1796 1588
f 1588 1797 1678
f 1461 1751 1588
f 1588 1751 1461
f 1797 1588 1680
f 1505 1681 1798
f 1681 1589 1799
f 1590 1799 1589
f 1799 1590 1682
f 1591 1721 1682
f 1800 1591 1683
f 1683 1433 1801
f 1801 1433 1684
f 1592 1802 1684
f 1802 1592 1685
f 1803 1685 1593
f 1593 1686 1803
f 1804 1686 1372
f 1687 1434 1805
f 1687 1806 1594
f 1594 1807 1688
f 1688 1808 1508
f 1689 1809 1372
f 1595 1810 1689
f 1810 1595 1690
f 1690 1508 1808
f 1811 420 1691
f 1596 1601 1691
f 1692 1375 1812
f 1813 1596 1692
f 1814 1375 1693
f 1597 1815 1693
f 1815 1597 1694
f 1694 1510 1816
f 1695 1816 1510
f 1817 1695 1598
f 1818 1598 1696
f 1696 1599 1818
f 1605 1819 1599
f 1736 1697 1600
f 1697 1699 1512
f 732 1600 711
f 1698 1601 1820
f 1601 1699 1811
f 678 741 711
f 1701 1821 1602
f 1602 1822 1700
f 1603 1823 1701
f 1702 1824 1603
f 1702 1604 1825
f 1698 1825 1604
f 1703 1819 1605
f 1703 1606 1826
f 1606 1607 1827
f 1607 1704 1828
f 1829 1704 1608
f 1700 1829 1608
f 712 742 678
f 712 640 1705
f 1705 1609 1830
f 715 679 1706
f 680 743 681
f 713 1707 641
f 681 744 713
f 743 680 745
f 745 682 714
f 714 642 715
f 1707 1831 1609
f 1610 1832 1706
f 683 746 716
f 716 1708 644
f 1833 746 1611
f 1833 1708 1611
f 1611 1708 1833
f 717 646 689
f 685 747 717
f 718 748 685
f 718 686 749
f 719 647 720
f 749 686 719
f 688 651 723
f 688 750 720
f 691 717 689
f 692 751 690
f 721 752 691
f 722 753 692
f 754 723 690
f 724 606 755
f 756 693 724
f 757 725 694
f 721 758 695
f 759 722 695
f 725 695 758
f 695 725 759
f 726 736 694
f 707 655 739
f 1612 1711 1613
f 1613 1711 1612
f 1712 1612 1613
f 1613 1612 1712
f 1713 1520 1709
f 1709 1520 1713
f 1709 1519 1711
f 1711 1519 1709
f 1519 1710 1834
f 1834 1710 1519
f 1712 1519 1834
f 1834 1519 1712
f 1710 1612 1835
f 1835 1612 1710
f 1713 1836 1612
f 1612 1836 1713
f 1714 1521 1616
f 1715 1614 1714
f 1837 1522 1715
f 1716 1522 1838
f 1839 1523 1716
f 1717 1523 1840
f 1841 1524 1717
f 1718 1524 1841
f 1842 1531 1718
f 1616 1615 1714
f 1719 1527 1843
f 1617 1719 1844
f 1845 1434 1720
f 1720 1617 1846
f 1722 1591 1800
f 1843 1527 1722
f 1847 1721 1618
f 1618 760 1731
f 697 727 760
f 727 658 761
f 1723 1848 728
f 728 699 761
f 1724 1529 1621
f 1619 1849 1723
f 1849 1619 1724
f 1621 1620 1850
f 1725 1531 1851
f 1852 1620 1725
f 1622 1715 1726
f 1622 1727 1715
f 1726 1714 1615
f 1727 1623 1837
f 1623 1728 1853
f 1729 1728 661
f 1730 1729 663
f 1854 1730 698
f 762 761 699
f 728 1855 698
f 762 1624 789
f 1731 789 1624
f 1618 1731 1451
f 1732 1856 1625
f 1732 1505 1856
f 1857 1451 1733
f 1733 1625 1856
f 730 790 1734
f 1734 1858 1533
f 1832 1610 1735
f 1858 1735 1533
f 705 729 706
f 729 763 730
f 1736 420 1859
f 1736 1600 732
f 741 731 732
f 764 701 731
f 735 668 767
f 767 669 792
f 701 1860 792
f 733 765 766
f 765 704 734
f 733 766 705
f 703 767 734
f 767 703 735
f 736 726 708
f 707 672 736
f 1638 1626 1861
f 1737 1861 1626
f 1627 1742 1737
f 1634 1742 1627
f 1629 1636 1628
f 1738 1635 1629
f 1738 1630 1739
f 1631 1632 1739
f 1632 1740 1739
f 1741 1862 1633
f 1742 1633 1862
f 1635 1636 1629
f 1740 1635 1738
f 737 634 768
f 737 797 672
f 1637 1863 1741
f 1863 1637 1743
f 1861 1743 1638
f 738 709 710
f 710 672 739
f 740 693 756
f 768 634 740
f 1797 1680 1547
f 1750 1547 1744
f 1864 1744 1548
f 1745 1865 1639
f 1745 1395 1576
f 1865 1395 1745
f 1745 1395 1865
f 1746 1866 1548
f 1746 1639 1865
f 1747 1395 1867
f 1867 1395 1747
f 1747 1868 1640
f 1640 1864 1747
f 1748 1749 1549
f 1869 1748 1640
f 1864 1640 1744
f 1744 1549 1750
f 1749 1870 1641
f 1750 1641 1871
f 1641 1870 1751
f 1751 1871 1641
f 1646 1395 1643
f 1642 1554 1752
f 1752 1554 1642
f 1753 1752 1555
f 1643 1753 1646
f 1752 1643 1753
f 1753 1643 1752
f 1872 1753 1644
f 1754 1558 1647
f 1873 1645 1648
f 1646 1645 1874
f 1874 1645 1646
f 1755 1872 1644
f 1645 1755 1875
f 1875 1755 1645
f 1756 1876 1647
f 1757 1467 1768
f 1768 1467 1757
f 1648 1757 1873
f 1873 1757 1648
f 1873 1754 1648
f 1648 1754 1873
f 1478 1758 1877
f 1877 1758 1478
f 1769 1559 1759
f 1561 1758 1759
f 1758 1561 1650
f 1760 1649 1651
f 1760 1878 1650
f 1761 1758 1650
f 1761 1650 1878
f 1762 1760 1651
f 1761 1652 1763
f 1763 1652 1761
f 1879 1762 1652
f 1763 1652 1653
f 1653 1652 1763
f 1652 1653 1879
f 1763 1565 1765
f 1765 1565 1763
f 1766 1764 1565
f 1764 1879 1653
f 1654 1880 1765
f 1765 1881 1654
f 1656 1767 1654
f 1654 1882 1656
f 1655 1882 1766
f 1655 1477 1883
f 1478 1880 1767
f 1767 1880 1478
f 1656 1883 1767
f 1477 1567 1883
f 1576 1884 1768
f 1768 1884 1576
f 1576 1874 1756
f 1567 1769 1885
f 1658 1668 1886
f 1668 1887 1658
f 1658 1887 1668
f 1886 1659 1658
f 1658 1887 1770
f 1770 1887 1658
f 1770 1772 1660
f 1660 1772 1770
f 1660 1770 1491
f 1660 1888 1771
f 1771 1888 1660
f 1771 1660 1889
f 1479 1771 1773
f 1773 1771 1479
f 1772 1659 1890
f 1888 1569 1772
f 1891 1661 1773
f 1773 1661 1891
f 1572 1661 1776
f 1774 1661 1662
f 1774 1569 1892
f 1775 1663 1893
f 1893 1663 1775
f 1775 1572 1894
f 1895 1663 1776
f 1776 1663 1895
f 1776 1894 1572
f 1777 1791 1573
f 1896 1663 1777
f 1777 1663 1896
f 1663 1897 1777
f 1777 1897 1663
f 1483 1666 1778
f 1778 1666 1483
f 1778 1664 1666
f 1898 1664 1779
f 1573 1791 1779
f 1779 1899 1573
f 1573 1899 1779
f 1573 1900 1780
f 1780 1900 1573
f 1665 1780 1901
f 1901 1780 1665
f 1781 1575 1666
f 1665 1782 1667
f 1667 1782 1665
f 1667 1781 1782
f 1782 1902 1576
f 1783 1886 1668
f 1668 1784 1887
f 1887 1784 1668
f 1783 1669 1903
f 1785 1784 1670
f 1670 1784 1785
f 1784 1670 1491
f 1903 1669 1785
f 1670 1671 1785
f 1785 1671 1670
f 1788 1491 1675
f 1672 1675 1786
f 1786 1675 1672
f 1904 1786 1581
f 1787 1904 1581
f 1673 1905 1787
f 1905 1673 1674
f 1788 1673 1906
f 1906 1673 1788
f 1582 1789 1791
f 1791 1789 1582
f 1584 1790 1793
f 1793 1790 1584
f 1582 1792 1790
f 1790 1792 1582
f 1674 1791 1907
f 1907 1791 1674
f 1674 1908 1792
f 1792 1908 1674
f 1904 1675 1788
f 1788 1675 1904
f 1679 1789 1676
f 1676 1789 1679
f 1793 1677 1679
f 1794 1678 1796
f 1796 1678 1794
f 1586 1794 1870
f 1870 1794 1586
f 1909 1795 1678
f 1795 1910 1586
f 1911 1789 1586
f 1588 1751 1796
f 1796 1751 1588
f 1909 1678 1797
f 1798 1681 1857
f 1798 1856 1505
f 1681 1799 1847
f 1682 1847 1799
f 1847 1682 1721
f 1683 1912 1800
f 1683 1801 1913
f 1684 1914 1801
f 1914 1684 1802
f 1685 1915 1802
f 1803 1916 1685
f 1917 1803 1686
f 1686 1804 1917
f 1918 1804 1372
f 1805 1434 1919
f 1805 1920 1687
f 1921 1594 1806
f 1806 1687 1920
f 1688 1807 1922
f 1594 1921 1807
f 1808 1688 1923
f 1809 1924 1372
f 1689 1925 1809
f 1925 1689 1810
f 1690 1808 1810
f 1859 420 1811
f 1811 1691 1601
f 1601 1596 1820
f 1812 1375 1926
f 1692 1812 1927
f 1928 1596 1813
f 1813 1692 1929
f 1930 1375 1814
f 1693 1931 1814
f 1931 1693 1815
f 1694 1816 1815
f 1816 1695 1932
f 1933 1695 1817
f 1598 1818 1817
f 1819 1818 1599
f 1736 1859 1697
f 1699 1697 1859
f 732 711 741
f 1698 1820 1934
f 1859 1811 1699
f 741 678 742
f 1821 1822 1602
f 1823 1821 1701
f 1822 1829 1700
f 1824 1823 1603
f 1825 1824 1702
f 1825 1698 1824
f 1703 1826 1819
f 1827 1826 1606
f 1828 1827 1607
f 1935 1828 1704
f 1704 1829 1935
f 742 712 1705
f 1830 1609 1936
f 1937 1705 1830
f 1734 715 1706
f 744 681 743
f 1938 1707 713
f 769 713 744
f 804 743 745
f 714 770 745
f 715 771 714
f 1939 1609 1831
f 1831 1707 1940
f 1734 1706 1832
f 716 746 772
f 1708 716 1941
f 746 1833 805
f 1833 1941 1708
f 1708 1941 1833
f 752 717 747
f 747 685 748
f 748 718 773
f 773 718 749
f 720 774 719
f 719 775 749
f 723 776 688
f 774 720 750
f 750 688 776
f 752 717 691
f 751 754 690
f 753 751 692
f 777 752 721
f 778 753 722
f 754 779 723
f 780 755 606
f 755 724 781
f 724 755 782
f 724 756 783
f 756 724 784
f 757 725 785
f 725 757 786
f 736 757 694
f 758 777 721
f 759 778 722
f 758 785 725
f 786 759 725
f 739 672 707
f 1612 1836 1711
f 1711 1836 1612
f 1612 1712 1835
f 1835 1712 1612
f 1709 1713 1942
f 1709 1711 1943
f 1943 1711 1709
f 1834 1944 1710
f 1710 1945 1834
f 1712 1946 1834
f 1712 1834 1947
f 1710 1948 1835
f 1710 1835 1945
f 1713 1949 1836
f 1836 1949 1713
f 1714 1726 1715
f 1838 1522 1837
f 1837 1715 1727
f 1838 1950 1716
f 1840 1523 1839
f 1716 1951 1839
f 1717 1840 1952
f 1841 1717 1953
f 1718 1841 1954
f 1851 1531 1842
f 1842 1718 1955
f 1719 1843 1956
f 1956 1844 1719
f 1844 1846 1617
f 1957 1434 1845
f 1845 1720 1958
f 1846 1958 1720
f 1800 1959 1722
f 1722 1960 1843
f 1857 1847 1618
f 789 1731 760
f 787 760 727
f 788 727 761
f 1848 1855 728
f 1723 1961 1848
f 1724 1621 1962
f 1961 1723 1849
f 1849 1724 1963
f 1620 1964 1850
f 1962 1621 1850
f 1725 1851 1965
f 1966 1620 1852
f 1725 1965 1852
f 1853 1837 1623
f 1967 1853 1728
f 1728 1729 1967
f 1729 1730 1968
f 1730 1854 1850
f 1855 1854 698
f 761 762 788
f 789 788 762
f 1857 1618 1451
f 1733 1856 1857
f 790 771 1734
f 790 730 763
f 1858 1734 1969
f 1735 1970 1832
f 1735 1858 1971
f 729 705 766
f 763 729 791
f 731 741 764
f 701 764 1972
f 792 734 767
f 792 1860 818
f 1860 701 1972
f 765 819 766
f 734 793 765
f 736 672 797
f 1737 1862 1861
f 1742 1862 1737
f 1739 1740 1738
f 1862 1741 1863
f 737 794 768
f 768 795 737
f 797 796 737
f 797 737 798
f 1743 1861 1863
f 740 799 756
f 756 784 740
f 768 800 740
f 740 801 768
f 1797 1547 1871
f 1871 1547 1750
f 1973 1864 1548
f 1745 1974 1865
f 1576 1395 1874
f 1975 1745 1576
f 1867 1395 1865
f 1865 1395 1867
f 1866 1973 1548
f 1866 1746 1867
f 1865 1867 1746
f 1867 1976 1747
f 1747 1973 1867
f 1868 1869 1640
f 1976 1868 1747
f 1973 1747 1864
f 1748 1977 1749
f 1586 1749 1748
f 1748 1749 1586
f 1748 1869 1977
f 1911 1748 1869
f 1869 1748 1911
f 1749 1978 1870
f 1586 1870 1749
f 1749 1870 1586
f 1870 1794 1751
f 1871 1751 1979
f 1874 1395 1646
f 1872 1646 1753
f 1980 1754 1647
f 1576 1645 1873
f 1873 1645 1576
f 1875 1873 1645
f 1645 1873 1875
f 1874 1645 1576
f 1576 1645 1874
f 1874 1646 1981
f 1875 1872 1755
f 1876 1980 1647
f 1876 1756 1982
f 1884 1757 1768
f 1876 1757 1768
f 1768 1757 1876
f 1884 1873 1757
f 1757 1873 1884
f 1754 1873 1983
f 1983 1873 1754
f 1877 1984 1758
f 1877 1758 1763
f 1478 1877 1985
f 1985 1877 1478
f 1759 1885 1769
f 1885 1759 1758
f 1878 1760 1762
f 1763 1758 1761
f 1878 1986 1761
f 1763 1761 1986
f 1879 1878 1762
f 1765 1877 1763
f 1763 1986 1765
f 1766 1986 1764
f 1764 1986 1879
f 1880 1985 1765
f 1767 1880 1654
f 1882 1654 1881
f 1881 1765 1986
f 1883 1656 1882
f 1882 1881 1766
f 1883 1882 1655
f 1478 1985 1880
f 1880 1985 1478
f 1767 1987 1880
f 1987 1767 1883
f 1883 1567 1987
f 1576 1873 1884
f 1884 1873 1576
f 1982 1768 1884
f 1884 1768 1982
f 1981 1756 1874
f 1984 1567 1885
f 1659 1886 1890
f 1988 1770 1887
f 1887 1770 1988
f 1770 1887 1491
f 1772 1770 1890
f 1890 1770 1772
f 1888 1660 1772
f 1772 1660 1888
f 1989 1660 1491
f 1892 1771 1888
f 1888 1771 1892
f 1889 1660 1989
f 1891 1771 1889
f 1773 1771 1891
f 1771 1892 1773
f 1773 1892 1771
f 1892 1569 1888
f 1889 1661 1891
f 1891 1661 1889
f 1773 1990 1891
f 1891 1990 1773
f 1776 1661 1991
f 1661 1774 1992
f 1892 1990 1774
f 1663 1896 1893
f 1893 1896 1663
f 1893 1775 1896
f 1894 1993 1775
f 1897 1663 1895
f 1895 1663 1897
f 1776 1991 1895
f 1776 1993 1895
f 1895 1993 1776
f 1993 1776 1894
f 1894 1776 1993
f 1907 1791 1777
f 1897 1896 1777
f 1777 1896 1897
f 1897 1994 1777
f 1666 1664 1995
f 1664 1898 1996
f 1997 1779 1898
f 1898 1779 1997
f 1779 1791 1998
f 1899 1779 1999
f 1999 1779 1899
f 1573 1899 1900
f 1900 1899 1573
f 1780 1900 2000
f 1900 1995 1780
f 1780 1995 1900
f 1901 1780 2001
f 1780 2002 1901
f 1901 2002 1780
f 1665 1901 1782
f 1782 1901 1665
f 1781 1666 2003
f 2003 1782 1781
f 1902 2004 1576
f 1902 1782 2005
f 2000 1902 1782
f 1782 1902 2000
f 1886 1783 1988
f 1903 1887 1784
f 1784 1887 1903
f 1887 1784 1491
f 1988 1783 1903
f 1784 1785 1903
f 1903 1785 1784
f 1906 1491 1788
f 1675 1904 1786
f 1786 1904 1675
f 2006 1904 1787
f 2007 1787 1905
f 2008 1673 1905
f 1905 1673 2008
f 2009 1905 1674
f 1906 1673 2008
f 2008 1673 1906
f 2006 1788 1906
f 1906 1788 2006
f 1791 1789 1911
f 2010 1791 1789
f 1789 1791 2010
f 1790 1793 2010
f 1792 1790 2011
f 2011 1907 1791
f 1791 1907 2011
f 1674 1907 2012
f 2012 1907 1674
f 1908 1674 2012
f 2012 1674 1908
f 1908 1792 2013
f 1788 2006 1904
f 1904 2006 1788
f 1789 1679 2010
f 2010 1679 1789
f 2010 1793 1679
f 1796 1751 1794
f 1794 2014 1796
f 1870 2015 1794
f 1795 1909 2014
f 1911 1586 1910
f 1910 1795 1977
f 1586 1748 1911
f 1911 1748 1586
f 1796 1979 1751
f 1909 1797 1979
f 1681 1847 1857
f 1798 1857 1856
f 1959 1800 1912
f 1912 1683 2016
f 2017 1913 1801
f 1913 2016 1683
f 2018 1801 1914
f 1802 2019 1914
f 1915 2019 1802
f 1916 1915 1685
f 2020 1916 1803
f 1917 2020 1803
f 2021 1917 1804
f 1804 1918 2021
f 1924 1918 1372
f 1919 1434 1957
f 1919 2022 1805
f 1920 1805 2022
f 1921 1806 2023
f 1806 1920 2024
f 1807 2025 1922
f 1922 1923 1688
f 2023 1807 1921
f 1808 1923 1925
f 1924 1809 2026
f 2027 1809 1925
f 1810 1808 1925
f 1820 1596 2028
f 1926 1375 1930
f 1812 1926 2029
f 2029 1927 1812
f 1927 1929 1692
f 2030 1596 1928
f 1928 1813 2031
f 1929 2031 1813
f 1930 1814 2032
f 2033 1814 1931
f 1931 1815 1816
f 1933 1932 1695
f 1932 1931 1816
f 1826 1933 1817
f 1819 1817 1818
f 1820 2034 1934
f 1934 1824 1698
f 742 764 741
f 1822 1821 2035
f 1823 2036 1821
f 1829 1822 2037
f 1824 1934 1823
f 1817 1819 1826
f 1827 2038 1826
f 1828 2039 1827
f 1935 2040 1828
f 2037 1935 1829
f 764 742 1705
f 1936 1609 2041
f 1830 1936 2042
f 2043 1705 1937
f 1937 1830 2044
f 771 715 1734
f 743 802 744
f 1938 2042 1707
f 769 1938 713
f 744 803 769
f 802 743 804
f 804 745 770
f 770 714 771
f 2041 1609 1939
f 1831 1940 1939
f 1940 1707 2045
f 1969 1734 1832
f 746 805 772
f 772 1941 716
f 2046 805 1833
f 2046 1941 1833
f 1833 1941 2046
f 747 806 752
f 748 807 747
f 808 748 773
f 773 749 809
f 775 719 774
f 810 749 775
f 776 723 779
f 750 776 774
f 751 811 754
f 751 753 811
f 777 752 806
f 753 778 812
f 779 754 811
f 783 781 724
f 781 777 755
f 813 782 755
f 782 784 724
f 814 783 756
f 785 815 757
f 816 786 757
f 757 736 831
f 781 777 758
f 817 778 759
f 785 781 758
f 786 817 759
f 1836 1711 2047
f 1712 1835 2048
f 1835 1712 2049
f 2050 1942 1713
f 1942 2051 1709
f 1711 1943 2052
f 1709 1943 2053
f 2053 1943 1709
f 2054 1710 1944
f 2055 1944 1834
f 2056 1834 1945
f 1834 1946 2057
f 1946 1712 2048
f 2056 1947 1834
f 1947 2049 1712
f 2048 1835 1948
f 1948 1710 2058
f 2049 1945 1835
f 2059 1949 1713
f 1713 1949 2059
f 1949 1836 2060
f 1838 1837 2061
f 1951 1716 1950
f 1950 1838 2062
f 1839 2063 1840
f 2063 1839 1951
f 2064 1952 1840
f 1952 1953 1717
f 1953 1954 1841
f 1954 1955 1718
f 1851 1842 2065
f 1955 2065 1842
f 2066 1956 1843
f 1844 1956 2067
f 1846 1844 2068
f 1957 1845 2069
f 1958 2069 1845
f 1958 1846 2070
f 1960 1722 1959
f 2066 1843 1960
f 760 787 789
f 787 727 788
f 1848 2071 1855
f 2071 1848 1961
f 1963 1724 1962
f 1961 1849 2071
f 2071 1849 1963
f 1964 2072 1850
f 1964 1620 1966
f 1962 1850 1854
f 2065 1965 1851
f 1852 2073 1966
f 2073 1852 1965
f 1853 2061 1837
f 1967 2074 1853
f 1968 1967 1729
f 1850 1968 1730
f 1855 1963 1854
f 788 789 787
f 771 790 770
f 763 770 790
f 1969 2075 1858
f 1969 1832 1970
f 1971 1970 1735
f 2075 1971 1858
f 766 791 729
f 791 804 763
f 1972 764 2076
f 792 818 734
f 818 1860 1938
f 1860 1972 2077
f 766 819 791
f 819 765 793
f 793 734 818
f 797 821 736
f 1862 1863 1861
f 800 768 794
f 794 737 796
f 798 737 795
f 795 768 801
f 796 797 820
f 797 798 821
f 814 756 799
f 799 740 800
f 801 740 784
f 1979 1797 1871
f 1974 2078 1865
f 2079 1974 1745
f 2080 1745 1975
f 2081 1975 1576
f 1865 2082 1867
f 1866 1867 1973
f 2082 1976 1867
f 1869 1868 2083
f 1911 1869 1868
f 1868 1869 1911
f 1868 1976 2084
f 2085 1868 1976
f 1976 1868 2085
f 1978 1749 1977
f 2083 1977 1869
f 2015 1870 1978
f 1872 1981 1646
f 1982 1754 1980
f 1873 1875 1983
f 1983 1875 1873
f 1981 1872 1875
f 1757 1876 1980
f 1980 1876 1757
f 1982 1756 1983
f 1768 1982 1876
f 1876 1982 1768
f 1884 1982 1757
f 1754 1982 1983
f 1885 1758 1984
f 1984 1877 2086
f 1985 2086 1877
f 1985 1877 1765
f 1986 1878 1879
f 1881 1986 1766
f 1880 2087 1985
f 2087 1880 1987
f 1987 1567 2087
f 1756 1981 1875
f 2086 1567 1984
f 1890 1886 1988
f 1770 1988 1890
f 1890 1988 1770
f 1887 1903 1988
f 1988 1903 1887
f 1491 1992 1989
f 1989 1992 1491
f 1989 2088 1491
f 1491 2088 1989
f 1989 1661 1889
f 1889 1661 1989
f 1889 2089 1989
f 1989 2089 1889
f 1891 2090 1889
f 1889 2090 1891
f 1990 1773 1892
f 1892 1773 1990
f 2090 1891 1990
f 1990 1891 2090
f 1991 1661 2012
f 2091 1992 1774
f 1661 1992 2012
f 1989 1992 1661
f 1661 1992 1989
f 1990 2090 1774
f 1896 1775 2092
f 2092 1775 1993
f 1895 1994 1897
f 1897 1994 1895
f 1991 1994 1895
f 1895 1994 1991
f 1895 2093 1991
f 1991 2093 1895
f 2093 1895 1993
f 1993 1895 2093
f 1994 1907 1777
f 1896 1897 2092
f 2092 1897 1896
f 1994 2092 1897
f 1897 2092 1994
f 1995 1664 2094
f 2002 1666 1995
f 1997 1996 1898
f 2094 1664 1996
f 1779 1997 1999
f 1999 1997 1779
f 1998 1791 2095
f 1999 1779 1998
f 1899 1999 2096
f 1997 1899 1999
f 1999 1899 1997
f 1900 1899 2097
f 1899 2094 1900
f 1900 2094 1899
f 2000 1900 2098
f 2099 1780 2000
f 1995 1900 2094
f 2094 1900 1995
f 2002 1780 1995
f 1995 1780 2002
f 2001 1780 2099
f 2001 1782 1901
f 1901 1782 2001
f 1901 2100 2001
f 2001 2100 1901
f 2100 1901 2002
f 2002 1901 2100
f 2003 1666 2002
f 2003 2005 1782
f 2004 2101 1576
f 2004 1902 2102
f 2097 2004 1902
f 1902 2004 2097
f 2005 2102 1902
f 2098 1902 2000
f 2000 1902 2098
f 2000 1782 2099
f 2099 1782 2000
f 2008 1491 1906
f 2103 2006 1787
f 2007 2103 1787
f 1905 2009 2007
f 2008 1905 2104
f 2104 1905 2008
f 2105 1905 2009
f 2009 1905 2105
f 2106 2009 1674
f 2103 1906 2008
f 2008 1906 2103
f 1906 2103 2006
f 2006 2103 1906
f 2085 1791 1911
f 1791 2010 2011
f 2011 2010 1791
f 2011 1790 2010
f 2013 1792 2011
f 1907 2011 2013
f 2013 2011 1907
f 2012 1907 1994
f 1994 1907 2012
f 2012 1992 1674
f 1991 1908 2012
f 2012 1908 1991
f 2093 1908 2013
f 1979 1796 2014
f 2014 1794 2015
f 1979 2014 1909
f 2015 1795 2014
f 1910 2107 1911
f 1977 1795 1978
f 2083 1910 1977
f 1912 2016 1959
f 2108 1913 2017
f 1801 2018 2017
f 2016 1913 2109
f 2018 1914 2110
f 2019 2110 1914
f 1915 2111 2019
f 1915 1916 2111
f 1916 2020 2112
f 2113 2020 1917
f 2021 2113 1917
f 2114 2021 1918
f 1918 1924 2114
f 1919 1957 2022
f 1920 2022 2115
f 2023 1806 2024
f 2024 1920 2115
f 1922 2025 2116
f 1807 2023 2025
f 1923 1922 2117
f 1925 1923 2027
f 2027 2026 1809
f 2026 2114 1924
f 2028 1596 2030
f 2028 2118 1820
f 1926 1930 2119
f 2119 2029 1926
f 1927 2029 2120
f 1929 1927 2121
f 1928 2031 2030
f 2031 1929 2122
f 2033 2032 1814
f 2032 2119 1930
f 2033 1931 1932
f 1932 1933 2123
f 2038 1933 1826
f 1934 2034 2036
f 1820 2124 2034
f 2125 2035 1821
f 2035 2037 1822
f 2125 1821 2036
f 2036 1823 1934
f 2039 2038 1827
f 2040 2039 1828
f 2126 2040 1935
f 2037 2127 1935
f 2076 764 1705
f 1936 2041 2128
f 2042 1936 2128
f 2044 1830 2042
f 2129 1705 2043
f 2043 1937 2130
f 2130 1937 2044
f 803 744 802
f 2128 1707 2042
f 2044 2042 1938
f 822 1938 769
f 822 769 803
f 791 802 804
f 770 763 804
f 2041 1939 2045
f 2045 1939 1940
f 2045 1707 2128
f 772 805 823
f 1941 772 2131
f 805 2046 837
f 2046 2131 1941
f 1941 2131 2046
f 806 747 807
f 807 748 808
f 808 773 824
f 810 809 749
f 809 824 773
f 775 774 825
f 810 775 826
f 779 774 776
f 812 811 753
f 806 755 777
f 827 812 778
f 811 828 779
f 783 781 785
f 782 813 829
f 755 806 813
f 784 782 830
f 814 783 815
f 831 757 815
f 815 783 785
f 816 832 786
f 757 831 816
f 847 831 736
f 778 817 827
f 833 817 786
f 2052 2047 1711
f 2047 2060 1836
f 2050 2132 1942
f 1713 2059 2050
f 2053 1709 2051
f 2051 1942 2133
f 2134 2052 1943
f 2053 1943 2135
f 2135 1943 2053
f 2136 1710 2054
f 2054 1944 2137
f 1944 2055 2138
f 2139 2055 1834
f 2056 1945 2140
f 2057 1946 2141
f 2057 2142 1834
f 2048 2143 1946
f 2056 2140 1947
f 2049 1947 2144
f 2048 1948 2143
f 2145 2058 1710
f 2058 2132 1948
f 2049 2144 1945
f 2059 2146 1949
f 1949 2146 2059
f 2060 2147 1949
f 2061 2062 1838
f 1950 2062 1951
f 2064 1840 2063
f 2063 1951 2062
f 1952 2064 2148
f 1953 1952 2149
f 1954 1953 2150
f 1955 1954 2151
f 2065 1955 2152
f 1956 2066 2153
f 2067 1956 2153
f 2068 1844 2067
f 2070 1846 2068
f 2069 2022 1957
f 2069 1958 2154
f 2154 1958 2070
f 1960 1959 2016
f 2066 1960 2109
f 1963 1855 2071
f 1962 1854 1963
f 2072 2155 1850
f 1964 2156 2072
f 1966 2157 1964
f 1965 2065 2158
f 2157 1966 2073
f 2073 1965 2159
f 2160 2061 1853
f 2074 2161 1853
f 2162 2074 1967
f 1968 2163 1967
f 1850 2164 1968
f 2075 1969 1970
f 1970 1971 2075
f 2076 2077 1972
f 2077 1938 1860
f 818 1938 822
f 819 802 791
f 793 803 819
f 818 822 793
f 821 847 736
f 821 820 797
f 794 800 796
f 798 795 834
f 795 801 834
f 796 800 820
f 834 821 798
f 799 814 835
f 800 799 820
f 801 784 836
f 2078 2082 1865
f 1974 2165 2078
f 2166 2078 1974
f 1974 2078 2166
f 2079 2167 1974
f 2168 1974 2079
f 2079 1974 2168
f 2079 1745 2169
f 2169 1745 2080
f 1975 2170 2080
f 2095 2080 1975
f 1975 2080 2095
f 2081 2171 1975
f 1998 1975 2081
f 2081 1975 1998
f 2172 2081 1576
f 2082 2173 1976
f 2085 1976 2082
f 2082 1976 2085
f 2084 2083 1868
f 1911 1868 2085
f 2085 1868 1911
f 2174 2084 1976
f 1978 1795 2015
f 1980 1757 1982
f 1983 1756 1875
f 2086 1985 2087
f 2087 1567 2086
f 2175 1992 1491
f 1491 1992 2175
f 2088 1989 2089
f 2089 1989 2088
f 2176 1491 2088
f 2088 1491 2176
f 2089 1889 2090
f 2090 1889 2089
f 2012 1994 1991
f 1991 1994 2012
f 2091 2177 1992
f 1774 2089 2091
f 2090 2089 1774
f 2092 1993 2178
f 1908 1991 2093
f 2093 1991 1908
f 1993 2093 2178
f 1907 2178 1994
f 1994 2178 1907
f 2092 1994 2178
f 2178 1994 2092
f 1899 1997 1996
f 1996 1997 1899
f 2094 1899 1996
f 1996 1899 2094
f 2095 1791 2179
f 2095 1975 1998
f 1998 1975 2095
f 2095 2180 1998
f 2181 1999 1998
f 2181 2096 1999
f 2182 1899 2096
f 2097 1899 2183
f 2098 1900 2097
f 2184 2098 2000
f 2000 2098 2184
f 2099 2184 2000
f 2000 2184 2099
f 2099 1782 2001
f 2001 1782 2099
f 2001 2185 2099
f 2099 2185 2001
f 2185 2001 2100
f 2100 2001 2185
f 2002 2100 2003
f 2003 2184 2005
f 2101 2172 1576
f 2101 2004 2186
f 2182 2101 2004
f 2004 2101 2182
f 2102 2186 2004
f 2183 2004 2097
f 2097 2004 2183
f 2097 1902 2098
f 2098 1902 2097
f 2005 2187 2102
f 2104 1491 2008
f 2188 2103 2007
f 2189 2007 2009
f 2104 1905 2105
f 2105 1905 2104
f 2188 2008 2104
f 2104 2008 2188
f 2105 2009 2190
f 2190 2009 2105
f 2009 2106 2189
f 2190 2009 2106
f 2106 2009 2190
f 1992 2106 1674
f 2008 2188 2103
f 2103 2188 2008
f 2166 1791 2085
f 2085 1911 2107
f 2178 1907 2013
f 2013 1907 2178
f 2178 2093 2013
f 2107 1910 2084
f 2084 1910 2083
f 2108 2109 1913
f 2191 2108 2017
f 2110 2017 2018
f 2109 1960 2016
f 2019 2191 2110
f 2191 2019 2111
f 2112 2111 1916
f 2192 2112 2020
f 2020 2113 2192
f 2193 2113 2021
f 2114 2193 2021
f 2115 2022 2194
f 2024 2025 2023
f 2115 2195 2024
f 2025 2195 2116
f 2116 2117 1922
f 1923 2117 2027
f 2027 2117 2026
f 2026 2196 2114
f 2030 2197 2028
f 2124 1820 2118
f 2118 2028 2197
f 2029 2119 2198
f 2120 2029 2198
f 2121 1927 2120
f 2122 1929 2121
f 2197 2030 2031
f 2199 2031 2122
f 2032 2033 2123
f 2119 2032 2200
f 2123 2033 1932
f 2038 2123 1933
f 2034 2201 2036
f 2202 2034 2124
f 2125 2203 2035
f 2035 2204 2037
f 2036 2201 2125
f 2038 2039 2123
f 2039 2040 2200
f 2040 2126 2198
f 2127 2126 1935
f 2204 2127 2037
f 2076 1705 1938
f 2128 2041 2045
f 2205 1705 2129
f 2129 2043 2206
f 2206 2043 2130
f 2130 2044 1938
f 802 819 803
f 803 793 822
f 805 837 823
f 823 2131 772
f 2207 837 2046
f 2207 2131 2046
f 2046 2131 2207
f 807 813 806
f 838 807 808
f 824 839 808
f 809 810 840
f 824 809 841
f 825 774 779
f 842 775 825
f 826 775 842
f 840 810 826
f 812 843 811
f 827 844 812
f 825 779 828
f 845 828 811
f 829 813 846
f 830 782 829
f 836 784 830
f 835 814 815
f 831 815 847
f 832 833 786
f 848 832 816
f 849 816 831
f 847 850 831
f 851 827 817
f 817 833 851
f 2052 2143 2047
f 2047 2050 2060
f 2133 1942 2132
f 2132 2050 2047
f 2208 2050 2059
f 2051 2209 2053
f 2143 2051 2133
f 2134 2051 2052
f 1943 2135 2134
f 2053 2135 2210
f 2210 2135 2053
f 2211 1710 2136
f 2054 2137 2136
f 2138 2137 1944
f 2212 2138 2055
f 2055 2139 2212
f 2213 2139 1834
f 2214 2140 1945
f 2141 1946 2215
f 2141 2216 2057
f 2142 2217 1834
f 2057 2218 2142
f 2133 1946 2143
f 2219 1947 2140
f 2219 2144 1947
f 2220 2143 1948
f 2221 2058 2145
f 2145 1710 2222
f 2220 1948 2132
f 2058 1946 2132
f 2214 1945 2144
f 2223 2146 2059
f 2059 2146 2223
f 2146 1949 2147
f 2060 2208 2147
f 2062 2061 2224
f 2064 2063 2224
f 2224 2063 2062
f 2148 2064 2224
f 2149 1952 2148
f 2150 1953 2149
f 2151 1954 2150
f 2152 1955 2151
f 2158 2065 2152
f 2153 2066 2109
f 2067 2153 2225
f 2068 2067 2226
f 2070 2068 2227
f 2022 2069 2194
f 2194 2069 2154
f 2154 2070 2228
f 2155 2164 1850
f 2072 2229 2155
f 2229 2072 2156
f 2156 1964 2157
f 2159 1965 2158
f 2157 2073 2230
f 2230 2073 2159
f 2160 2224 2061
f 2161 2160 1853
f 2161 2074 2148
f 2074 2162 2149
f 2231 2162 1967
f 2163 2231 1967
f 2232 2163 1968
f 2164 2232 1968
f 2077 2076 1938
f 847 835 821
f 821 834 847
f 820 821 835
f 801 852 834
f 820 799 835
f 853 801 836
f 2078 2233 2082
f 2166 2082 2078
f 2078 2082 2166
f 2233 2078 2165
f 2165 1974 2167
f 2166 1974 2168
f 2168 1974 2166
f 2167 2079 2234
f 2168 2079 2235
f 2235 2079 2168
f 2169 2234 2079
f 2235 2079 2169
f 2169 2079 2235
f 2080 2236 2169
f 2179 2169 2080
f 2080 2169 2179
f 2236 2080 2170
f 2170 1975 2171
f 2179 2080 2095
f 2095 2080 2179
f 2081 2172 2171
f 1998 2081 2181
f 2181 2081 1998
f 2181 2081 2172
f 2172 2081 2181
f 2174 1976 2173
f 2173 2082 2233
f 2085 2082 2166
f 2166 2082 2085
f 2174 2107 2084
f 2175 2106 1992
f 1992 2106 2175
f 2175 1491 2190
f 1491 2176 2175
f 2175 2176 1491
f 2089 2088 2091
f 2088 2176 2091
f 2106 1992 2177
f 2091 2176 2177
f 2179 1791 2235
f 2179 2237 2095
f 2238 1998 2180
f 2180 2095 2237
f 1998 2238 2181
f 2181 2172 2096
f 2096 2172 2181
f 2181 2239 2096
f 2183 1899 2182
f 2096 2101 2182
f 2182 2101 2096
f 2096 2240 2182
f 2183 2241 2097
f 2098 2097 2242
f 2098 2184 2242
f 2242 2184 2098
f 2184 2099 2185
f 2185 2099 2184
f 2100 2185 2003
f 2184 2242 2005
f 2185 2184 2003
f 2172 2101 2243
f 2096 2172 2101
f 2101 2172 2096
f 2186 2243 2101
f 2182 2004 2183
f 2183 2004 2182
f 2102 2244 2186
f 2187 2241 2102
f 2242 2187 2005
f 2105 1491 2104
f 2245 2188 2007
f 2189 2245 2007
f 2245 2104 2105
f 2105 2104 2245
f 2104 2245 2188
f 2188 2245 2104
f 2190 1491 2105
f 2246 2105 2190
f 2190 2105 2246
f 2177 2189 2106
f 2190 2106 2175
f 2175 2106 2190
f 2168 1791 2166
f 2166 2085 2247
f 2107 2247 2085
f 2109 2108 2153
f 2248 2108 2191
f 2017 2110 2191
f 2111 2248 2191
f 2112 2225 2111
f 2192 2226 2112
f 2249 2192 2113
f 2113 2193 2249
f 2196 2193 2114
f 2115 2194 2195
f 2025 2024 2195
f 2116 2195 2250
f 2116 2250 2117
f 2117 2196 2026
f 2124 2118 2202
f 2118 2197 2251
f 2198 2119 2200
f 2120 2198 2126
f 2121 2120 2127
f 2122 2121 2204
f 2197 2031 2199
f 2199 2122 2203
f 2200 2032 2123
f 2034 2202 2201
f 2203 2204 2035
f 2201 2203 2125
f 2200 2123 2039
f 2198 2200 2040
f 2126 2127 2120
f 2127 2204 2121
f 1705 2252 1938
f 2253 1705 2205
f 2205 2129 2254
f 2254 2129 2206
f 2206 2130 1938
f 823 837 854
f 2131 823 2255
f 837 2207 869
f 2207 2255 2131
f 2131 2255 2207
f 813 807 846
f 846 807 838
f 838 808 839
f 839 824 855
f 841 809 840
f 855 824 841
f 825 856 842
f 842 857 826
f 826 858 840
f 843 845 811
f 844 843 812
f 859 844 827
f 828 860 825
f 845 861 828
f 829 846 862
f 830 829 863
f 830 863 836
f 835 847 815
f 833 832 864
f 832 848 865
f 849 848 816
f 849 831 850
f 850 847 834
f 851 859 827
f 864 851 833
f 2143 2220 2047
f 2052 2051 2143
f 2050 2208 2060
f 2133 2132 1946
f 2220 2132 2047
f 2059 2223 2208
f 2210 2053 2209
f 2209 2051 2256
f 2256 2051 2134
f 2256 2134 2135
f 2210 2135 2257
f 2257 2135 2210
f 2222 1710 2211
f 2136 2258 2211
f 2258 2136 2137
f 2138 2259 2137
f 2212 2260 2138
f 2261 2212 2139
f 2139 2213 2261
f 2262 2213 1834
f 2215 1946 2263
f 2215 2264 2141
f 2218 2057 2216
f 2216 2141 2264
f 2217 2265 1834
f 2142 2266 2217
f 2266 2142 2218
f 2267 2058 2221
f 2145 2268 2221
f 2222 2269 2145
f 1946 2058 2270
f 2223 2271 2146
f 2146 2271 2223
f 2147 2272 2146
f 2208 2273 2147
f 2224 2160 2148
f 2149 2148 2074
f 2150 2149 2162
f 2151 2150 2231
f 2152 2151 2163
f 2158 2152 2232
f 2248 2225 2153
f 2225 2226 2067
f 2226 2227 2068
f 2227 2228 2070
f 2194 2154 2274
f 2228 2274 2154
f 2155 2230 2164
f 2230 2155 2229
f 2156 2157 2229
f 2159 2158 2164
f 2229 2157 2230
f 2159 2164 2230
f 2161 2148 2160
f 2162 2231 2150
f 2231 2163 2151
f 2163 2232 2152
f 2232 2164 2158
f 852 866 834
f 852 801 853
f 836 867 853
f 2165 2247 2233
f 2167 2275 2165
f 2168 2166 2275
f 2234 2276 2167
f 2235 1791 2168
f 2235 2168 2276
f 2234 2169 2236
f 2235 2169 2179
f 2179 2169 2235
f 2170 2180 2236
f 2171 2238 2170
f 2243 2171 2172
f 2173 2107 2174
f 2233 2247 2173
f 2176 2190 2175
f 2175 2190 2176
f 2176 2246 2177
f 2235 2276 2179
f 2237 2179 2276
f 2238 2180 2170
f 2180 2237 2236
f 2239 2181 2238
f 2240 2096 2239
f 2182 2244 2183
f 2244 2182 2240
f 2187 2097 2241
f 2241 2183 2244
f 2187 2242 2097
f 2186 2240 2243
f 2244 2240 2186
f 2241 2244 2102
f 2246 2245 2189
f 2105 2246 2245
f 2245 2246 2105
f 2190 2176 2246
f 2246 2176 2190
f 2177 2246 2189
f 2247 2275 2166
f 2247 2107 2173
f 2248 2153 2108
f 2225 2248 2111
f 2226 2225 2112
f 2227 2226 2192
f 2249 2227 2192
f 2277 2249 2193
f 2193 2196 2277
f 2274 2195 2194
f 2195 2274 2250
f 2196 2117 2250
f 2202 2118 2251
f 2251 2197 2199
f 2204 2203 2122
f 2199 2203 2251
f 2251 2201 2202
f 2201 2251 2203
f 2252 2278 1938
f 2252 1705 2279
f 2280 1705 2253
f 2253 2205 2281
f 2281 2205 2254
f 2254 2206 1938
f 854 837 868
f 854 2255 823
f 2282 869 2207
f 869 868 837
f 2282 2255 2207
f 2207 2255 2282
f 846 838 870
f 839 870 838
f 871 839 855
f 841 840 872
f 855 841 873
f 857 842 856
f 856 825 860
f 858 826 857
f 874 840 858
f 843 875 845
f 843 844 875
f 844 859 876
f 860 828 861
f 861 845 875
f 870 862 846
f 862 863 829
f 867 836 863
f 865 864 832
f 877 865 848
f 878 848 849
f 850 878 849
f 834 866 850
f 879 859 851
f 864 879 851
f 2273 2208 2223
f 2209 2283 2210
f 2284 2209 2256
f 2135 2257 2256
f 2210 2257 2285
f 2285 2257 2210
f 2211 2286 2222
f 2286 2211 2258
f 2137 2287 2258
f 2259 2288 2137
f 2260 2259 2138
f 2289 2260 2212
f 2261 2289 2212
f 2290 2261 2213
f 2213 2262 2290
f 2291 2262 1834
f 2263 1946 2292
f 2263 2293 2215
f 2264 2215 2293
f 2218 2216 2266
f 2216 2264 2266
f 2265 2294 1834
f 2217 2295 2265
f 2295 2217 2266
f 2296 2058 2267
f 2221 2297 2267
f 2297 2221 2268
f 2268 2145 2269
f 2269 2222 2286
f 2270 2058 2298
f 2299 1946 2270
f 2300 2271 2223
f 2223 2271 2300
f 2271 2146 2272
f 2147 2273 2272
f 2228 2227 2249
f 2274 2228 2277
f 852 880 866
f 853 881 852
f 881 853 867
f 2275 2247 2165
f 2276 2275 2167
f 2275 2276 2168
f 2237 2276 2234
f 2236 2237 2234
f 2239 2238 2171
f 2243 2239 2171
f 2240 2239 2243
f 2277 2228 2249
f 2250 2277 2196
f 2250 2274 2277
f 2278 2301 1938
f 2252 2279 2278
f 2279 1705 2280
f 2280 2253 2301
f 2301 2253 2281
f 2281 2254 1938
f 868 2302 854
f 2255 854 2302
f 869 2282 868
f 2255 2282 2302
f 2302 2282 2255
f 870 839 882
f 882 839 871
f 871 855 883
f 874 872 840
f 872 873 841
f 873 883 855
f 856 860 857
f 857 2303 858
f 874 858 2304
f 876 875 844
f 884 876 859
f 861 857 860
f 875 2305 861
f 862 870 885
f 863 862 886
f 867 863 887
f 865 888 864
f 877 889 865
f 877 848 890
f 878 890 848
f 866 878 850
f 859 879 884
f 891 879 864
f 2223 2300 2273
f 2285 2210 2283
f 2283 2209 2284
f 2284 2256 2257
f 2285 2257 2306
f 2306 2257 2285
f 2258 2307 2286
f 2287 2307 2258
f 2288 2287 2137
f 2259 2308 2288
f 2259 2260 2308
f 2260 2289 2309
f 2310 2289 2261
f 2290 2311 2261
f 2312 2290 2262
f 2262 2291 2312
f 2313 2291 1834
f 2292 1946 2314
f 2292 2315 2263
f 2293 2263 2315
f 2264 2293 2316
f 2264 2317 2266
f 2294 2318 1834
f 2294 2265 2319
f 2320 2265 2295
f 2266 2317 2295
f 2298 2058 2296
f 2267 2321 2296
f 2321 2267 2297
f 2268 2269 2297
f 2286 2297 2269
f 2270 2298 2322
f 2323 1946 2299
f 2299 2270 2324
f 2300 2325 2271
f 2271 2325 2300
f 2272 2326 2271
f 2273 2327 2272
f 892 866 880
f 880 852 881
f 881 867 892
f 2301 2281 1938
f 2278 2280 2301
f 2279 2280 2278
f 2302 868 2282
f 885 870 882
f 882 871 893
f 883 893 871
f 872 874 2328
f 873 872 2329
f 883 873 2330
f 2331 858 2303
f 2303 857 861
f 2304 858 2331
f 2328 874 2304
f 876 2332 875
f 884 2333 876
f 2305 2303 861
f 2334 2305 875
f 886 862 885
f 887 863 886
f 894 867 887
f 888 891 864
f 889 888 865
f 895 889 877
f 890 895 877
f 890 878 892
f 866 892 878
f 896 884 879
f 879 891 896
f 2327 2273 2300
f 2283 2335 2285
f 2336 2283 2284
f 2257 2306 2284
f 2285 2306 2337
f 2337 2306 2285
f 2338 2286 2307
f 2287 2339 2307
f 2288 2340 2287
f 2340 2288 2308
f 2309 2308 2260
f 2341 2309 2289
f 2289 2310 2341
f 2311 2310 2261
f 2342 2311 2290
f 2312 2342 2290
f 2343 2312 2291
f 2313 2344 2291
f 2345 2313 1834
f 2314 1946 2346
f 2292 2314 2315
f 2293 2315 2347
f 2316 2293 2348
f 2317 2264 2316
f 2318 2349 1834
f 2318 2294 2350
f 2320 2319 2265
f 2319 2350 2294
f 2295 2351 2320
f 2317 2352 2295
f 2298 2296 2353
f 2354 2296 2321
f 2321 2297 2286
f 2353 2322 2298
f 2322 2324 2270
f 2355 1946 2323
f 2323 2299 2356
f 2324 2356 2299
f 2357 2325 2300
f 2300 2325 2357
f 2325 2271 2326
f 2272 2327 2326
f 880 881 892
f 867 897 892
f 885 882 898
f 893 898 882
f 893 883 2358
f 2329 872 2328
f 2330 873 2329
f 2359 883 2330
f 2303 2360 2331
f 2331 2361 2304
f 2304 2362 2328
f 2332 2334 875
f 2333 2332 876
f 2363 2333 884
f 2305 2364 2303
f 2334 2365 2305
f 886 885 899
f 886 899 887
f 897 867 894
f 887 900 894
f 891 888 901
f 888 889 902
f 895 903 889
f 904 895 890
f 892 904 890
f 896 2363 884
f 901 896 891
f 2300 2357 2327
f 2337 2285 2335
f 2335 2283 2336
f 2336 2284 2306
f 2337 2306 2366
f 2366 2306 2337
f 2338 2321 2286
f 2307 2367 2338
f 2367 2307 2339
f 2339 2287 2340
f 2308 2368 2340
f 2309 2369 2308
f 2341 2370 2309
f 2371 2341 2310
f 2310 2311 2371
f 2311 2342 2372
f 2373 2342 2312
f 2343 2373 2312
f 2343 2291 2344
f 2344 2313 2374
f 2345 2374 2313
f 2375 2345 1834
f 2346 1946 2376
f 2314 2346 2377
f 2377 2315 2314
f 2347 2315 2378
f 2348 2293 2347
f 2348 2379 2316
f 2316 2380 2317
f 2349 2381 1834
f 2349 2318 2382
f 2350 2382 2318
f 2320 2383 2319
f 2319 2384 2350
f 2351 2383 2320
f 2352 2351 2295
f 2317 2385 2352
f 2354 2353 2296
f 2354 2321 2386
f 2322 2353 2387
f 2324 2322 2388
f 2389 1946 2355
f 2355 2323 2390
f 2356 2390 2323
f 2356 2324 2391
f 2357 2392 2325
f 2325 2392 2357
f 2326 2393 2325
f 2327 2394 2326
f 897 904 892
f 898 899 885
f 898 893 2395
f 2358 883 2359
f 2395 893 2358
f 2329 2328 2396
f 2330 2329 2397
f 2359 2330 2398
f 2361 2331 2360
f 2360 2303 2364
f 2362 2304 2361
f 2399 2328 2362
f 2332 2400 2334
f 2332 2333 2400
f 2333 2363 2401
f 2364 2305 2365
f 2365 2334 2400
f 900 887 899
f 894 905 897
f 905 894 900
f 902 901 888
f 906 902 889
f 906 889 903
f 903 895 907
f 904 907 895
f 2402 2363 896
f 901 2402 896
f 2394 2327 2357
f 2335 2403 2337
f 2404 2335 2336
f 2306 2366 2336
f 2337 2366 2405
f 2405 2366 2337
f 2386 2321 2338
f 2406 2338 2367
f 2339 2407 2367
f 2340 2408 2339
f 2368 2408 2340
f 2369 2368 2308
f 2370 2369 2309
f 2409 2370 2341
f 2371 2409 2341
f 2372 2371 2311
f 2410 2372 2342
f 2342 2373 2410
f 2411 2373 2343
f 2344 2411 2343
f 2374 2412 2344
f 2374 2345 2413
f 2375 2413 2345
f 2414 2375 1834
f 2376 1946 2415
f 2346 2376 2416
f 2416 2377 2346
f 2315 2377 2378
f 2378 2417 2347
f 2347 2418 2348
f 2380 2316 2379
f 2379 2348 2418
f 2385 2317 2380
f 2381 2419 1834
f 2381 2349 2420
f 2382 2420 2349
f 2350 2421 2382
f 2383 2384 2319
f 2384 2421 2350
f 2351 2422 2383
f 2352 2423 2351
f 2423 2352 2385
f 2353 2354 2424
f 2425 2354 2386
f 2387 2353 2424
f 2388 2322 2387
f 2391 2324 2388
f 2426 1946 2389
f 2389 2355 2427
f 2390 2427 2355
f 2390 2356 2428
f 2429 2356 2391
f 2430 2392 2357
f 2357 2392 2430
f 2392 2325 2393
f 2326 2394 2393
f 897 908 904
f 899 898 2431
f 2431 898 2395
f 2358 2359 2432
f 2395 2358 2433
f 2399 2396 2328
f 2396 2397 2329
f 2397 2398 2330
f 2398 2432 2359
f 2360 2364 2361
f 2362 2361 2365
f 2399 2362 2400
f 2401 2400 2333
f 2434 2401 2363
f 2365 2361 2364
f 2400 2362 2365
f 900 899 2435
f 908 897 905
f 905 900 2436
f 902 2437 901
f 906 2438 902
f 903 2439 906
f 907 2440 903
f 907 904 908
f 2363 2402 2434
f 2441 2402 901
f 2357 2430 2394
f 2405 2337 2403
f 2403 2335 2404
f 2404 2336 2366
f 2405 2366 2442
f 2442 2366 2405
f 2386 2406 2338
f 2338 2406 2386
f 2406 2367 2407
f 2408 2407 2339
f 2408 2424 2368
f 2368 2424 2408
f 2424 2369 2368
f 2368 2369 2424
f 2387 2370 2369
f 2369 2370 2387
f 2388 2409 2370
f 2370 2409 2388
f 2443 2409 2371
f 2372 2443 2371
f 2410 2444 2372
f 2445 2410 2373
f 2411 2446 2373
f 2447 2411 2344
f 2412 2447 2344
f 2448 2412 2374
f 2413 2449 2374
f 2413 2375 2449
f 2450 2375 2414
f 2451 2414 1834
f 2415 1946 2452
f 2376 2415 2453
f 2453 2416 2376
f 2377 2416 2454
f 2378 2377 2454
f 2418 2347 2417
f 2378 2454 2417
f 2380 2379 2423
f 2379 2418 2422
f 2385 2380 2423
f 2419 2451 1834
f 2419 2381 2455
f 2420 2455 2381
f 2382 2456 2420
f 2421 2457 2382
f 2384 2383 2458
f 2421 2384 2459
f 2460 2383 2422
f 2422 2351 2423
f 2424 2354 2425
f 2425 2407 2386
f 2386 2407 2425
f 2369 2424 2387
f 2387 2424 2369
f 2370 2387 2388
f 2388 2387 2370
f 2409 2388 2391
f 2391 2388 2409
f 2461 1946 2426
f 2389 2427 2426
f 2427 2390 2462
f 2428 2356 2429
f 2462 2390 2428
f 2443 2391 2429
f 2429 2391 2443
f 2430 2463 2392
f 2392 2463 2430
f 2393 2464 2392
f 2394 2465 2393
f 2435 899 2431
f 2431 2395 2466
f 2432 2433 2358
f 2433 2466 2395
f 2396 2399 2401
f 2397 2396 2434
f 2398 2397 2467
f 2432 2398 2468
f 2401 2399 2400
f 2434 2396 2401
f 2469 900 2435
f 908 905 907
f 2436 900 2469
f 907 905 2436
f 2437 2441 901
f 2438 2437 902
f 2439 2438 906
f 2440 2439 903
f 2436 2440 907
f 2467 2434 2402
f 2402 2441 2467
f 2465 2394 2430
f 2403 2470 2405
f 2471 2403 2404
f 2366 2442 2404
f 2405 2442 2472
f 2472 2442 2405
f 2406 2386 2407
f 2407 2386 2406
f 2407 2425 2408
f 2408 2425 2407
f 2424 2408 2425
f 2425 2408 2424
f 2391 2443 2409
f 2409 2443 2391
f 2444 2443 2372
f 2473 2444 2410
f 2445 2473 2410
f 2445 2373 2446
f 2446 2411 2474
f 2447 2474 2411
f 2412 2475 2447
f 2412 2448 2476
f 2449 2448 2374
f 2477 2449 2375
f 2478 2375 2450
f 2414 2479 2450
f 2451 2480 2414
f 2452 1946 2477
f 2415 2452 2481
f 2481 2453 2415
f 2416 2453 2482
f 2454 2416 2483
f 2418 2417 2460
f 2484 2417 2454
f 2423 2379 2422
f 2422 2418 2460
f 2451 2419 2480
f 2455 2480 2419
f 2420 2485 2455
f 2456 2485 2420
f 2457 2456 2382
f 2457 2421 2486
f 2460 2458 2383
f 2458 2459 2384
f 2459 2486 2421
f 2477 1946 2461
f 2426 2487 2461
f 2487 2426 2427
f 2488 2427 2462
f 2444 2429 2428
f 2428 2429 2444
f 2473 2428 2462
f 2462 2428 2473
f 2429 2444 2443
f 2443 2444 2429
f 2489 2463 2430
f 2430 2463 2489
f 2463 2392 2464
f 2393 2465 2464
f 2431 2466 2435
f 2433 2432 2490
f 2466 2433 2491
f 2467 2397 2434
f 2468 2398 2467
f 2490 2432 2468
f 2435 2492 2469
f 2469 2493 2436
f 2441 2437 2468
f 2437 2438 2490
f 2439 2494 2438
f 2440 2495 2439
f 2436 2496 2440
f 2468 2467 2441
f 2430 2489 2465
f 2472 2405 2470
f 2470 2403 2471
f 2471 2404 2442
f 2472 2442 2497
f 2497 2442 2472
f 2428 2473 2444
f 2444 2473 2428
f 2498 2473 2445
f 2446 2498 2445
f 2474 2499 2446
f 2474 2447 2475
f 2475 2412 2500
f 2448 2487 2476
f 2476 2500 2412
f 2449 2477 2448
f 2375 2501 2477
f 2502 2375 2478
f 2450 2503 2478
f 2503 2450 2479
f 2479 2414 2480
f 2504 2452 2477
f 2505 2481 2452
f 2453 2481 2506
f 2482 2453 2506
f 2483 2416 2482
f 2454 2483 2484
f 2460 2417 2458
f 2417 2484 2458
f 2455 2507 2480
f 2485 2507 2455
f 2485 2456 2508
f 2456 2457 2509
f 2486 2509 2457
f 2458 2484 2459
f 2459 2510 2486
f 2461 2448 2477
f 2448 2461 2487
f 2487 2427 2488
f 2488 2473 2462
f 2462 2473 2488
f 2489 2511 2463
f 2463 2511 2489
f 2463 2464 2511
f 2465 2512 2464
f 2492 2435 2466
f 2491 2433 2490
f 2494 2466 2491
f 2490 2468 2437
f 2493 2469 2492
f 2496 2436 2493
f 2491 2490 2438
f 2491 2438 2494
f 2494 2439 2495
f 2495 2440 2496
f 2512 2465 2489
f 2472 2470 2513
f 2514 2470 2471
f 2471 2442 2514
f 2497 2514 2442
f 2472 2497 2513
f 2513 2497 2472
f 2473 2488 2498
f 2498 2488 2473
f 2499 2498 2446
f 2500 2499 2474
f 2475 2500 2474
f 2476 2487 2515
f 2499 2476 2500
f 2500 2476 2499
f 2501 2516 2477
f 2502 2501 2375
f 2478 2517 2502
f 2517 2478 2503
f 2479 2518 2503
f 2480 2519 2479
f 2452 2504 2505
f 2516 2504 2477
f 2481 2505 2520
f 2506 2481 2520
f 2482 2506 2521
f 2483 2482 2510
f 2510 2484 2483
f 2507 2522 2480
f 2507 2485 2523
f 2509 2508 2456
f 2508 2523 2485
f 2486 2521 2509
f 2484 2510 2459
f 2510 2521 2486
f 2515 2487 2488
f 2524 2511 2489
f 2489 2511 2524
f 2525 2511 2464
f 2464 2512 2525
f 2492 2466 2494
f 2493 2492 2495
f 2496 2493 2495
f 2495 2492 2494
f 2512 2489 2526
f 2527 2513 2470
f 2527 2470 2514
f 2514 2497 2528
f 2513 2497 2529
f 2529 2497 2513
f 2515 2498 2488
f 2488 2498 2515
f 2498 2515 2499
f 2499 2515 2498
f 2476 2499 2515
f 2515 2499 2476
f 2501 2530 2516
f 2502 2531 2501
f 2531 2502 2517
f 2503 2530 2517
f 2532 2503 2518
f 2519 2518 2479
f 2522 2519 2480
f 2533 2505 2504
f 2516 2534 2504
f 2520 2505 2535
f 2506 2520 2536
f 2536 2521 2506
f 2521 2510 2482
f 2507 2523 2522
f 2509 2536 2508
f 2508 2537 2523
f 2521 2536 2509
f 2524 2538 2511
f 2511 2538 2524
f 2524 2526 2489
f 2511 2525 2538
f 2512 2526 2525
f 2513 2527 2539
f 2528 2527 2514
f 2529 2528 2497
f 2513 2529 2539
f 2539 2529 2513
f 2534 2516 2530
f 2530 2501 2531
f 2531 2517 2530
f 2534 2530 2503
f 2532 2534 2503
f 2518 2540 2532
f 2519 2541 2518
f 2522 2542 2519
f 2505 2533 2535
f 2533 2504 2534
f 2520 2535 2537
f 2537 2536 2520
f 2542 2522 2523
f 2536 2537 2508
f 2537 2543 2523
f 2544 2538 2524
f 2524 2538 2544
f 2526 2524 2545
f 2546 2538 2525
f 2525 2526 2546
f 2547 2539 2527
f 2547 2527 2528
f 2528 2529 2548
f 2539 2529 2549
f 2549 2529 2539
f 2550 2534 2532
f 2551 2532 2540
f 2540 2518 2541
f 2541 2519 2542
f 2535 2533 2552
f 2533 2534 2550
f 2543 2537 2535
f 2523 2543 2542
f 2544 2553 2538
f 2538 2553 2544
f 2544 2545 2524
f 2526 2545 2546
f 2538 2546 2553
f 2539 2547 2554
f 2548 2547 2528
f 2549 2548 2529
f 2539 2549 2554
f 2554 2549 2539
f 2532 2551 2550
f 2551 2540 2555
f 2541 2555 2540
f 2542 2556 2541
f 2552 2533 2550
f 2552 2556 2535
f 2543 2535 2556
f 2543 2556 2542
f 2557 2553 2544
f 2544 2553 2557
f 2545 2544 2558
f 2546 2545 2559
f 2559 2553 2546
f 2560 2554 2547
f 2560 2547 2548
f 2548 2549 2561
f 2554 2549 2562
f 2562 2549 2554
f 2555 2550 2551
f 2556 2555 2541
f 2550 2555 2552
f 2556 2552 2555
f 2557 2563 2553
f 2553 2563 2557
f 2557 2558 2544
f 2545 2558 2559
f 2553 2559 2563
f 2554 2560 2564
f 2561 2560 2548
f 2562 2561 2549
f 2554 2562 2565
f 2565 2562 2554
f 2566 2563 2557
f 2557 2563 2566
f 2558 2557 2567
f 2559 2558 2568
f 2568 2563 2559
f 2569 2564 2560
f 2554 2565 2564
f 2564 2565 2554
f 2570 2560 2561
f 2561 2562 2570
f 2565 2570 2562
f 2566 2571 2563
f 2563 2571 2566
f 2566 2567 2557
f 2558 2567 2568
f 2563 2568 2571
f 2564 2569 2572
f 2569 2560 2570
f 2564 2565 2573
f 2573 2565 2564
f 2570 2565 2574
f 2575 2571 2566
f 2566 2571 2575
f 2567 2566 2576
f 2568 2567 2577
f 2577 2571 2568
f 2578 2572 2569
f 2564 2573 2572
f 2572 2573 2564
f 2574 2569 2570
f 2573 2574 2565
f 2579 2571 2575
f 2575 2571 2579
f 2575 2576 2566
f 2567 2576 2577
f 2571 2577 2580
f 2572 2578 2581
f 2578 2569 2574
f 2572 2573 2581
f 2581 2573 2572
f 2574 2573 2582
f 2571 2579 2580
f 2580 2579 2571
f 2579 2583 2575
f 2576 2575 2583
f 2577 2576 2584
f 2584 2580 2577
f 2582 2581 2578
f 2582 2578 2574
f 2581 2582 2573
f 2580 2584 2579
f 2583 2579 2584
f 2583 2584 2576
f 913 25 911
f 25 913 26
f 912 913 911
f 26 916 24
f 916 26 913
f 916 912 915
f 24 918 22
f 913 912 916
f 918 24 916
f 921 915 917
f 916 915 918
f 918 20 22
f 923 917 920
f 924 915 921
f 921 917 925
f 918 915 924
f 20 918 927
f 85 97 65
f 925 917 923
f 923 920 935
f 926 918 924
f 918 936 927
f 927 18 20
f 96 109 85
f 85 109 97
f 935 920 934
f 936 918 926
f 927 936 941
f 18 927 942
f 942 16 18
f 108 109 96
f 935 934 949
f 927 941 950
f 927 950 942
f 16 942 951
f 951 14 16
f 122 109 108
f 949 934 948
f 942 950 952
f 942 952 951
f 14 951 953
f 953 12 14
f 141 109 122
f 13 958 948
f 949 948 957
f 951 952 959
f 951 959 953
f 12 953 960
f 960 10 12
f 164 109 141
f 958 13 11
f 957 948 958
f 953 959 962
f 953 963 960
f 10 960 964
f 964 8 10
f 176 109 164
f 235 177 109
f 968 11 9
f 11 968 958
f 957 958 961
f 953 962 963
f 960 963 969
f 960 969 964
f 8 964 970
f 970 6 8
f 192 109 176
f 235 193 177
f 235 109 211
f 9 972 968
f 973 958 968
f 961 958 973
f 964 969 974
f 964 974 970
f 6 970 975
f 6 976 4
f 211 109 192
f 235 212 193
f 972 9 7
f 980 968 972
f 973 968 980
f 970 974 981
f 970 981 975
f 976 6 975
f 983 4 976
f 4 983 2
f 235 236 212
f 237 238 213
f 7 993 972
f 980 972 994
f 975 981 982
f 975 995 976
f 976 997 983
f 3 993 5
f 1 995 3
f 997 2 983
f 2 997 1
f 235 256 236
f 239 237 257
f 238 237 239
f 369 992 293
f 292 293 294
f 993 7 5
f 994 972 993
f 975 982 996
f 975 993 995
f 976 995 997
f 993 3 995
f 995 1 997
f 235 277 256
f 235 257 278
f 239 257 235
f 992 369 1013
f 293 292 317
f 994 993 1016
f 975 996 993
f 1003 993 996
f 235 306 277
f 235 278 306
f 1013 1014 992
f 317 292 338
f 1016 993 1003
f 298 1034 322
f 354 1035 356
f 1014 1013 1057
f 338 292 369
f 1034 298 393
f 354 379 1035
f 1063 356 1035
f 1057 1058 1014
f 393 1085 1034
f 1035 396 379
f 379 396 1035
f 1063 1090 356
f 1058 1057 1116
f 397 356 1090
f 1085 393 403
f 418 1059 1086
f 1087 1120 1060
f 1060 1121 1088
f 1035 396 413
f 413 396 1035
f 1116 1117 1058
f 1090 1139 397
f 403 1140 1085
f 1059 418 420
f 1086 421 418
f 1143 1087 1119
f 1120 1087 1144
f 1121 1060 1120
f 1145 1088 1121
f 1088 1145 1122
f 1035 413 412
f 1125 1092 414
f 1035 406 1092
f 407 397 1139
f 1117 1116 1166
f 392 435 410
f 1140 403 416
f 421 1086 1141
f 1087 1143 1144
f 1119 1166 1143
f 1173 1122 1145
f 1122 1173 1146
f 412 406 1035
f 406 414 1092
f 1139 1125 407
f 414 407 1125
f 1166 1194 1117
f 435 392 433
f 437 410 435
f 416 1195 1140
f 1141 441 421
f 1194 1166 1119
f 1206 1146 1173
f 1146 1206 1174
f 1195 416 423
f 392 456 433
f 480 435 433
f 410 437 438
f 479 437 435
f 456 392 425
f 441 1141 1196
f 480 426 419
f 1167 492 1197
f 1198 493 1167
f 427 480 419
f 1199 500 1168
f 513 1174 1206
f 1174 513 445
f 1254 423 432
f 423 1254 1195
f 481 433 456
f 479 435 480
f 480 433 481
f 482 438 437
f 484 437 479
f 425 487 456
f 1196 461 441
f 426 480 481
f 481 443 426
f 1197 495 1199
f 492 1167 493
f 495 1197 492
f 1224 497 1198
f 493 1198 497
f 480 427 479
f 500 1199 495
f 502 1168 500
f 1168 502 1225
f 513 1258 445
f 432 1284 1254
f 481 456 534
f 438 482 485
f 437 484 482
f 479 498 484
f 487 425 460
f 534 456 487
f 461 1196 1255
f 443 481 534
f 570 1224 1256
f 497 1224 542
f 498 479 427
f 544 1225 502
f 1258 513 1290
f 1258 465 445
f 1284 432 475
f 484 485 482
f 485 484 498
f 460 564 487
f 534 487 565
f 1255 488 461
f 534 490 443
f 572 1256 1285
f 1224 570 542
f 1256 572 570
f 1225 544 1286
f 615 1257 1288
f 614 1289 1257
f 513 1331 1290
f 1290 1332 1258
f 465 1258 629
f 465 631 515
f 519 473 518
f 473 554 474
f 474 590 528
f 595 1284 475
f 488 1255 1326
f 564 460 537
f 565 487 564
f 490 534 565
f 565 539 490
f 1285 611 572
f 544 1328 1286
f 617 1288 1329
f 1257 615 614
f 1288 617 615
f 1289 614 619
f 1289 662 1330
f 1331 513 584
f 1331 1389 1290
f 1290 1390 1332
f 1391 1258 1332
f 1392 629 1258
f 631 465 629
f 1393 465 629
f 632 629 465
f 515 635 551
f 635 515 631
f 1361 1428 1314
f 473 519 554
f 527 520 526
f 520 558 521
f 521 643 555
f 520 527 558
f 474 554 590
f 528 590 589
f 1284 595 1444
f 559 1326 1379
f 1326 559 488
f 537 653 564
f 565 564 654
f 539 565 654
f 654 567 539
f 512 1380 609
f 611 1285 1385
f 1328 544 612
f 612 1387 1328
f 660 1329 1387
f 1329 660 617
f 662 1289 619
f 664 1330 662
f 1330 664 1388
f 584 708 1331
f 1331 1452 1389
f 1290 1389 1453
f 1290 1454 1390
f 1390 1455 1332
f 1456 1258 1391
f 1455 1391 1332
f 1457 629 1392
f 1392 1258 1458
f 1331 631 629
f 465 1393 587
f 629 632 673
f 635 675 551
f 1331 635 631
f 1491 1424 1359
f 1491 1359 1425
f 1428 1361 1491
f 1424 1491 1361
f 521 558 643
f 555 643 679
f 528 589 641
f 683 1444 595
f 1517 559 1379
f 653 537 605
f 654 564 653
f 567 654 696
f 1518 609 1380
f 609 1519 568
f 568 1520 610
f 1381 1521 1445
f 1522 1381 1446
f 1523 1446 1382
f 1524 1382 1386
f 1383 1525 1447
f 1445 1526 1383
f 1385 697 611
f 1531 1386 1450
f 1387 612 660
f 699 1388 664
f 574 1533 576
f 575 1533 574
f 620 1533 575
f 576 706 621
f 621 665 577
f 577 623 578
f 578 623 622
f 708 584 656
f 708 635 1331
f 1331 1534 1452
f 1535 1389 1452
f 1536 1453 1389
f 1290 1453 1537
f 1290 1538 1454
f 1454 1539 1390
f 1455 1390 1539
f 1540 1258 1456
f 1541 1456 1391
f 1391 1455 1541
f 1542 629 1457
f 1392 1543 1457
f 1458 1258 1544
f 1458 1545 1392
f 1331 629 1546
f 673 587 1393
f 587 673 632
f 673 672 629
f 675 635 677
f 1491 1425 1423
f 1491 1423 1488
f 1428 1491 1495
f 1609 589 640
f 555 679 594
f 641 589 1609
f 594 1610 620
f 559 1517 644
f 1444 683 1611
f 605 677 653
f 654 653 696
f 696 656 567
f 609 1518 1612
f 1519 1520 568
f 1519 609 1613
f 1612 610 1520
f 1521 1381 1614
f 1526 1445 1521
f 1381 1522 1614
f 1446 1523 1522
f 1382 1524 1523
f 1386 1531 1524
f 1525 1383 1526
f 1616 1447 1525
f 697 1385 1528
f 1620 1450 1449
f 1621 1449 1530
f 1450 1620 1531
f 1388 699 1532
f 1625 1505 1451
f 576 1533 730
f 620 1610 1533
f 576 730 706
f 621 706 665
f 577 665 623
f 656 696 708
f 708 677 635
f 1331 1626 1534
f 1627 1452 1534
f 1389 1535 1536
f 1452 1627 1535
f 1453 1536 1628
f 1453 1629 1537
f 1290 1537 1630
f 1290 1630 1538
f 1538 1631 1454
f 1539 1454 1631
f 1539 1541 1455
f 1544 1258 1540
f 1632 1540 1456
f 1456 1541 1632
f 1633 629 1542
f 1457 1634 1542
f 1543 1392 1545
f 1634 1457 1543
f 1635 1458 1544
f 1545 1458 1636
f 629 1637 1546
f 1331 1546 1638
f 672 673 709
f 677 605 675
f 1491 1488 1579
f 1495 1491 1583
f 1609 640 1705
f 594 679 1706
f 1707 641 1609
f 1610 594 1706
f 1708 644 1517
f 746 1611 683
f 696 653 677
f 610 1612 1518
f 1613 609 1612
f 1714 1521 1614
f 1616 1526 1521
f 1715 1614 1522
f 1716 1522 1523
f 1717 1523 1524
f 1718 1524 1531
f 1447 1616 1615
f 1526 1616 1525
f 760 1528 1618
f 1528 760 697
f 1529 1621 1530
f 1619 1724 1529
f 1449 1621 1620
f 1725 1531 1620
f 762 1532 699
f 1532 762 1624
f 1505 1625 1732
f 1451 1733 1625
f 1734 730 1533
f 735 668 702
f 767 669 668
f 792 701 669
f 696 677 708
f 1331 1638 1626
f 1737 1534 1626
f 1534 1737 1627
f 1535 1543 1536
f 1627 1634 1535
f 1536 1545 1628
f 1629 1453 1628
f 1738 1537 1629
f 1537 1738 1630
f 1630 1739 1538
f 1631 1538 1739
f 1631 1541 1539
f 1740 1544 1540
f 1540 1632 1740
f 1631 1632 1541
f 1741 629 1633
f 1542 1742 1633
f 1742 1542 1634
f 1536 1543 1545
f 1535 1634 1543
f 1458 1635 1636
f 1544 1740 1635
f 1628 1545 1636
f 1637 629 1741
f 1637 1743 1546
f 1743 1638 1546
f 710 672 709
f 1491 1579 1670
f 1583 1491 1675
f 1705 640 712
f 1706 679 715
f 641 1707 713
f 644 1708 716
f 1611 746 1833
f 1616 1521 1714
f 1714 1614 1715
f 1715 1522 1837
f 1838 1522 1716
f 1716 1523 1839
f 1840 1523 1717
f 1717 1524 1841
f 1841 1524 1718
f 1718 1531 1842
f 1714 1615 1616
f 1731 760 1618
f 1621 1529 1724
f 1723 1849 1619
f 1724 1619 1849
f 1850 1620 1621
f 1851 1531 1725
f 1725 1620 1852
f 1726 1715 1622
f 1715 1727 1622
f 1615 1714 1726
f 1837 1623 1727
f 1853 1728 1623
f 789 1624 762
f 1624 789 1731
f 1625 1856 1732
f 1856 1505 1732
f 1733 1451 1857
f 1856 1625 1733
f 1734 790 730
f 767 668 735
f 792 669 767
f 792 1860 701
f 736 672 707
f 1861 1626 1638
f 1626 1861 1737
f 1737 1742 1627
f 1627 1742 1634
f 1628 1636 1629
f 1629 1635 1738
f 1739 1630 1738
f 1739 1632 1631
f 1739 1740 1632
f 1633 1862 1741
f 1862 1633 1742
f 1629 1636 1635
f 1738 1635 1740
f 672 797 737
f 1741 1863 1637
f 1743 1637 1863
f 1638 1743 1861
f 710 709 738
f 739 672 710
f 1491 1770 1660
f 1889 1660 1771
f 1491 1670 1784
f 1675 1491 1788
f 1505 1856 1798
f 1705 712 742
f 1706 715 1734
f 713 1707 1938
f 1941 716 1708
f 805 1833 746
f 707 672 739
f 1715 1726 1714
f 1837 1522 1838
f 1727 1715 1837
f 1716 1950 1838
f 1839 1523 1840
f 1839 1951 1716
f 1952 1840 1717
f 1953 1717 1841
f 1954 1841 1718
f 1842 1531 1851
f 1955 1718 1842
f 760 1731 789
f 1848 1961 1723
f 1962 1621 1724
f 1849 1723 1961
f 1963 1724 1849
f 1850 1964 1620
f 1850 1621 1962
f 1965 1851 1725
f 1852 1620 1966
f 1852 1965 1725
f 1623 1837 1853
f 1728 1853 1967
f 1967 1729 1728
f 1968 1730 1729
f 1850 1854 1730
f 1857 1856 1733
f 1734 771 790
f 1832 1970 1735
f 1971 1858 1735
f 1972 764 701
f 818 1860 792
f 1972 701 1860
f 797 672 736
f 1861 1862 1737
f 1737 1862 1742
f 1738 1740 1739
f 1863 1741 1862
f 1863 1861 1743
f 1768 1757 1884
f 1491 1887 1770
f 1491 1660 1989
f 1989 1660 1889
f 1889 1771 1891
f 1891 1771 1773
f 1491 1784 1887
f 1788 1491 1906
f 1856 1857 1798
f 1705 742 764
f 2042 1936 1830
f 2044 1830 1937
f 1734 715 771
f 713 1938 769
f 1939 1940 1831
f 716 1941 772
f 1833 805 2046
f 831 736 757
f 2061 1837 1838
f 1950 1716 1951
f 2062 1838 1950
f 1840 2063 1839
f 1951 1839 2063
f 1840 1952 2064
f 1717 1953 1952
f 1841 1954 1953
f 1718 1955 1954
f 2065 1842 1851
f 1842 2065 1955
f 1855 2071 1848
f 1961 1848 2071
f 1962 1724 1963
f 2071 1849 1961
f 1963 1849 2071
f 1850 2072 1964
f 1966 1620 1964
f 1854 1850 1962
f 1851 1965 2065
f 1966 2073 1852
f 1965 1852 2073
f 1837 2061 1853
f 1853 2074 1967
f 1729 1967 1968
f 1730 1968 1850
f 1854 1963 1855
f 1858 2075 1969
f 1970 1832 1969
f 1735 1970 1971
f 1858 1971 2075
f 2076 764 1972
f 1938 1860 818
f 736 821 797
f 1861 1863 1862
f 1906 1491 2008
f 1705 764 2076
f 2128 2041 1936
f 2128 1936 2042
f 2042 1830 2044
f 2130 1937 2043
f 2044 1937 2130
f 769 1938 822
f 2045 1939 2041
f 1940 1939 2045
f 2131 772 1941
f 837 2046 805
f 736 831 847
f 1838 2062 2061
f 2063 1840 2064
f 2071 1855 1963
f 1963 1854 1962
f 1850 2155 2072
f 2072 2156 1964
f 1964 2157 1966
f 2073 1966 2157
f 1853 2061 2160
f 1853 2161 2074
f 1967 2074 2162
f 1967 2163 1968
f 1968 2164 1850
f 1970 1969 2075
f 1860 1938 2077
f 822 1938 818
f 736 847 821
f 2008 1491 2104
f 2045 2041 2128
f 2206 2043 2129
f 2130 2043 2206
f 772 2131 823
f 2046 837 2207
f 2224 2061 2062
f 1850 2164 2155
f 2155 2229 2072
f 2156 2072 2229
f 2157 1964 2156
f 2061 2224 2160
f 1853 2160 2161
f 2148 2074 2161
f 2149 2162 2074
f 1967 2162 2231
f 1967 2231 2163
f 1968 2163 2232
f 1968 2232 2164
f 2190 1491 2175
f 2104 1491 2105
f 2105 1491 2190
f 2254 2129 2205
f 2206 2129 2254
f 2255 823 2131
f 869 2207 837
f 2148 2160 2224
f 2074 2148 2149
f 2162 2149 2150
f 2231 2150 2151
f 2163 2151 2152
f 2232 2152 2158
f 2164 2230 2155
f 2229 2155 2230
f 2164 2158 2159
f 2230 2164 2159
f 2160 2148 2161
f 2150 2231 2162
f 2151 2163 2231
f 2152 2232 2163
f 2158 2164 2232
f 2281 2205 2253
f 2254 2205 2281
f 823 2255 854
f 2207 869 2282
f 2278 2279 2252
f 2301 2253 2280
f 2281 2253 2301
f 854 2302 868
f 2302 854 2255
f 868 2282 869
f 857 860 856
f 858 2303 857
f 2304 858 874
f 860 857 861
f 861 2305 875
f 2301 2280 2278
f 2278 2280 2279
f 2282 868 2302
f 2328 874 872
f 2329 872 873
f 2330 873 883
f 2303 858 2331
f 861 857 2303
f 2331 858 2304
f 2304 874 2328
f 875 2332 876
f 876 2333 884
f 861 2303 2305
f 875 2305 2334
f 2358 883 893
f 2328 872 2329
f 2329 873 2330
f 2330 883 2359
f 2331 2360 2303
f 2304 2361 2331
f 2328 2362 2304
f 875 2334 2332
f 876 2332 2333
f 884 2333 2363
f 2303 2364 2305
f 2305 2365 2334
f 884 2363 896
f 2395 893 898
f 2359 883 2358
f 2358 893 2395
f 2396 2328 2329
f 2397 2329 2330
f 2398 2330 2359
f 2360 2331 2361
f 2364 2303 2360
f 2361 2304 2362
f 2362 2328 2399
f 2334 2400 2332
f 2400 2333 2332
f 2401 2363 2333
f 2365 2305 2364
f 2400 2334 2365
f 896 2363 2402
f 896 2402 901
f 2431 898 899
f 2395 898 2431
f 2432 2359 2358
f 2433 2358 2395
f 2328 2396 2399
f 2329 2397 2396
f 2330 2398 2397
f 2359 2432 2398
f 2333 2400 2401
f 2363 2401 2434
f 2435 899 900
f 2436 900 905
f 901 2437 902
f 902 2438 906
f 906 2439 903
f 903 2440 907
f 2434 2402 2363
f 901 2402 2441
f 2431 899 2435
f 2466 2395 2431
f 2358 2433 2432
f 2395 2466 2433
f 2435 900 2469
f 907 905 908
f 2469 900 2436
f 2436 905 907
f 901 2441 2437
f 902 2437 2438
f 906 2438 2439
f 903 2439 2440
f 907 2440 2436
f 2402 2434 2467
f 2467 2441 2402
f 2435 2466 2431
f 2469 2492 2435
f 2436 2493 2469
f 2468 2437 2441
f 2490 2438 2437
f 2438 2494 2439
f 2439 2495 2440
f 2440 2496 2436
f 2441 2467 2468
f 2466 2435 2492
f 2437 2468 2490
f 2492 2469 2493
f 2493 2436 2496
f 2438 2490 2491
f 2494 2438 2491
f 2495 2439 2494
f 2496 2440 2495
f 51 914 55
f 914 51 59
f 914 80 55
f 80 914 919
f 919 100 80
f 100 919 930
f 114 929 115
f 930 131 100
f 929 114 147
f 131 930 945
f 147 944 929
f 945 170 131
f 944 147 184
f 170 945 956
f 184 955 944
f 956 197 170
f 955 184 217
f 197 956 967
f 217 966 955
f 967 245 197
f 966 217 259
f 245 967 978
f 293 228 207
f 294 207 215
f 984 215 241
f 259 977 966
f 985 245 978
f 228 293 992
f 207 294 293
f 215 984 294
f 241 998 984
f 977 259 310
f 245 985 312
f 992 269 228
f 294 984 292
f 998 241 281
f 998 354 984
f 310 999 977
f 1004 312 985
f 269 992 1014
f 292 984 1015
f 281 1017 998
f 1017 354 998
f 984 354 356
f 999 310 333
f 312 1004 364
f 999 365 1005
f 1033 1013 369
f 1014 318 269
f 984 356 1015
f 1015 369 292
f 1017 281 353
f 354 1017 379
f 365 999 333
f 1037 364 1004
f 385 1005 365
f 1013 1033 1056
f 369 1015 1033
f 318 1014 1058
f 1015 356 1033
f 323 1060 343
f 344 1061 324
f 324 1062 345
f 353 396 1017
f 1017 396 379
f 364 1037 400
f 1005 385 1038
f 1033 397 1056
f 1056 1057 1013
f 1058 370 318
f 1033 356 397
f 372 1083 342
f 342 1084 373
f 1060 323 1087
f 1088 343 1060
f 343 1088 374
f 375 1089 344
f 1061 344 1089
f 1062 324 1061
f 1062 348 345
f 396 353 395
f 1038 400 1037
f 400 1038 385
f 1056 397 1115
f 1057 1056 1115
f 370 1058 1117
f 1083 372 1082
f 1084 342 1083
f 1118 373 1084
f 373 1118 375
f 1059 414 1082
f 323 1119 1087
f 1122 374 1088
f 374 1122 394
f 1089 375 1118
f 1089 414 1061
f 1061 414 1062
f 348 1062 413
f 395 413 396
f 397 429 1115
f 1115 1116 1057
f 1117 390 370
f 1082 414 1083
f 1083 414 1084
f 1084 414 1118
f 414 1059 1142
f 1119 323 390
f 1146 394 1122
f 394 1146 405
f 1118 414 1089
f 1062 414 1147
f 1062 1147 413
f 413 395 348
f 407 429 397
f 448 1115 429
f 1116 1115 1165
f 390 1117 1119
f 1167 1059 420
f 1142 1059 1168
f 1169 414 1142
f 1144 1170 1120
f 1120 1171 1121
f 1121 1172 1145
f 1174 405 1146
f 405 1174 411
f 406 1147 414
f 413 1147 412
f 1147 406 412
f 1148 1178 1124
f 1124 1180 1149
f 407 1186 429
f 1115 448 1165
f 431 448 429
f 1165 1166 1116
f 1119 1117 1194
f 1197 1059 1167
f 1167 420 1198
f 1168 1059 1199
f 1142 1168 1200
f 414 1169 407
f 1202 1144 1143
f 1203 1143 1166
f 1170 1144 1204
f 1171 1120 1170
f 1172 1121 1171
f 1205 1145 1172
f 1145 1205 1173
f 445 411 1174
f 411 445 422
f 1176 1210 1148
f 1178 1148 1210
f 1180 1124 1178
f 1212 1149 1180
f 1149 1212 1181
f 1184 1219 1152
f 1152 1221 1185
f 407 1223 1186
f 429 1186 447
f 1165 448 450
f 448 431 452
f 1166 1165 1203
f 1199 1059 1197
f 1198 420 1224
f 1200 1168 1225
f 407 1169 1227
f 1144 1202 1204
f 1143 1203 1202
f 1204 504 1170
f 1170 507 1171
f 1171 509 1172
f 1172 420 1205
f 1229 1173 1205
f 1173 1229 1206
f 1208 1231 1176
f 1210 1176 1231
f 1177 1233 1209
f 1179 1234 1177
f 1210 1234 1178
f 1178 1235 1180
f 1211 1235 1179
f 1180 1236 1212
f 1238 1181 1212
f 1181 1238 1213
f 1217 1245 1183
f 1183 1247 1218
f 1218 1248 1184
f 1219 1184 1248
f 1221 1152 1219
f 1250 1185 1221
f 1185 1250 1220
f 407 1252 1223
f 1223 1253 1186
f 447 1186 467
f 1165 450 470
f 452 431 471
f 1165 529 1203
f 1224 420 1256
f 1200 1225 1227
f 407 1227 1257
f 1202 505 1204
f 1203 531 1202
f 1204 505 504
f 1170 504 507
f 1171 507 509
f 1172 509 511
f 550 420 1172
f 1205 420 1229
f 514 1206 1229
f 1206 514 513
f 1222 1259 1208
f 1231 1208 1259
f 1209 1261 1230
f 1231 1233 1210
f 1233 1177 1234
f 1261 1209 1233
f 1234 1179 1235
f 1210 1233 1234
f 1178 1234 1235
f 1180 1235 1236
f 1235 1211 1236
f 1212 1236 1263
f 1263 1238 1212
f 1238 1239 1213
f 1242 1271 1216
f 1244 1274 1217
f 1245 1217 1274
f 1247 1183 1245
f 1248 1218 1247
f 1250 1219 1248
f 1219 1250 1221
f 1220 1277 1249
f 1277 1220 1250
f 407 1280 1252
f 1281 1223 1252
f 1253 1223 1282
f 1283 1186 1253
f 467 1186 517
f 1165 470 523
f 452 471 525
f 1165 523 529
f 1203 529 531
f 514 420 463
f 1256 420 1285
f 1227 1225 1286
f 1257 1227 1288
f 407 1257 1289
f 1202 546 505
f 1202 531 546
f 1172 511 550
f 580 420 550
f 1229 420 514
f 1230 1291 1222
f 1259 1222 1291
f 1259 1261 1231
f 1291 1230 1261
f 1231 1261 1233
f 1298 1236 1211
f 1263 1236 1299
f 1237 1299 1264
f 1238 1263 1300
f 1265 1263 1237
f 1239 1238 1302
f 1302 1267 1239
f 1269 1307 1242
f 1216 1308 1270
f 1271 1242 1307
f 1308 1216 1271
f 1273 1313 1244
f 1274 1244 1313
f 1315 1245 1274
f 1315 1247 1245
f 1246 1317 1275
f 1277 1248 1247
f 1249 1315 1246
f 1250 1248 1277
f 1315 1249 1277
f 1278 1319 1251
f 1251 1320 1279
f 407 1321 1280
f 1322 1252 1280
f 1223 1281 1282
f 1252 1322 1281
f 1282 1323 1253
f 1186 1283 1324
f 1253 1325 1283
f 517 1186 1324
f 525 471 556
f 514 463 512
f 1285 420 1327
f 1328 1227 1286
f 1288 1227 1329
f 407 1289 1330
f 582 420 580
f 583 580 550
f 1261 1259 1291
f 1236 1298 1339
f 1299 1236 1339
f 1299 1237 1263
f 1340 1264 1299
f 1263 1265 1300
f 1238 1300 1342
f 1301 1300 1265
f 1238 1343 1302
f 1266 1342 1301
f 1303 1343 1266
f 1267 1302 1346
f 1346 1304 1267
f 1305 1350 1269
f 1307 1269 1350
f 1270 1351 1306
f 1351 1270 1308
f 1307 1308 1271
f 1272 1353 1309
f 1243 1355 1310
f 1311 1356 1243
f 1358 1273 1312
f 1313 1273 1360
f 1317 1274 1313
f 1315 1274 1317
f 1277 1247 1315
f 1317 1246 1315
f 1363 1275 1317
f 1319 1278 1368
f 1320 1251 1319
f 1370 1279 1320
f 407 1371 1321
f 1372 1280 1321
f 1280 1372 1322
f 1281 1373 1282
f 1322 1374 1281
f 1282 1373 1323
f 1253 1323 1375
f 1376 1324 1283
f 1253 1377 1325
f 1283 1325 1378
f 517 1324 588
f 525 556 593
f 1327 420 1384
f 1285 1327 1385
f 1387 1227 1328
f 1329 1227 1387
f 407 1330 1388
f 625 420 582
f 583 627 580
f 1294 1398 1335
f 1335 1401 1296
f 1296 1402 1337
f 1405 1339 1298
f 1299 1339 1340
f 1264 1340 1341
f 1300 1301 1342
f 1238 1342 1343
f 1302 1343 1406
f 1342 1266 1343
f 1343 1303 1406
f 1345 1406 1303
f 1302 1406 1346
f 1304 1346 1408
f 1408 1347 1304
f 1348 1412 1305
f 1350 1305 1412
f 1306 1414 1349
f 1350 1351 1307
f 1414 1306 1351
f 1307 1351 1308
f 1309 1416 1352
f 1353 1272 1417
f 1416 1309 1353
f 1354 1417 1272
f 1355 1243 1356
f 1419 1310 1355
f 1356 1311 1420
f 1422 1312 1357
f 1273 1358 1360
f 1312 1422 1358
f 1360 1426 1313
f 1317 1313 1426
f 1275 1363 1362
f 1317 1426 1363
f 1367 1368 1278
f 1368 1320 1319
f 1279 1370 1369
f 1320 1368 1370
f 407 1432 1371
f 1433 1321 1371
f 1321 1433 1372
f 1372 1434 1322
f 1281 1374 1373
f 1322 1434 1374
f 1435 1323 1373
f 1436 1375 1323
f 1253 1375 1437
f 1324 1376 1438
f 1283 1439 1376
f 1253 1440 1377
f 1441 1325 1377
f 1442 1378 1325
f 1283 1378 1443
f 588 1324 639
f 593 556 591
f 1384 420 1435
f 1384 1434 1327
f 1385 1327 1448
f 407 1388 1451
f 667 420 625
f 670 627 583
f 1394 1395 1333
f 1398 1294 1399
f 1335 1398 1401
f 1296 1401 1402
f 1337 1402 1464
f 1339 1405 1468
f 1340 1339 1469
f 1469 1341 1340
f 1341 1469 1344
f 1406 1345 1470
f 1346 1406 1470
f 1471 1345 1407
f 1346 1470 1408
f 1347 1408 1473
f 1473 1409 1347
f 1410 1476 1348
f 1412 1348 1476
f 1349 1477 1411
f 1412 1414 1350
f 1477 1349 1414
f 1350 1414 1351
f 1352 1480 1415
f 1480 1352 1416
f 1482 1353 1417
f 1482 1416 1353
f 1417 1354 1482
f 1310 1419 1418
f 1420 1355 1356
f 1420 1419 1355
f 1485 1420 1311
f 1487 1357 1421
f 1357 1487 1422
f 1489 1360 1358
f 1490 1358 1422
f 1426 1360 1427
f 1363 1494 1362
f 1363 1426 1497
f 1365 1366 1431
f 1368 1367 1503
f 1504 1369 1370
f 1370 1368 1503
f 407 1505 1432
f 1506 1371 1432
f 1371 1506 1433
f 1433 1507 1372
f 1508 1434 1372
f 1374 1435 1373
f 1434 1384 1374
f 1323 1435 1436
f 1375 1436 1509
f 1375 1510 1437
f 1253 1437 1511
f 1512 1438 1376
f 639 1324 1438
f 1283 1513 1439
f 1376 1439 1514
f 1253 1511 1440
f 1440 1441 1377
f 1325 1441 1442
f 1378 1442 1515
f 1515 1443 1378
f 1283 1443 1516
f 593 591 682
f 1435 420 1436
f 1435 1374 1384
f 1527 1327 1434
f 1327 1527 1448
f 1385 1448 1528
f 1451 1388 1532
f 407 1451 1505
f 700 420 667
f 670 704 627
f 1369 1504 1459
f 1547 1394 1460
f 1395 1394 1548
f 1337 1464 1466
f 1344 1468 1405
f 1469 1339 1468
f 1468 1344 1469
f 1345 1471 1470
f 1407 1560 1471
f 1408 1470 1471
f 1560 1407 1472
f 1408 1471 1473
f 1409 1473 1563
f 1563 1474 1409
f 1475 1566 1410
f 1476 1410 1566
f 1477 1412 1476
f 1412 1477 1414
f 1415 1569 1479
f 1569 1415 1480
f 1571 1480 1416
f 1481 1482 1354
f 1571 1416 1482
f 1574 1418 1419
f 1420 1574 1419
f 1418 1574 1484
f 1420 1485 1575
f 1578 1421 1486
f 1421 1578 1487
f 1580 1422 1487
f 1493 1360 1489
f 1489 1358 1492
f 1492 1358 1490
f 1490 1422 1580
f 1427 1360 1493
f 1494 1363 1581
f 1363 1497 1585
f 1366 1365 1502
f 1502 1365 1500
f 1501 1503 1367
f 1370 1503 1504
f 1432 1505 1589
f 1432 1590 1506
f 1506 1591 1433
f 1507 1433 1592
f 1372 1507 1593
f 1594 1434 1508
f 1372 1595 1508
f 1436 420 1509
f 1509 1596 1375
f 1510 1375 1597
f 1510 1598 1437
f 1437 1599 1511
f 1438 1512 1600
f 1376 1601 1512
f 639 1438 711
f 1283 1516 1513
f 1602 1439 1513
f 1439 1603 1514
f 1376 1514 1604
f 1511 1605 1440
f 1441 1440 1605
f 1441 1606 1442
f 1442 1607 1515
f 1443 1515 1608
f 1608 1516 1443
f 682 591 680
f 1617 1527 1434
f 1591 1448 1527
f 1528 1448 1618
f 1451 1532 1624
f 732 420 700
f 733 704 670
f 1547 1459 1504
f 1459 1547 1461
f 1394 1547 1548
f 1642 1462 1552
f 1462 1642 1553
f 1466 1464 1558
f 1473 1471 1560
f 1472 1649 1560
f 1649 1472 1562
f 1473 1560 1563
f 1474 1563 1651
f 1651 1564 1474
f 1565 1655 1475
f 1566 1475 1655
f 1566 1477 1476
f 1567 1559 1478
f 1479 1659 1568
f 1659 1479 1569
f 1662 1569 1480
f 1570 1571 1481
f 1662 1480 1571
f 1482 1481 1571
f 1483 1664 1573
f 1575 1574 1420
f 1666 1484 1574
f 1667 1575 1485
f 1669 1486 1577
f 1486 1669 1578
f 1671 1487 1578
f 1580 1487 1671
f 1363 1672 1581
f 1581 1673 1494
f 1363 1585 1672
f 1502 1500 1499
f 1499 1677 1587
f 1588 1680 1501
f 1503 1501 1680
f 1504 1503 1680
f 1589 1505 1681
f 1590 1432 1589
f 1590 1682 1506
f 1506 1682 1591
f 1433 1591 1683
f 1592 1433 1684
f 1592 1685 1507
f 1685 1593 1507
f 1372 1593 1686
f 1687 1434 1594
f 1688 1594 1508
f 1372 1689 1595
f 1595 1690 1508
f 1509 420 1691
f 1596 1509 1691
f 1692 1375 1596
f 1597 1375 1693
f 1597 1694 1510
f 1598 1510 1695
f 1598 1696 1437
f 1599 1437 1696
f 1605 1511 1599
f 1697 1600 1512
f 711 1438 1600
f 1698 1601 1376
f 1512 1601 1699
f 1700 1513 1516
f 1439 1602 1701
f 1513 1700 1602
f 1603 1439 1701
f 1702 1514 1603
f 1514 1702 1604
f 1376 1604 1698
f 1605 1703 1441
f 1441 1703 1606
f 1442 1606 1607
f 1515 1607 1704
f 1515 1704 1608
f 1516 1608 1700
f 682 680 745
f 1719 1527 1617
f 1617 1434 1720
f 1448 1591 1721
f 1722 1591 1527
f 1618 1448 1721
f 1451 1624 1731
f 1736 420 732
f 733 765 704
f 1504 1680 1547
f 1548 1547 1744
f 1548 1746 1639
f 1640 1744 1549
f 1549 1750 1641
f 1553 1752 1551
f 1551 1752 1555
f 1553 1642 1752
f 1555 1753 1644
f 1466 1558 1647
f 1756 1467 1647
f 1559 1759 1561
f 1563 1560 1649
f 1562 1760 1649
f 1760 1562 1650
f 1563 1649 1651
f 1564 1651 1762
f 1762 1652 1564
f 1764 1565 1653
f 1655 1565 1766
f 1655 1477 1566
f 1477 1567 1657
f 1467 1756 1576
f 1559 1567 1769
f 1659 1658 1568
f 1772 1659 1569
f 1661 1662 1570
f 1774 1569 1662
f 1571 1570 1662
f 1664 1483 1778
f 1664 1779 1573
f 1484 1666 1665
f 1575 1666 1574
f 1575 1667 1781
f 1783 1577 1668
f 1577 1783 1669
f 1785 1578 1669
f 1671 1578 1785
f 1581 1672 1786
f 1673 1581 1787
f 1677 1499 1500
f 1795 1678 1586
f 1587 1677 1679
f 1678 1797 1588
f 1680 1588 1797
f 1798 1681 1505
f 1799 1589 1681
f 1589 1799 1590
f 1682 1590 1799
f 1682 1721 1591
f 1683 1591 1800
f 1801 1433 1683
f 1684 1433 1801
f 1684 1802 1592
f 1685 1592 1802
f 1593 1685 1803
f 1803 1686 1593
f 1372 1686 1804
f 1805 1434 1687
f 1594 1806 1687
f 1688 1807 1594
f 1508 1808 1688
f 1372 1809 1689
f 1689 1810 1595
f 1690 1595 1810
f 1808 1508 1690
f 1691 420 1811
f 1691 1601 1596
f 1812 1375 1692
f 1692 1596 1813
f 1693 1375 1814
f 1693 1815 1597
f 1694 1597 1815
f 1816 1510 1694
f 1510 1816 1695
f 1598 1695 1817
f 1696 1598 1818
f 1818 1599 1696
f 1599 1819 1605
f 1600 1697 1736
f 1512 1699 1697
f 711 1600 732
f 1820 1601 1698
f 1811 1699 1601
f 1602 1821 1701
f 1700 1822 1602
f 1701 1823 1603
f 1603 1824 1702
f 1825 1604 1702
f 1604 1825 1698
f 1605 1819 1703
f 1826 1606 1703
f 1827 1607 1606
f 1828 1704 1607
f 1608 1704 1829
f 1608 1829 1700
f 745 680 743
f 1843 1527 1719
f 1844 1719 1617
f 1720 1434 1845
f 1846 1617 1720
f 1800 1591 1722
f 1722 1527 1843
f 1618 1721 1847
f 1451 1731 1618
f 1859 420 1736
f 732 1600 1736
f 766 765 733
f 1547 1680 1797
f 1744 1547 1750
f 1548 1744 1864
f 1639 1865 1745
f 1548 1866 1746
f 1865 1639 1746
f 1747 1864 1640
f 1744 1640 1864
f 1750 1549 1744
f 1871 1641 1750
f 1641 1871 1751
f 1555 1752 1753
f 1646 1753 1643
f 1644 1753 1872
f 1647 1558 1754
f 1644 1872 1755
f 1647 1876 1756
f 1759 1559 1769
f 1759 1758 1561
f 1651 1649 1760
f 1650 1878 1760
f 1878 1650 1761
f 1651 1760 1762
f 1652 1762 1879
f 1879 1653 1652
f 1565 1764 1766
f 1653 1879 1764
f 1654 1881 1765
f 1656 1882 1654
f 1766 1882 1655
f 1883 1477 1655
f 1767 1883 1656
f 1883 1567 1477
f 1756 1874 1576
f 1885 1769 1567
f 1886 1668 1658
f 1658 1659 1886
f 1890 1659 1772
f 1772 1569 1888
f 1662 1661 1774
f 1892 1569 1774
f 1894 1572 1775
f 1572 1894 1776
f 1666 1664 1778
f 1779 1664 1898
f 1666 1575 1781
f 1782 1781 1667
f 1668 1886 1783
f 1903 1669 1783
f 1785 1669 1903
f 1581 1786 1904
f 1581 1904 1787
f 1787 1905 1673
f 1679 1677 1793
f 1678 1795 1909
f 1586 1910 1795
f 1797 1678 1909
f 1857 1681 1798
f 1847 1799 1681
f 1799 1847 1682
f 1721 1682 1847
f 1800 1912 1683
f 1913 1801 1683
f 1801 1914 1684
f 1802 1684 1914
f 1802 1915 1685
f 1685 1916 1803
f 1686 1803 1917
f 1917 1804 1686
f 1372 1804 1918
f 1919 1434 1805
f 1687 1920 1805
f 1806 1594 1921
f 1920 1687 1806
f 1922 1807 1688
f 1807 1921 1594
f 1923 1688 1808
f 1372 1924 1809
f 1809 1925 1689
f 1810 1689 1925
f 1810 1808 1690
f 1811 420 1859
f 1601 1691 1811
f 1820 1596 1601
f 1926 1375 1812
f 1927 1812 1692
f 1813 1596 1928
f 1929 1692 1813
f 1814 1375 1930
f 1814 1931 1693
f 1815 1693 1931
f 1815 1816 1694
f 1932 1695 1816
f 1817 1695 1933
f 1817 1818 1598
f 1599 1818 1819
f 1697 1859 1736
f 1859 1697 1699
f 1934 1820 1698
f 1699 1811 1859
f 1602 1822 1821
f 1701 1821 1823
f 1700 1829 1822
f 1603 1823 1824
f 1702 1824 1825
f 1824 1698 1825
f 1819 1826 1703
f 1606 1826 1827
f 1607 1827 1828
f 1704 1828 1935
f 1935 1829 1704
f 745 743 804
f 1956 1843 1719
f 1719 1844 1956
f 1617 1846 1844
f 1845 1434 1957
f 1958 1720 1845
f 1720 1958 1846
f 1722 1959 1800
f 1843 1960 1722
f 1618 1847 1857
f 1451 1618 1857
f 766 819 765
f 1871 1547 1797
f 1750 1547 1871
f 1548 1864 1973
f 1548 1973 1866
f 1867 1746 1866
f 1746 1867 1865
f 1867 1973 1747
f 1864 1747 1973
f 1749 1977 1748
f 1977 1869 1748
f 1870 1978 1749
f 1979 1751 1871
f 1753 1646 1872
f 1647 1754 1980
f 1981 1646 1874
f 1755 1872 1875
f 1647 1980 1876
f 1982 1756 1876
f 1758 1984 1877
f 1769 1885 1759
f 1758 1759 1885
f 1762 1760 1878
f 1761 1986 1878
f 1986 1761 1763
f 1762 1878 1879
f 1765 1986 1763
f 1764 1986 1766
f 1879 1986 1764
f 1881 1654 1882
f 1986 1765 1881
f 1882 1656 1883
f 1766 1881 1882
f 1655 1882 1883
f 1880 1987 1767
f 1883 1767 1987
f 1987 1567 1883
f 1874 1756 1981
f 1885 1567 1984
f 1890 1886 1659
f 1888 1569 1892
f 1992 1774 1661
f 1774 1990 1892
f 1896 1775 1893
f 1775 1993 1894
f 1995 1664 1666
f 1996 1898 1664
f 2003 1666 1781
f 1781 1782 2003
f 2005 1782 1902
f 1988 1783 1886
f 1903 1783 1988
f 1787 1904 2006
f 1905 1787 2007
f 2010 1793 1790
f 2011 1790 1792
f 2013 1792 1908
f 1679 1793 2010
f 1796 2014 1794
f 1794 2015 1870
f 2014 1909 1795
f 1910 1586 1911
f 1977 1795 1910
f 1751 1979 1796
f 1979 1797 1909
f 1857 1847 1681
f 1912 1800 1959
f 2016 1683 1912
f 1801 1913 2017
f 1683 2016 1913
f 1914 1801 2018
f 1914 2019 1802
f 1802 2019 1915
f 1685 1915 1916
f 1803 1916 2020
f 1803 2020 1917
f 1804 1917 2021
f 2021 1918 1804
f 1372 1918 1924
f 1957 1434 1919
f 1805 2022 1919
f 2022 1805 1920
f 2023 1806 1921
f 2024 1920 1806
f 1922 2025 1807
f 1688 1923 1922
f 1921 1807 2023
f 1925 1923 1808
f 2026 1809 1924
f 1925 1809 2027
f 1925 1808 1810
f 2028 1596 1820
f 1930 1375 1926
f 2029 1926 1812
f 1812 1927 2029
f 1692 1929 1927
f 1928 1596 2030
f 2031 1813 1928
f 1813 2031 1929
f 2032 1814 1930
f 1931 1814 2033
f 1816 1815 1931
f 1695 1932 1933
f 1816 1931 1932
f 1817 1933 1826
f 1818 1817 1819
f 1934 2034 1820
f 1698 1824 1934
f 2035 1821 1822
f 1821 2036 1823
f 2037 1822 1829
f 1823 1934 1824
f 1826 1819 1817
f 1826 2038 1827
f 1827 2039 1828
f 1828 2040 1935
f 1829 1935 2037
f 804 743 802
f 1843 1956 2066
f 2067 1956 1844
f 2068 1844 1846
f 2069 1845 1957
f 1845 2069 1958
f 2070 1846 1958
f 1959 1722 1960
f 1960 1843 2066
f 791 819 766
f 1871 1797 1979
f 1973 1867 1866
f 2083 1868 1869
f 2084 1976 1868
f 1977 1749 1978
f 1869 1977 2083
f 1978 1870 2015
f 1646 1981 1872
f 1980 1754 1982
f 1875 1872 1981
f 1983 1756 1982
f 1757 1982 1884
f 1983 1982 1754
f 1984 1758 1885
f 2086 1877 1984
f 1877 2086 1985
f 1879 1878 1986
f 1766 1986 1881
f 1985 2087 1880
f 1987 1880 2087
f 2087 1567 1987
f 1875 1981 1756
f 1984 1567 2086
f 1988 1886 1890
f 1774 1992 2091
f 1774 2090 1990
f 2092 1775 1896
f 1993 1775 2092
f 2094 1664 1995
f 1995 1666 2002
f 1898 1996 1997
f 1996 1664 2094
f 2002 1666 2003
f 1782 2005 2003
f 2102 1902 2004
f 1902 2102 2005
f 1787 2006 2103
f 1787 2103 2007
f 2007 2009 1905
f 2010 1790 2011
f 2011 1792 2013
f 2013 1908 2093
f 2014 1796 1979
f 2015 1794 2014
f 1909 2014 1979
f 2014 1795 2015
f 1911 2107 1910
f 1978 1795 1977
f 1977 1910 2083
f 1959 2016 1912
f 2017 1913 2108
f 2017 2018 1801
f 2109 1913 2016
f 2110 1914 2018
f 1914 2110 2019
f 2019 2111 1915
f 2111 1916 1915
f 2112 2020 1916
f 1917 2020 2113
f 1917 2113 2021
f 1918 2021 2114
f 2114 1924 1918
f 2022 1957 1919
f 2115 2022 1920
f 2024 1806 2023
f 2115 1920 2024
f 2116 2025 1922
f 2025 2023 1807
f 2117 1922 1923
f 2027 1923 1925
f 1809 2026 2027
f 1924 2114 2026
f 2030 1596 2028
f 1820 2118 2028
f 2119 1930 1926
f 1926 2029 2119
f 2120 2029 1927
f 2121 1927 1929
f 2030 2031 1928
f 2122 1929 2031
f 1814 2032 2033
f 1930 2119 2032
f 1932 1931 2033
f 2123 1933 1932
f 1826 1933 2038
f 2036 2034 1934
f 2034 2124 1820
f 1821 2035 2125
f 1822 2037 2035
f 2036 1821 2125
f 1934 1823 2036
f 1827 2038 2039
f 1828 2039 2040
f 1935 2040 2126
f 1935 2127 2037
f 804 802 791
f 2153 2066 1956
f 2153 1956 2067
f 2067 1844 2068
f 2068 1846 2070
f 1957 2022 2069
f 2154 1958 2069
f 2070 1958 2154
f 2016 1959 1960
f 2109 1960 2066
f 791 802 819
f 2078 2165 1974
f 1974 2167 2079
f 2080 2170 1975
f 1975 2171 2081
f 1976 2173 2082
f 1868 2083 2084
f 1976 2084 2174
f 2015 1795 1978
f 1982 1757 1980
f 1875 1756 1983
f 2087 1985 2086
f 2086 1567 2087
f 1992 2177 2091
f 2091 2089 1774
f 1774 2089 2090
f 2178 1993 2092
f 2178 2093 1993
f 1998 2180 2095
f 2003 2100 2002
f 2005 2184 2003
f 2186 2004 2101
f 2004 2186 2102
f 2102 2187 2005
f 2007 2103 2188
f 2009 2007 2189
f 2189 2106 2009
f 2107 1911 2085
f 2013 2093 2178
f 2084 1910 2107
f 2083 1910 2084
f 1913 2109 2108
f 2017 2108 2191
f 2018 2017 2110
f 2016 1960 2109
f 2110 2191 2019
f 2111 2019 2191
f 1916 2111 2112
f 2020 2112 2192
f 2192 2113 2020
f 2021 2113 2193
f 2021 2193 2114
f 2194 2022 2115
f 2023 2025 2024
f 2024 2195 2115
f 2116 2195 2025
f 1922 2117 2116
f 2027 2117 1923
f 2026 2117 2027
f 2114 2196 2026
f 2028 2197 2030
f 2118 1820 2124
f 2197 2028 2118
f 2198 2119 2029
f 2198 2029 2120
f 2120 1927 2121
f 2121 1929 2122
f 2031 2030 2197
f 2122 2031 2199
f 2123 2033 2032
f 2200 2032 2119
f 1932 2033 2123
f 1933 2123 2038
f 2036 2201 2034
f 2124 2034 2202
f 2035 2203 2125
f 2037 2204 2035
f 2125 2201 2036
f 2123 2039 2038
f 2200 2040 2039
f 2198 2126 2040
f 1935 2126 2127
f 2037 2127 2204
f 2109 2066 2153
f 2225 2153 2067
f 2226 2067 2068
f 2227 2068 2070
f 2194 2069 2022
f 2154 2069 2194
f 2228 2070 2154
f 2082 2233 2078
f 2165 2078 2233
f 2167 1974 2165
f 2234 2079 2167
f 2079 2234 2169
f 2169 2236 2080
f 2170 2080 2236
f 2171 1975 2170
f 2171 2172 2081
f 2173 1976 2174
f 2233 2082 2173
f 2084 2107 2174
f 2091 2088 2089
f 2091 2176 2088
f 2177 1992 2106
f 2177 2176 2091
f 2095 2237 2179
f 2180 1998 2238
f 2237 2095 2180
f 2181 2238 1998
f 2096 2239 2181
f 2182 2240 2096
f 2097 2241 2183
f 2242 2097 2098
f 2003 2185 2100
f 2005 2242 2184
f 2003 2184 2185
f 2243 2101 2172
f 2101 2243 2186
f 2186 2244 2102
f 2102 2241 2187
f 2005 2187 2242
f 2007 2188 2245
f 2007 2245 2189
f 2106 2189 2177
f 2247 2085 2166
f 2085 2247 2107
f 2153 2108 2109
f 2191 2108 2248
f 2191 2110 2017
f 2191 2248 2111
f 2111 2225 2112
f 2112 2226 2192
f 2113 2192 2249
f 2249 2193 2113
f 2114 2193 2196
f 2195 2194 2115
f 2195 2024 2025
f 2250 2195 2116
f 2117 2250 2116
f 2026 2196 2117
f 2202 2118 2124
f 2251 2197 2118
f 2200 2119 2198
f 2126 2198 2120
f 2127 2120 2121
f 2204 2121 2122
f 2199 2031 2197
f 2203 2122 2199
f 2123 2032 2200
f 2201 2202 2034
f 2035 2204 2203
f 2125 2203 2201
f 2039 2123 2200
f 2040 2200 2198
f 2120 2127 2126
f 2121 2204 2127
f 2153 2225 2248
f 2067 2226 2225
f 2068 2227 2226
f 2070 2228 2227
f 2274 2154 2194
f 2154 2274 2228
f 2233 2247 2165
f 2165 2275 2167
f 2275 2166 2168
f 2167 2276 2234
f 2276 2168 2235
f 2236 2169 2234
f 2236 2180 2170
f 2170 2238 2171
f 2172 2171 2243
f 2174 2107 2173
f 2173 2247 2233
f 2177 2246 2176
f 2179 2276 2235
f 2276 2179 2237
f 2170 2180 2238
f 2236 2237 2180
f 2238 2181 2239
f 2239 2096 2240
f 2183 2244 2182
f 2240 2182 2244
f 2241 2097 2187
f 2244 2183 2241
f 2097 2242 2187
f 2243 2240 2186
f 2186 2240 2244
f 2102 2244 2241
f 2189 2245 2246
f 2189 2246 2177
f 2166 2275 2247
f 2173 2107 2247
f 2108 2153 2248
f 2111 2248 2225
f 2112 2225 2226
f 2192 2226 2227
f 2192 2227 2249
f 2193 2249 2277
f 2277 2196 2193
f 2194 2195 2274
f 2250 2274 2195
f 2250 2117 2196
f 2251 2118 2202
f 2199 2197 2251
f 2122 2203 2204
f 2251 2203 2199
f 2202 2201 2251
f 2203 2251 2201
f 2249 2227 2228
f 2277 2228 2274
f 2165 2247 2275
f 2167 2275 2276
f 2168 2276 2275
f 2234 2276 2237
f 2234 2237 2236
f 2171 2238 2239
f 2171 2239 2243
f 2243 2239 2240
f 2249 2228 2277
f 2196 2277 2250
f 2277 2274 2250
f 60 2585 74
f 2585 60 933
f 2585 93 74
f 933 2586 2585
f 2585 2586 933
f 93 2585 2587
f 922 2588 931
f 931 2588 922
f 928 2589 922
f 922 2589 928
f 932 2586 933
f 933 2586 932
f 2585 2586 2590
f 2590 2586 2585
f 2585 2590 2587
f 2587 2590 2585
f 2587 138 93
f 2589 110 98
f 2588 98 111
f 922 2589 2588
f 2588 2589 922
f 931 2588 2591
f 2591 2588 931
f 928 2592 2589
f 2589 2592 928
f 931 2591 932
f 932 2591 931
f 2593 104 119
f 932 2591 2586
f 2586 2591 932
f 137 2590 2586
f 2587 2590 2593
f 2593 2590 2587
f 138 2587 2594
f 943 2592 928
f 928 2592 943
f 110 2589 2592
f 98 2588 2589
f 111 2591 2588
f 2590 137 104
f 104 2593 2590
f 119 2595 2593
f 144 2586 2591
f 2586 144 137
f 2587 2593 2594
f 2594 2593 2587
f 2594 174 138
f 943 2596 2592
f 2592 2596 943
f 110 2596 143
f 2596 110 2592
f 2591 111 144
f 2595 119 160
f 2594 2593 2595
f 2595 2593 2594
f 174 2594 2597
f 954 2596 943
f 943 2596 954
f 971 143 2596
f 160 2598 2595
f 2594 2595 2597
f 2597 2595 2594
f 2597 208 174
f 143 971 178
f 954 971 2596
f 2596 971 954
f 2598 160 189
f 2597 2595 2598
f 2598 2595 2597
f 208 2597 2599
f 971 954 965
f 965 954 971
f 189 2600 2598
f 2597 2598 2599
f 2599 2598 2597
f 2599 231 208
f 2600 189 231
f 2599 2598 2600
f 2600 2598 2599
f 231 2599 2600
f 1182 1215 1150
f 1150 1215 1182
f 1215 1182 1207
f 1207 1182 1215
f 74 2585 60
f 78 72 922
f 933 60 2585
f 74 93 2585
f 86 78 928
f 931 922 72
f 922 928 78
f 92 60 932
f 933 932 60
f 2587 2585 93
f 86 928 123
f 72 92 931
f 118 91 103
f 103 91 118
f 91 118 82
f 82 118 91
f 932 931 92
f 93 138 2587
f 943 123 928
f 98 110 2589
f 111 98 2588
f 119 104 2593
f 2586 2590 137
f 2594 2587 138
f 123 943 142
f 2592 2589 110
f 2589 2588 98
f 2588 2591 111
f 104 137 2590
f 2590 2593 104
f 2593 2595 119
f 2591 2586 144
f 137 144 2586
f 138 174 2594
f 954 142 943
f 143 2596 110
f 2592 110 2596
f 144 111 2591
f 160 119 2595
f 2597 2594 174
f 142 954 165
f 2596 143 971
f 2595 2598 160
f 174 208 2597
f 165 965 178
f 965 165 954
f 178 971 143
f 189 160 2598
f 2599 2597 208
f 971 178 965
f 2598 2600 189
f 208 231 2599
f 231 189 2600
f 2600 2599 231
f 87 127 79
f 90 134 81
f 81 125 87
f 127 87 125
f 126 79 127
f 79 126 99
f 152 90 101
f 134 90 132
f 125 81 134
f 145 99 126
f 154 101 116
f 90 152 132
f 101 154 152
f 99 145 150
f 116 171 154
f 181 150 145
f 171 116 151
f 153 203 133
f 133 205 156
f 150 181 146
f 181 168 146
f 151 199 171
f 220 153 155
f 222 155 172
f 203 153 201
f 205 133 203
f 206 156 205
f 156 206 167
f 167 204 182
f 216 183 168
f 168 181 216
f 199 151 185
f 224 172 186
f 153 220 201
f 155 222 220
f 172 224 222
f 204 167 206
f 180 252 195
f 182 227 180
f 227 182 204
f 244 196 183
f 183 216 244
f 247 185 198
f 185 247 199
f 248 186 200
f 186 248 224
f 252 180 227
f 252 242 195
f 196 244 261
f 264 198 218
f 198 264 247
f 266 200 219
f 200 266 248
f 226 979 202
f 242 252 283
f 261 243 196
f 246 264 218
f 219 288 266
f 986 221 223
f 221 987 250
f 988 223 225
f 989 225 251
f 250 990 226
f 979 226 990
f 991 202 979
f 283 262 242
f 243 261 311
f 263 313 246
f 264 246 313
f 288 219 265
f 1000 249 267
f 1001 251 249
f 221 986 1002
f 223 988 986
f 987 221 1002
f 990 250 987
f 225 989 988
f 251 1001 989
f 202 991 268
f 262 283 330
f 311 284 243
f 362 285 260
f 330 260 262
f 286 334 263
f 313 263 334
f 287 288 265
f 1006 267 290
f 249 1000 1001
f 267 1006 1000
f 1012 268 991
f 268 1012 291
f 1018 308 282
f 291 1018 282
f 359 309 284
f 284 311 359
f 285 362 361
f 260 330 362
f 334 286 367
f 314 337 287
f 288 287 337
f 315 1019 289
f 289 1020 316
f 316 1006 290
f 1018 291 1012
f 308 1018 1036
f 309 335 331
f 309 359 383
f 361 332 285
f 358 367 286
f 336 387 314
f 337 314 387
f 1019 315 1039
f 1020 289 1019
f 1006 316 1020
f 1023 1044 1007
f 1007 1045 1024
f 1047 1008 1025
f 1048 1026 1008
f 1027 1049 1009
f 1009 1050 1028
f 1051 1010 1029
f 1052 1030 1010
f 1053 1011 1031
f 1054 1032 1011
f 1036 357 308
f 331 366 358
f 335 309 383
f 366 331 335
f 332 361 399
f 367 358 366
f 387 336 402
f 389 1039 315
f 1068 1021 1040
f 1069 1041 1021
f 1042 1071 1022
f 1022 1072 1043
f 1073 1023 1026
f 1074 1044 1023
f 1045 1007 1044
f 1075 1024 1045
f 1024 1075 1046
f 1076 1025 1030
f 1008 1047 1048
f 1025 1076 1047
f 1026 1048 1073
f 1046 1077 1027
f 1049 1027 1077
f 1050 1009 1049
f 1078 1028 1050
f 1079 1029 1032
f 1010 1051 1052
f 1029 1079 1051
f 1030 1052 1076
f 1080 1031 1041
f 1011 1053 1054
f 1031 1080 1053
f 1032 1054 1079
f 1093 363 357
f 357 1036 1093
f 399 382 332
f 1096 384 360
f 1097 360 363
f 386 402 336
f 388 382 368
f 1039 389 1065
f 1043 1068 1040
f 1021 1068 1069
f 1041 1069 1080
f 1070 1100 1042
f 1071 1042 1100
f 1072 1022 1071
f 1068 1043 1072
f 1023 1073 1074
f 1044 1074 1101
f 1077 1046 1075
f 1028 1078 1055
f 1055 1114 1081
f 363 1093 1097
f 1064 1128 1094
f 1095 1129 1064
f 382 388 398
f 382 399 368
f 384 1096 1130
f 360 1097 1096
f 402 386 401
f 401 398 388
f 409 1065 389
f 1065 409 1066
f 1066 408 1098
f 1099 1132 1067
f 1067 1133 1070
f 1100 1070 1133
f 1074 1073 1101
f 1114 1055 1078
f 1081 1103 1113
f 1103 1081 1114
f 1128 1127 1094
f 1128 1064 1129
f 1113 1102 1095
f 1129 1095 1102
f 398 401 386
f 1130 408 384
f 408 1066 409
f 408 1130 1098
f 1131 1158 1099
f 1132 1099 1158
f 1133 1067 1132
f 1102 1113 1103
f 1154 1104 1105
f 1126 1106 1104
f 1160 1105 1109
f 1127 1128 1106
f 1161 1107 1138
f 1153 1109 1107
f 1156 1108 1112
f 1162 1138 1108
f 1163 1110 1111
f 1164 1112 1110
f 1155 1111 1134
f 1104 1154 1126
f 1106 1126 1127
f 1157 1189 1131
f 1158 1131 1189
f 1191 1134 1137
f 1159 1192 1135
f 1135 1193 1136
f 1136 1187 1137
f 1105 1160 1154
f 1109 1153 1160
f 1107 1161 1153
f 1138 1162 1161
f 1108 1156 1162
f 1112 1164 1156
f 1110 1163 1164
f 1111 1155 1163
f 1134 1187 1155
f 1188 1190 1157
f 1189 1157 1190
f 1187 1134 1191
f 1137 1187 1191
f 1190 1188 1159
f 1192 1159 1188
f 1193 1135 1192
f 1187 1136 1193
f 1834 1945 1710
f 1947 1834 1712
f 1945 1835 1710
f 2049 1712 1835
f 1945 1834 2056
f 1834 1947 2056
f 1712 2049 1947
f 1835 1945 2049
f 2137 1944 2054
f 2138 2055 1944
f 2136 2137 2054
f 1944 2137 2138
f 2055 2138 2212
f 2212 2139 2055
f 2057 2216 2141
f 2142 2218 2057
f 2211 2258 2136
f 2137 2136 2258
f 2137 2259 2138
f 2138 2260 2212
f 2139 2212 2261
f 2261 2213 2139
f 2141 2264 2215
f 2216 2057 2218
f 2264 2141 2216
f 2217 2266 2142
f 2218 2142 2266
f 2221 2268 2145
f 2145 2269 2222
f 2222 2286 2211
f 2258 2211 2286
f 2258 2287 2137
f 2137 2288 2259
f 2138 2259 2260
f 2212 2260 2289
f 2212 2289 2261
f 2213 2261 2290
f 2290 2262 2213
f 2215 2293 2263
f 2293 2215 2264
f 2266 2216 2218
f 2266 2264 2216
f 2265 2295 2217
f 2266 2217 2295
f 2267 2297 2221
f 2268 2221 2297
f 2269 2145 2268
f 2286 2222 2269
f 2286 2307 2258
f 2258 2307 2287
f 2137 2287 2288
f 2288 2308 2259
f 2308 2260 2259
f 2309 2289 2260
f 2261 2289 2310
f 2261 2311 2290
f 2262 2290 2312
f 2312 2291 2262
f 2263 2315 2292
f 2315 2263 2293
f 2316 2293 2264
f 2266 2317 2264
f 2319 2265 2294
f 2295 2265 2320
f 2295 2317 2266
f 2296 2321 2267
f 2297 2267 2321
f 2297 2269 2268
f 2269 2297 2286
f 2322 2298 2270
f 2324 2270 2299
f 2307 2286 2338
f 2307 2339 2287
f 2287 2340 2288
f 2308 2288 2340
f 2260 2308 2309
f 2289 2309 2341
f 2341 2310 2289
f 2261 2310 2311
f 2290 2311 2342
f 2290 2342 2312
f 2291 2312 2343
f 2291 2344 2313
f 2315 2314 2292
f 2347 2315 2293
f 2348 2293 2316
f 2316 2264 2317
f 2350 2294 2318
f 2265 2319 2320
f 2294 2350 2319
f 2320 2351 2295
f 2295 2352 2317
f 2353 2296 2298
f 2321 2296 2354
f 2286 2297 2321
f 2298 2322 2353
f 2270 2324 2322
f 2356 2299 2323
f 2299 2356 2324
f 2286 2321 2338
f 2338 2367 2307
f 2339 2307 2367
f 2340 2287 2339
f 2310 2341 2371
f 2371 2311 2310
f 2372 2342 2311
f 2312 2342 2373
f 2312 2373 2343
f 2344 2291 2343
f 2374 2313 2344
f 2313 2374 2345
f 2377 2346 2314
f 2314 2315 2377
f 2378 2315 2347
f 2347 2293 2348
f 2316 2379 2348
f 2317 2380 2316
f 2382 2318 2349
f 2318 2382 2350
f 2319 2383 2320
f 2350 2384 2319
f 2320 2383 2351
f 2295 2351 2352
f 2352 2385 2317
f 2296 2353 2354
f 2386 2321 2354
f 2387 2353 2322
f 2388 2322 2324
f 2390 2323 2355
f 2323 2390 2356
f 2391 2324 2356
f 2338 2321 2386
f 2367 2338 2406
f 2311 2371 2372
f 2342 2372 2410
f 2410 2373 2342
f 2343 2373 2411
f 2343 2411 2344
f 2344 2412 2374
f 2413 2345 2374
f 2345 2413 2375
f 2416 2376 2346
f 2346 2377 2416
f 2378 2377 2315
f 2347 2417 2378
f 2348 2418 2347
f 2379 2316 2380
f 2418 2348 2379
f 2380 2317 2385
f 2420 2349 2381
f 2349 2420 2382
f 2382 2421 2350
f 2319 2384 2383
f 2350 2421 2384
f 2383 2422 2351
f 2351 2423 2352
f 2385 2352 2423
f 2424 2354 2353
f 2386 2354 2425
f 2424 2353 2387
f 2387 2322 2388
f 2388 2324 2391
f 2427 2355 2389
f 2355 2427 2390
f 2428 2356 2390
f 2391 2356 2429
f 2373 2410 2445
f 2373 2446 2411
f 2344 2411 2447
f 2344 2447 2412
f 2374 2412 2448
f 2374 2449 2413
f 2449 2375 2413
f 2453 2415 2376
f 2376 2416 2453
f 2454 2416 2377
f 2454 2377 2378
f 2417 2347 2418
f 2417 2454 2378
f 2455 2381 2419
f 2381 2455 2420
f 2420 2456 2382
f 2382 2457 2421
f 2458 2383 2384
f 2459 2384 2421
f 2422 2383 2460
f 2423 2351 2422
f 2425 2354 2424
f 2426 2427 2389
f 2462 2390 2427
f 2429 2356 2428
f 2428 2390 2462
f 2446 2373 2445
f 2474 2411 2446
f 2411 2474 2447
f 2447 2475 2412
f 2476 2448 2412
f 2374 2448 2449
f 2375 2449 2477
f 2450 2479 2414
f 2414 2480 2451
f 2481 2452 2415
f 2415 2453 2481
f 2482 2453 2416
f 2483 2416 2454
f 2454 2417 2484
f 2480 2419 2451
f 2419 2480 2455
f 2455 2485 2420
f 2420 2485 2456
f 2382 2456 2457
f 2486 2421 2457
f 2383 2458 2460
f 2384 2459 2458
f 2421 2486 2459
f 2461 2487 2426
f 2427 2426 2487
f 2462 2427 2488
f 2475 2447 2474
f 2500 2412 2475
f 2476 2487 2448
f 2412 2500 2476
f 2448 2477 2449
f 2478 2503 2450
f 2479 2450 2503
f 2480 2414 2479
f 2452 2481 2505
f 2506 2481 2453
f 2506 2453 2482
f 2482 2416 2483
f 2484 2483 2454
f 2480 2507 2455
f 2455 2507 2485
f 2508 2456 2485
f 2509 2457 2456
f 2457 2509 2486
f 2477 2448 2461
f 2487 2461 2448
f 2488 2427 2487
f 2515 2487 2476
f 2502 2517 2478
f 2503 2478 2517
f 2503 2518 2479
f 2479 2519 2480
f 2505 2504 2452
f 2520 2505 2481
f 2520 2481 2506
f 2521 2506 2482
f 2510 2482 2483
f 2483 2484 2510
f 2480 2522 2507
f 2523 2485 2507
f 2456 2508 2509
f 2485 2523 2508
f 2488 2487 2515
f 2516 2530 2501
f 2501 2531 2502
f 2517 2502 2531
f 2517 2530 2503
f 2518 2503 2532
f 2479 2518 2519
f 2480 2519 2522
f 2504 2505 2533
f 2504 2534 2516
f 2535 2505 2520
f 2536 2520 2506
f 2506 2521 2536
f 2482 2510 2521
f 2522 2523 2507
f 2530 2516 2534
f 2531 2501 2530
f 2530 2517 2531
f 2503 2530 2534
f 2503 2534 2532
f 2532 2540 2518
f 2518 2541 2519
f 2519 2542 2522
f 2535 2533 2505
f 2534 2504 2533
f 2537 2535 2520
f 2520 2536 2537
f 2523 2522 2542
f 2532 2534 2550
f 2540 2532 2551
f 2541 2518 2540
f 2542 2519 2541
f 2552 2533 2535
f 2550 2534 2533
f 2535 2537 2543
f 2550 2551 2532
f 2550 2533 2552
f 2535 2556 2552
f 2556 2535 2543
f 2551 2550 2555
f 2552 2555 2550
f 2555 2552 2556
f 921 940 924
f 924 940 921
f 925 2601 921
f 921 2601 925
f 2602 925 923
f 923 925 2602
f 2603 923 935
f 935 923 2603
f 940 921 2601
f 2601 921 940
f 2601 925 2604
f 2604 925 2601
f 926 2605 936
f 936 2605 926
f 925 2602 2604
f 2604 2602 925
f 923 2603 2602
f 2602 2603 923
f 935 2606 2603
f 2603 2606 935
f 2605 926 939
f 939 926 2605
f 2601 939 940
f 940 939 2601
f 2605 2601 2604
f 2604 2601 2605
f 936 2607 941
f 941 2607 936
f 2607 936 2605
f 2605 936 2607
f 2606 935 949
f 949 935 2606
f 2607 2604 2602
f 2602 2604 2607
f 2608 2602 2603
f 2603 2602 2608
f 2609 2603 2606
f 2606 2603 2609
f 939 2601 2605
f 2605 2601 939
f 2605 2604 2607
f 2607 2604 2605
f 2607 950 941
f 941 950 2607
f 949 2610 2606
f 2606 2610 949
f 2607 2602 2608
f 2608 2602 2607
f 2608 2603 2609
f 2609 2603 2608
f 2609 2606 2611
f 2611 2606 2609
f 950 2607 2608
f 2608 2607 950
f 2608 952 950
f 950 952 2608
f 2610 949 957
f 957 949 2610
f 2611 2606 2610
f 2610 2606 2611
f 952 2608 2609
f 2609 2608 952
f 959 2609 2611
f 2611 2609 959
f 2609 959 952
f 952 959 2609
f 2612 957 961
f 961 957 2612
f 957 2612 2610
f 2610 2612 957
f 2611 2610 2613
f 2613 2610 2611
f 2611 962 959
f 959 962 2611
f 961 2614 2612
f 2612 2614 961
f 2613 2610 2612
f 2612 2610 2613
f 962 2611 2613
f 2613 2611 962
f 2613 963 962
f 962 963 2613
f 2615 969 963
f 963 969 2615
f 2614 961 973
f 973 961 2614
f 2615 2612 2614
f 2614 2612 2615
f 2613 2612 2615
f 2615 2612 2613
f 963 2613 2615
f 2615 2613 963
f 969 2615 2616
f 2616 2615 969
f 2616 974 969
f 969 974 2616
f 2617 973 980
f 980 973 2617
f 973 2617 2614
f 2614 2617 973
f 2615 2614 2616
f 2616 2614 2615
f 974 2616 2618
f 2618 2616 974
f 2618 981 974
f 974 981 2618
f 2619 980 994
f 994 980 2619
f 980 2619 2617
f 2617 2619 980
f 2616 2614 2617
f 2617 2614 2616
f 2616 2617 2618
f 2618 2617 2616
f 981 2618 2620
f 2620 2618 981
f 981 2621 982
f 982 2621 981
f 982 2622 996
f 996 2622 982
f 1016 2619 994
f 994 2619 1016
f 2618 2617 2619
f 2619 2617 2618
f 2618 2619 2620
f 2620 2619 2618
f 2621 981 2620
f 2620 981 2621
f 2622 982 2621
f 2621 982 2622
f 2623 996 2622
f 2622 996 2623
f 996 2623 1003
f 1003 2623 996
f 2619 1016 2624
f 2624 1016 2619
f 2620 2619 2624
f 2624 2619 2620
f 2620 2624 2621
f 2621 2624 2620
f 2621 2623 2622
f 2622 2623 2621
f 2624 1003 2623
f 2623 1003 2624
f 1003 2624 1016
f 1016 2624 1003
f 2621 2624 2623
f 2623 2624 2621
f 990 991 979
f 986 1007 1002
f 988 1008 986
f 1002 1009 987
f 987 991 990
f 989 1010 988
f 1001 1011 989
f 1000 1021 1001
f 1006 1022 1000
f 986 1023 1007
f 1002 1007 1024
f 988 1025 1008
f 986 1008 1026
f 1002 1027 1009
f 987 1009 1028
f 987 1012 991
f 989 1029 1010
f 988 1010 1030
f 1001 1031 1011
f 989 1011 1032
f 1000 1040 1021
f 1001 1021 1041
f 1006 1042 1022
f 1000 1022 1043
f 986 1026 1023
f 1002 1024 1046
f 988 1030 1025
f 1002 1046 1027
f 987 1028 1012
f 989 1032 1029
f 1001 1041 1031
f 1055 1018 1012
f 1064 1036 1018
f 1065 1019 1039
f 1019 1066 1020
f 1020 1067 1006
f 1000 1043 1040
f 1006 1070 1042
f 1055 1012 1028
f 1081 1018 1055
f 1094 1036 1064
f 1064 1018 1095
f 1019 1065 1066
f 1020 1066 1098
f 1067 1020 1099
f 1006 1067 1070
f 1044 1102 1045
f 1045 1103 1075
f 1047 1104 1048
f 1076 1105 1047
f 1048 1106 1073
f 1077 1078 1049
f 1049 1078 1050
f 1051 1107 1052
f 1079 1108 1051
f 1052 1109 1076
f 1053 1110 1054
f 1080 1111 1053
f 1054 1112 1079
f 1113 1018 1081
f 1126 1093 1036
f 1127 1036 1094
f 1095 1018 1113
f 1020 1098 1131
f 1020 1131 1099
f 1068 1134 1069
f 1069 1134 1080
f 1100 1135 1071
f 1071 1136 1072
f 1072 1137 1068
f 1101 1129 1044
f 1044 1129 1102
f 1045 1102 1103
f 1075 1103 1114
f 1075 1114 1077
f 1047 1105 1104
f 1048 1104 1106
f 1076 1109 1105
f 1073 1106 1128
f 1077 1114 1078
f 1051 1138 1107
f 1052 1107 1109
f 1079 1112 1108
f 1051 1108 1138
f 1053 1111 1110
f 1054 1110 1112
f 1080 1134 1111
f 1153 1097 1093
f 1154 1093 1126
f 1126 1036 1127
f 1155 1130 1096
f 1156 1096 1097
f 1131 1098 1157
f 1068 1137 1134
f 1133 1159 1100
f 1100 1159 1135
f 1071 1135 1136
f 1072 1136 1137
f 1073 1128 1101
f 1101 1128 1129
f 1161 1097 1153
f 1153 1093 1160
f 1160 1093 1154
f 1187 1130 1155
f 1155 1096 1163
f 1164 1096 1156
f 1156 1097 1162
f 1187 1098 1130
f 1157 1098 1188
f 1189 1132 1158
f 1132 1190 1133
f 1133 1190 1159
f 1162 1097 1161
f 1163 1096 1164
f 1193 1098 1187
f 1188 1098 1192
f 1132 1189 1190
f 1192 1098 1193
f 1710 1944 1834
f 1834 1946 1712
f 1835 1948 1710
f 2048 1835 1712
f 1944 1710 2054
f 1834 1944 2055
f 2057 1946 1834
f 2048 1712 1946
f 1948 1835 2048
f 2058 1710 1948
f 2054 1710 2136
f 1834 2055 2139
f 2141 1946 2057
f 1834 2142 2057
f 1946 2143 2048
f 2143 1948 2048
f 1710 2058 2145
f 1948 2132 2058
f 2136 1710 2211
f 1834 2139 2213
f 2215 1946 2141
f 1834 2217 2142
f 2143 1946 2133
f 1948 2143 2220
f 2145 2058 2221
f 2222 1710 2145
f 2132 1948 2220
f 2132 1946 2058
f 1946 2132 2133
f 2211 1710 2222
f 1834 2213 2262
f 2263 1946 2215
f 1834 2265 2217
f 2221 2058 2267
f 2270 2058 1946
f 1834 2262 2291
f 2292 1946 2263
f 1834 2294 2265
f 2267 2058 2296
f 2298 2058 2270
f 2270 1946 2299
f 1834 2291 2313
f 2314 1946 2292
f 1834 2318 2294
f 2296 2058 2298
f 2299 1946 2323
f 1834 2313 2345
f 2346 1946 2314
f 1834 2349 2318
f 2323 1946 2355
f 2340 2368 2308
f 2308 2369 2309
f 2309 2370 2341
f 1834 2345 2375
f 2376 1946 2346
f 1834 2381 2349
f 2355 1946 2389
f 2367 2407 2339
f 2339 2408 2340
f 2340 2408 2368
f 2308 2368 2369
f 2309 2369 2370
f 2341 2370 2409
f 2341 2409 2371
f 1834 2375 2414
f 2415 1946 2376
f 1834 2419 2381
f 2389 1946 2426
f 2407 2367 2406
f 2339 2407 2408
f 2371 2409 2443
f 2371 2443 2372
f 2372 2444 2410
f 2414 2375 2450
f 1834 2414 2451
f 2452 1946 2415
f 2423 2379 2380
f 2422 2418 2379
f 2423 2380 2385
f 1834 2451 2419
f 2426 1946 2461
f 2372 2443 2444
f 2410 2444 2473
f 2410 2473 2445
f 2450 2375 2478
f 2477 1946 2452
f 2460 2417 2418
f 2422 2379 2423
f 2460 2418 2422
f 2461 1946 2477
f 2445 2473 2498
f 2445 2498 2446
f 2446 2499 2474
f 2477 2501 2375
f 2478 2375 2502
f 2477 2452 2504
f 2458 2417 2460
f 2458 2484 2417
f 2459 2484 2458
f 2486 2510 2459
f 2446 2498 2499
f 2474 2499 2500
f 2474 2500 2475
f 2477 2516 2501
f 2375 2501 2502
f 2477 2504 2516
f 2509 2521 2486
f 2459 2510 2484
f 2486 2521 2510
f 2508 2536 2509
f 2523 2537 2508
f 2509 2536 2521
f 2508 2537 2536
f 2523 2543 2537
f 2542 2543 2523
f 2555 2540 2551
f 2540 2555 2541
f 2541 2556 2542
f 2542 2556 2543
f 2541 2555 2556
f 1035 1091 1063
f 1063 1123 1090
f 1091 1035 1124
f 1063 1091 1123
f 1090 1123 1139
f 1124 1035 1148
f 1091 1124 1149
f 1125 1151 1092
f 1092 1152 1035
f 1175 1139 1123
f 1148 1035 1176
f 1091 1149 1181
f 1151 1125 1139
f 1092 1151 1183
f 1092 1184 1152
f 1035 1152 1185
f 1201 1169 1142
f 1151 1139 1175
f 1176 1035 1208
f 1091 1181 1213
f 1091 1216 1151
f 1183 1151 1217
f 1092 1183 1218
f 1092 1218 1184
f 1222 1035 1185
f 1226 1142 1200
f 1169 1201 1228
f 1142 1226 1201
f 1208 1035 1222
f 1209 1232 1177
f 1177 1232 1179
f 1179 1232 1211
f 1091 1213 1239
f 1091 1242 1216
f 1243 1151 1216
f 1217 1151 1244
f 1220 1251 1185
f 1222 1185 1251
f 1227 1226 1200
f 1228 1227 1169
f 1226 1228 1201
f 1230 1260 1209
f 1209 1260 1232
f 1211 1232 1262
f 1091 1239 1267
f 1091 1269 1242
f 1272 1151 1243
f 1270 1243 1216
f 1244 1151 1273
f 1249 1276 1220
f 1251 1220 1278
f 1279 1222 1251
f 1226 1227 1287
f 1227 1228 1287
f 1228 1226 1287
f 1222 1279 1230
f 1260 1230 1292
f 1211 1262 1297
f 1264 1265 1237
f 1091 1267 1304
f 1091 1305 1269
f 1309 1151 1272
f 1310 1272 1243
f 1270 1311 1243
f 1273 1151 1312
f 1316 1246 1275
f 1316 1249 1246
f 1276 1249 1316
f 1318 1220 1276
f 1278 1220 1318
f 1230 1279 1292
f 1260 1292 1333
f 1260 1334 1293
f 1211 1297 1298
f 1265 1264 1301
f 1301 1341 1266
f 1266 1344 1303
f 1091 1304 1347
f 1091 1348 1305
f 1306 1311 1270
f 1352 1151 1309
f 1310 1354 1272
f 1312 1151 1357
f 1316 1275 1362
f 1278 1318 1367
f 1381 494 491
f 1382 491 496
f 1383 540 494
f 1386 496 541
f 659 499 540
f 573 501 499
f 501 573 543
f 1292 1279 1369
f 1260 1333 1396
f 1293 1397 1295
f 1260 1396 1334
f 1397 1293 1334
f 1295 1400 1336
f 1298 1297 1404
f 1301 1264 1341
f 1266 1341 1344
f 1303 1344 1345
f 1091 1347 1409
f 1091 1410 1348
f 1349 1413 1306
f 1413 1311 1306
f 1415 1151 1352
f 1418 1354 1310
f 1357 1151 1421
f 1316 1362 1429
f 1367 1318 1364
f 1445 494 1381
f 1381 491 1446
f 1446 491 1382
f 1382 496 1386
f 1447 540 1383
f 1383 494 1445
f 1449 541 569
f 1386 541 1450
f 573 499 659
f 659 540 616
f 1292 1369 1459
f 1395 1396 1333
f 1295 1397 1400
f 1336 1463 1338
f 1336 1400 1463
f 1338 1465 1403
f 1298 1404 1467
f 1298 1467 1405
f 1345 1344 1405
f 1345 1405 1407
f 1091 1409 1474
f 1091 1475 1410
f 1413 1349 1411
f 1478 1311 1413
f 1479 1151 1415
f 1483 1354 1418
f 1421 1151 1486
f 1429 1362 1496
f 1498 1364 1430
f 1367 1364 1501
f 616 540 1447
f 1529 569 571
f 1450 541 1449
f 1449 569 1530
f 1292 1459 1461
f 1396 1395 1550
f 1338 1463 1465
f 1403 1465 1557
f 1405 1467 1559
f 1405 1559 1407
f 1407 1561 1472
f 1091 1474 1564
f 1091 1565 1475
f 1467 1311 1478
f 1568 1151 1479
f 1572 1481 1354
f 1573 1354 1483
f 1484 1483 1418
f 1576 1485 1311
f 1486 1151 1577
f 1582 1362 1494
f 1496 1362 1584
f 1586 1364 1498
f 1501 1364 1588
f 1615 616 1447
f 728 571 658
f 1530 569 1529
f 1529 571 1619
f 613 1622 618
f 616 1615 613
f 618 1623 661
f 1550 1395 1554
f 1403 1645 1556
f 1403 1557 1645
f 1559 1467 1478
f 1407 1559 1561
f 1472 1561 1562
f 1091 1564 1652
f 1091 1653 1565
f 1576 1311 1467
f 1658 1151 1568
f 1572 1570 1481
f 1572 1354 1663
f 1663 1354 1573
f 1483 1484 1665
f 1576 1667 1485
f 1577 1151 1668
f 1584 1362 1582
f 1582 1494 1674
f 1678 1364 1586
f 1586 1498 1676
f 1588 1364 1678
f 728 1723 571
f 728 658 761
f 1619 571 1723
f 613 1726 1622
f 618 1622 1727
f 613 1615 1726
f 618 1727 1623
f 661 1623 1728
f 661 1729 663
f 663 1730 698
f 1549 1748 1640
f 1641 1749 1549
f 1554 1395 1643
f 1556 1645 1648
f 1561 1650 1562
f 1091 1652 1653
f 1668 1151 1658
f 1572 1661 1570
f 1573 1777 1663
f 1576 1782 1667
f 1674 1494 1673
f 1586 1676 1789
f 761 658 727
f 728 1848 1723
f 661 1728 1729
f 663 1729 1730
f 698 1730 1854
f 698 1855 728
f 1576 1395 1745
f 1640 1868 1747
f 1549 1749 1748
f 1640 1748 1869
f 1641 1870 1749
f 1751 1870 1641
f 1643 1395 1646
f 1648 1645 1873
f 1650 1561 1758
f 1650 1758 1761
f 1765 1880 1654
f 1654 1767 1656
f 1776 1661 1572
f 1573 1791 1777
f 1779 1791 1573
f 1576 1902 1782
f 1674 1673 1905
f 1586 1789 1911
f 761 727 788
f 728 1855 1848
f 698 1854 1855
f 1865 1974 1745
f 1874 1395 1576
f 1576 1745 1975
f 1747 1976 1867
f 1640 1869 1868
f 1747 1868 1976
f 1751 1794 1870
f 1646 1395 1874
f 1763 1758 1877
f 1761 1758 1763
f 1763 1877 1765
f 1765 1985 1880
f 1654 1880 1767
f 1991 1661 1776
f 1895 1991 1776
f 1777 1791 1907
f 1777 1994 1897
f 1998 1791 1779
f 2000 1900 1780
f 2001 1780 1901
f 1576 2004 1902
f 1674 1905 2009
f 1911 1789 1791
f 1794 1751 1796
f 788 727 787
f 1865 2078 1974
f 1745 1974 2079
f 1975 1745 2080
f 1576 1975 2081
f 1867 2082 1865
f 1867 1976 2082
f 1765 1877 1985
f 2012 1661 1991
f 2012 1992 1661
f 1777 1907 1994
f 2095 1791 1998
f 1998 1779 1999
f 2096 1999 1899
f 2097 1899 1900
f 2098 1900 2000
f 2000 1780 2099
f 2099 1780 2001
f 1576 2101 2004
f 1674 2009 2106
f 1911 1791 2085
f 1674 1992 2012
f 1951 2062 1950
f 2062 1951 2063
f 2148 2064 1952
f 2149 1952 1953
f 2150 1953 1954
f 2151 1954 1955
f 2152 1955 2065
f 2158 2065 1965
f 2159 1965 2073
f 1865 2082 2078
f 2169 1745 2079
f 2080 1745 2169
f 1576 2081 2172
f 2179 1791 2095
f 1998 1999 2181
f 1999 2096 2181
f 2096 1899 2182
f 2183 1899 2097
f 2097 1900 2098
f 1576 2172 2101
f 1674 2106 1992
f 2085 1791 2166
f 2224 2063 2064
f 2062 2063 2224
f 2224 2064 2148
f 2148 1952 2149
f 2149 1953 2150
f 2150 1954 2151
f 2151 1955 2152
f 2152 2065 2158
f 2158 1965 2159
f 2230 2073 2157
f 2159 2073 2230
f 2235 1791 2179
f 2182 1899 2183
f 2166 1791 2168
f 2229 2157 2156
f 2230 2157 2229
f 2168 1791 2235
f 1610 1735 1533
f 1706 1832 1610
f 1533 1858 1734
f 1735 1610 1832
f 1533 1735 1858
f 1832 1706 1734
f 1969 1734 1858
f 1832 1734 1969
f 2075 1971 1970
f 1830 1609 1705
f 1609 1831 1707
f 1936 1609 1830
f 1830 1705 1937
f 1831 1609 1939
f 1940 1707 1831
f 2041 1609 1936
f 1937 1705 2043
f 1707 2042 1938
f 1939 1609 2041
f 2045 1707 1940
f 2077 1972 1860
f 2043 1705 2129
f 2042 1707 2128
f 1938 2042 2044
f 2128 1707 2045
f 1972 2077 2076
f 1938 1705 2076
f 2129 1705 2205
f 1938 2044 2130
f 1938 2076 2077
f 1938 2252 1705
f 2205 1705 2253
f 1938 2130 2206
f 1938 2278 2252
f 2279 1705 2252
f 2253 1705 2280
f 1938 2206 2254
f 1938 2301 2278
f 2280 1705 2279
f 1938 2254 2281
f 1938 2281 2301
f 1942 1713 1709
f 2047 1711 1836
f 1713 1942 2050
f 1709 2051 1942
f 2052 1943 1711
f 2060 1836 1949
f 1711 2047 2052
f 1836 2060 2047
f 1942 2132 2050
f 2050 2059 1713
f 2051 1709 2053
f 2133 1942 2051
f 1943 2052 2134
f 2140 1945 2056
f 1947 2140 2056
f 2144 1947 2049
f 1945 2144 2049
f 1949 2147 2060
f 2047 2143 2052
f 2060 2050 2047
f 2132 1942 2133
f 2047 2050 2132
f 2059 2050 2208
f 2053 2209 2051
f 2133 2051 2143
f 2052 2051 2134
f 2134 2135 1943
f 1945 2140 2214
f 2140 1947 2219
f 1947 2144 2219
f 2144 1945 2214
f 2147 1949 2146
f 2147 2208 2060
f 2047 2220 2143
f 2143 2051 2052
f 2060 2208 2050
f 2047 2132 2220
f 2208 2223 2059
f 2209 2053 2210
f 2256 2051 2209
f 2134 2051 2256
f 2135 2134 2256
f 2146 2272 2147
f 2147 2273 2208
f 2223 2208 2273
f 2210 2283 2209
f 2256 2209 2284
f 2256 2257 2135
f 2272 2146 2271
f 2272 2273 2147
f 2273 2300 2223
f 2283 2210 2285
f 2284 2209 2283
f 2257 2256 2284
f 2271 2326 2272
f 2272 2327 2273
f 2300 2273 2327
f 2285 2335 2283
f 2284 2283 2336
f 2284 2306 2257
f 2326 2271 2325
f 2326 2327 2272
f 2327 2357 2300
f 2335 2285 2337
f 2336 2283 2335
f 2306 2284 2336
f 2325 2393 2326
f 2326 2394 2327
f 2357 2327 2394
f 2337 2403 2335
f 2336 2335 2404
f 2336 2366 2306
f 2393 2325 2392
f 2393 2394 2326
f 2394 2430 2357
f 2403 2337 2405
f 2404 2335 2403
f 2366 2336 2404
f 2392 2464 2393
f 2393 2465 2394
f 2430 2394 2465
f 2405 2470 2403
f 2404 2403 2471
f 2404 2442 2366
f 2464 2392 2463
f 2464 2465 2393
f 2465 2489 2430
f 2470 2405 2472
f 2471 2403 2470
f 2442 2404 2471
f 2511 2464 2463
f 2464 2512 2465
f 2489 2465 2512
f 2513 2470 2472
f 2471 2470 2514
f 2514 2442 2471
f 2442 2514 2497
f 2464 2511 2525
f 2525 2512 2464
f 2526 2489 2512
f 2470 2513 2527
f 2514 2470 2527
f 2528 2497 2514
f 2489 2526 2524
f 2538 2525 2511
f 2525 2526 2512
f 2539 2527 2513
f 2514 2527 2528
f 2497 2528 2529
f 2545 2524 2526
f 2525 2538 2546
f 2546 2526 2525
f 2527 2539 2547
f 2528 2527 2547
f 2548 2529 2528
f 2524 2545 2544
f 2546 2545 2526
f 2553 2546 2538
f 2554 2547 2539
f 2528 2547 2548
f 2529 2548 2549
f 2558 2544 2545
f 2559 2545 2546
f 2546 2553 2559
f 2547 2554 2560
f 2548 2547 2560
f 2561 2549 2548
f 2544 2558 2557
f 2559 2558 2545
f 2563 2559 2553
f 2564 2560 2554
f 2548 2560 2561
f 2549 2561 2562
f 2567 2557 2558
f 2568 2558 2559
f 2559 2563 2568
f 2560 2564 2569
f 2561 2560 2570
f 2570 2562 2561
f 2562 2570 2565
f 2557 2567 2566
f 2568 2567 2558
f 2571 2568 2563
f 2572 2569 2564
f 2570 2560 2569
f 2574 2565 2570
f 2576 2566 2567
f 2577 2567 2568
f 2568 2571 2577
f 2569 2572 2578
f 2570 2569 2574
f 2565 2574 2573
f 2566 2576 2575
f 2577 2576 2567
f 2580 2577 2571
f 2581 2578 2572
f 2574 2569 2578
f 2582 2573 2574
f 2575 2583 2579
f 2583 2575 2576
f 2584 2576 2577
f 2577 2580 2584
f 2578 2581 2582
f 2574 2578 2582
f 2573 2582 2581
f 2579 2584 2580
f 2584 2579 2583
f 2576 2584 2583
f 2140 2144 2214
f 2214 2144 2140
f 2144 2140 2219
f 2219 2140 2144
f 2361 2364 2360
f 2365 2361 2362
f 2400 2362 2399
f 2364 2361 2365
f 2365 2362 2400
f 2401 2399 2396
f 2434 2396 2397
f 2467 2397 2398
f 2468 2398 2432
f 2400 2399 2401
f 2401 2396 2434
f 2490 2432 2433
f 2491 2433 2466
f 2434 2397 2467
f 2467 2398 2468
f 2468 2432 2490
f 2490 2433 2491
f 2491 2466 2494
f 2494 2466 2492
f 2495 2492 2493
f 2495 2493 2496
f 2494 2492 2495
f 2625 2626 2627
f 2626 2625 2628
f 2629 2627 2626
f 2626 2628 2630
f 2630 2628 2631
f 2631 2628 2632
f 2630 2631 2633
f 2632 2628 2634
f 2635 2633 2631
f 2634 2628 2636
f 2627 2626 2625
f 2628 2625 2626
f 2626 2627 2629
f 2630 2628 2626
f 2631 2628 2630
f 2632 2628 2631
f 2633 2631 2630
f 2634 2628 2632
f 2631 2633 2635
f 2636 2628 2634
f 2637 2638 2639
f 2638 2637 2640
f 2640 2637 2641
f 2640 2641 2642
f 2642 2641 2643
f 2643 2641 2644
f 2642 2643 2645
f 2644 2641 2646
f 2642 2645 2647
f 2645 2648 2647
f 2648 2645 2649
f 2648 2649 2650
f 2648 2650 2651
f 2651 2650 2652
f 2651 2652 2653
f 2653 2652 2654
f 2653 2654 2655
f 2655 2654 2656
f 2655 2656 2657
f 2657 2656 2658
f 2657 2658 2659
f 2657 2659 2660
f 2660 2659 2661
f 2660 2661 2662
f 2662 2661 2663
f 2662 2663 2664
f 2662 2664 2665
f 2665 2664 2666
f 2665 2666 2667
f 2667 2666 2668
f 2668 2666 2669
f 2668 2669 2670
f 2670 2669 2671
f 2670 2671 2672
f 2672 2671 2673
f 2673 2671 2674
f 2674 2671 2675
f 2674 2675 2676
f 2676 2675 2677
f 2677 2675 2678
f 2677 2678 2679
f 2679 2678 2680
f 2679 2680 2681
f 2682 2681 2680
f 2682 2683 2681
f 2682 2680 2684
f 2683 2682 2685
f 2682 2684 2686
f 2686 2684 2687
f 2686 2687 2688
f 2639 2638 2637
f 2640 2637 2638
f 2641 2637 2640
f 2642 2641 2640
f 2643 2641 2642
f 2644 2641 2643
f 2645 2643 2642
f 2646 2641 2644
f 2647 2645 2642
f 2647 2648 2645
f 2649 2645 2648
f 2650 2649 2648
f 2651 2650 2648
f 2652 2650 2651
f 2653 2652 2651
f 2654 2652 2653
f 2655 2654 2653
f 2656 2654 2655
f 2657 2656 2655
f 2658 2656 2657
f 2659 2658 2657
f 2660 2659 2657
f 2661 2659 2660
f 2662 2661 2660
f 2663 2661 2662
f 2664 2663 2662
f 2665 2664 2662
f 2666 2664 2665
f 2667 2666 2665
f 2668 2666 2667
f 2669 2666 2668
f 2670 2669 2668
f 2671 2669 2670
f 2672 2671 2670
f 2673 2671 2672
f 2674 2671 2673
f 2675 2671 2674
f 2676 2675 2674
f 2677 2675 2676
f 2678 2675 2677
f 2679 2678 2677
f 2680 2678 2679
f 2681 2680 2679
f 2680 2681 2682
f 2681 2683 2682
f 2684 2680 2682
f 2685 2682 2683
f 2686 2684 2682
f 2687 2684 2686
f 2688 2687 2686
f 2689 2690 2691
f 2690 2689 2692
f 2692 2689 2693
f 2694 2690 2692
f 2693 2689 2695
f 2690 2694 2696
f 2691 2690 2689
f 2692 2689 2690
f 2693 2689 2692
f 2692 2690 2694
f 2695 2689 2693
f 2696 2694 2690
f 2697 2698 2699
f 2698 2697 2700
f 2698 2701 2699
f 2699 2702 2697
f 2697 2703 2700
f 2698 2700 2704
f 2701 2698 2705
f 2702 2699 2701
f 2703 2697 2702
f 2706 2700 2703
f 2704 2700 2707
f 2704 2705 2698
f 2700 2706 2707
f 2704 2707 2708
f 2705 2704 2709
f 2706 2710 2707
f 2708 2707 2710
f 2708 2709 2704
f 2710 2706 2711
f 2709 2708 2712
f 2708 2710 2713
f 2711 2714 2710
f 2708 2715 2712
f 2713 2710 2714
f 2715 2708 2713
f 2714 2711 2716
f 2713 2714 2717
f 2713 2718 2715
f 2716 2719 2714
f 2717 2714 2719
f 2718 2713 2717
f 2719 2716 2720
f 2717 2719 2721
f 2717 2722 2718
f 2720 2723 2719
f 2721 2719 2723
f 2722 2717 2721
f 2723 2720 2724
f 2721 2723 2725
f 2721 2726 2722
f 2724 2727 2723
f 2725 2723 2727
f 2726 2721 2725
f 2727 2724 2728
f 2725 2727 2729
f 2725 2730 2726
f 2728 2731 2727
f 2729 2727 2732
f 2730 2725 2729
f 2731 2728 2733
f 2732 2727 2731
f 2734 2729 2732
f 2729 2734 2730
f 2733 2735 2731
f 2732 2731 2736
f 2732 2737 2734
f 2735 2733 2738
f 2736 2731 2735
f 2737 2732 2736
f 2739 2735 2738
f 2736 2735 2740
f 2740 2737 2736
f 2735 2739 2741
f 2740 2735 2741
f 2737 2740 2742
f 2743 2741 2739
f 2740 2741 2744
f 2744 2742 2740
f 2741 2743 2745
f 2742 2744 2746
f 2744 2741 2745
f 2747 2745 2743
f 2748 2746 2744
f 2744 2745 2748
f 2745 2747 2748
f 2746 2748 2747
f 2699 2698 2697
f 2700 2697 2698
f 2699 2701 2698
f 2697 2702 2699
f 2700 2703 2697
f 2704 2700 2698
f 2705 2698 2701
f 2701 2699 2702
f 2702 2697 2703
f 2703 2700 2706
f 2707 2700 2704
f 2698 2705 2704
f 2705 2702 2701
f 2701 2702 2705
f 2702 2705 2703
f 2703 2705 2702
f 2707 2706 2700
f 2703 2709 2706
f 2706 2709 2703
f 2708 2707 2704
f 2709 2704 2705
f 2703 2705 2709
f 2709 2705 2703
f 2707 2710 2706
f 2706 2709 2712
f 2712 2709 2706
f 2710 2707 2708
f 2704 2709 2708
f 2711 2706 2710
f 2712 2708 2709
f 2706 2712 2711
f 2711 2712 2706
f 2713 2710 2708
f 2710 2714 2711
f 2712 2715 2708
f 2711 2712 2715
f 2715 2712 2711
f 2714 2710 2713
f 2713 2708 2715
f 2716 2711 2714
f 2711 2715 2716
f 2716 2715 2711
f 2717 2714 2713
f 2715 2718 2713
f 2714 2719 2716
f 2716 2715 2718
f 2718 2715 2716
f 2719 2714 2717
f 2717 2713 2718
f 2720 2716 2719
f 2716 2718 2720
f 2720 2718 2716
f 2721 2719 2717
f 2718 2722 2717
f 2719 2723 2720
f 2720 2718 2722
f 2722 2718 2720
f 2723 2719 2721
f 2721 2717 2722
f 2724 2720 2723
f 2720 2722 2726
f 2726 2722 2720
f 2725 2723 2721
f 2722 2726 2721
f 2720 2726 2724
f 2724 2726 2720
f 2723 2727 2724
f 2727 2723 2725
f 2725 2721 2726
f 2724 2726 2730
f 2730 2726 2724
f 2728 2724 2727
f 2729 2727 2725
f 2726 2730 2725
f 2724 2730 2728
f 2728 2730 2724
f 2727 2731 2728
f 2732 2727 2729
f 2729 2725 2730
f 2728 2730 2734
f 2734 2730 2728
f 2733 2728 2731
f 2731 2727 2732
f 2732 2729 2734
f 2730 2734 2729
f 2728 2734 2733
f 2733 2734 2728
f 2731 2735 2733
f 2736 2731 2732
f 2734 2737 2732
f 2733 2734 2737
f 2737 2734 2733
f 2738 2733 2735
f 2735 2731 2736
f 2736 2732 2737
f 2733 2737 2738
f 2738 2737 2733
f 2738 2735 2739
f 2740 2735 2736
f 2736 2737 2740
f 2738 2737 2742
f 2742 2737 2738
f 2741 2739 2735
f 2738 2742 2739
f 2739 2742 2738
f 2741 2735 2740
f 2742 2740 2737
f 2739 2741 2743
f 2739 2742 2746
f 2746 2742 2739
f 2744 2741 2740
f 2740 2742 2744
f 2745 2743 2741
f 2739 2746 2743
f 2743 2746 2739
f 2746 2744 2742
f 2745 2741 2744
f 2743 2745 2747
f 2743 2746 2747
f 2747 2746 2743
f 2744 2746 2748
f 2748 2745 2744
f 2748 2747 2745
f 2747 2748 2746
f 2749 2750 2751
f 2750 2749 2752
f 2753 2752 2749
f 2754 2752 2753
f 2755 2752 2754
f 2752 2755 2756
f 2754 2757 2755
f 2757 2754 2758
f 2759 2757 2758
f 2760 2757 2759
f 2757 2760 2761
f 2751 2750 2749
f 2752 2749 2750
f 2749 2752 2753
f 2753 2752 2754
f 2754 2752 2755
f 2756 2755 2752
f 2755 2757 2754
f 2758 2754 2757
f 2758 2757 2759
f 2759 2757 2760
f 2761 2760 2757
f 2762 2763 2764
f 2763 2762 2765
f 2766 2762 2764
f 2763 2765 2767
f 2766 2768 2762
f 2766 2764 2769
f 2767 2765 2770
f 2771 2768 2766
f 2766 2769 2772
f 2770 2765 2773
f 2771 2774 2768
f 2772 2769 2775
f 2773 2765 2776
f 2777 2774 2771
f 2772 2775 2778
f 2773 2776 2779
f 2774 2777 2780
f 2772 2778 2781
f 2779 2776 2782
f 2781 2778 2783
f 2782 2776 2784
f 2781 2783 2785
f 2784 2776 2786
f 2785 2783 2787
f 2784 2786 2788
f 2785 2787 2789
f 2788 2786 2790
f 2789 2787 2791
f 2790 2786 2792
f 2789 2791 2793
f 2789 2793 2794
f 2764 2763 2762
f 2765 2762 2763
f 2764 2762 2766
f 2767 2765 2763
f 2762 2768 2766
f 2769 2764 2766
f 2770 2765 2767
f 2766 2768 2771
f 2772 2769 2766
f 2773 2765 2770
f 2768 2774 2771
f 2775 2769 2772
f 2776 2765 2773
f 2771 2774 2777
f 2778 2775 2772
f 2779 2776 2773
f 2780 2777 2774
f 2781 2778 2772
f 2782 2776 2779
f 2783 2778 2781
f 2784 2776 2782
f 2785 2783 2781
f 2786 2776 2784
f 2787 2783 2785
f 2788 2786 2784
f 2789 2787 2785
f 2790 2786 2788
f 2791 2787 2789
f 2792 2786 2790
f 2793 2791 2789
f 2794 2793 2789
f 2795 2796 2797
f 2796 2795 2798
f 2799 2797 2796
f 2796 2798 2800
f 2800 2798 2801
f 2801 2798 2802
f 2800 2801 2803
f 2802 2798 2804
f 2805 2803 2801
f 2804 2798 2806
f 2797 2796 2795
f 2798 2795 2796
f 2796 2797 2799
f 2800 2798 2796
f 2801 2798 2800
f 2802 2798 2801
f 2803 2801 2800
f 2804 2798 2802
f 2801 2803 2805
f 2806 2798 2804
f 2807 2808 2809
f 2808 2807 2810
f 2811 2810 2807
f 2812 2810 2811
f 2813 2810 2812
f 2810 2813 2814
f 2812 2815 2813
f 2815 2812 2816
f 2809 2808 2807
f 2810 2807 2808
f 2807 2810 2811
f 2811 2810 2812
f 2812 2810 2813
f 2814 2813 2810
f 2813 2815 2812
f 2816 2812 2815
f 2817 2818 2819
f 2818 2817 2820
f 2819 2818 2817
f 2820 2817 2818
f 2820 2817 2821
f 2821 2817 2820
f 2820 2821 2822
f 2822 2821 2820
f 2822 2821 2823
f 2823 2821 2822
f 2823 2821 2824
f 2824 2821 2823
f 2822 2823 2825
f 2825 2823 2822
f 2824 2821 2826
f 2826 2821 2824
f 2822 2825 2827
f 2827 2825 2822
f 2825 2828 2827
f 2827 2828 2825
f 2828 2825 2829
f 2829 2825 2828
f 2828 2829 2830
f 2830 2829 2828
f 2828 2830 2831
f 2831 2830 2828
f 2831 2830 2832
f 2832 2830 2831
f 2831 2832 2833
f 2833 2832 2831
f 2833 2832 2834
f 2834 2832 2833
f 2833 2834 2835
f 2835 2834 2833
f 2835 2834 2836
f 2836 2834 2835
f 2835 2836 2837
f 2837 2836 2835
f 2837 2836 2838
f 2838 2836 2837
f 2837 2838 2839
f 2839 2838 2837
f 2837 2839 2840
f 2840 2839 2837
f 2840 2839 2841
f 2841 2839 2840
f 2840 2841 2842
f 2842 2841 2840
f 2842 2841 2843
f 2843 2841 2842
f 2842 2843 2844
f 2844 2843 2842
f 2842 2844 2845
f 2845 2844 2842
f 2845 2844 2846
f 2846 2844 2845
f 2845 2846 2847
f 2847 2846 2845
f 2847 2846 2848
f 2848 2846 2847
f 2848 2846 2849
f 2849 2846 2848
f 2848 2849 2850
f 2850 2849 2848
f 2850 2849 2851
f 2851 2849 2850
f 2850 2851 2852
f 2852 2851 2850
f 2852 2851 2853
f 2853 2851 2852
f 2853 2851 2854
f 2854 2851 2853
f 2854 2851 2855
f 2855 2851 2854
f 2854 2855 2856
f 2856 2855 2854
f 2856 2855 2857
f 2857 2855 2856
f 2857 2855 2858
f 2858 2855 2857
f 2857 2858 2859
f 2859 2858 2857
f 2859 2858 2860
f 2860 2858 2859
f 2859 2860 2861
f 2861 2860 2859
f 2862 2861 2860
f 2860 2861 2862
f 2862 2863 2861
f 2861 2863 2862
f 2862 2860 2864
f 2864 2860 2862
f 2863 2862 2865
f 2865 2862 2863
f 2862 2864 2866
f 2866 2864 2862
f 2866 2864 2867
f 2867 2864 2866
f 2866 2867 2868
f 2868 2867 2866
f 2869 2870 2871
f 2870 2869 2872
f 2871 2870 2869
f 2872 2869 2870
f 2871 2870 2873
f 2873 2870 2871
f 2870 2872 2874
f 2874 2872 2870
f 2873 2870 2875
f 2875 2870 2873
f 2874 2872 2876
f 2876 2872 2874
f 2875 2870 2877
f 2877 2870 2875
f 2876 2872 2878
f 2878 2872 2876
f 2877 2870 2879
f 2879 2870 2877
f 2878 2872 2880
f 2880 2872 2878
f 2878 2881 2876
f 2876 2881 2878
f 2882 2879 2870
f 2870 2879 2882
f 2880 2872 2883
f 2883 2872 2880
f 2884 2881 2878
f 2878 2881 2884
f 2879 2882 2885
f 2885 2882 2879
f 2883 2872 2886
f 2886 2872 2883
f 2884 2887 2881
f 2881 2887 2884
f 2885 2882 2888
f 2888 2882 2885
f 2886 2872 2889
f 2889 2872 2886
f 2884 2890 2887
f 2887 2890 2884
f 2885 2888 2891
f 2891 2888 2885
f 2892 2890 2884
f 2884 2890 2892
f 2891 2888 2893
f 2893 2888 2891
f 2894 2890 2892
f 2892 2890 2894
f 2891 2893 2895
f 2895 2893 2891
f 2894 2896 2890
f 2890 2896 2894
f 2891 2895 2897
f 2897 2895 2891
f 2898 2896 2894
f 2894 2896 2898
f 2891 2897 2899
f 2899 2897 2891
f 2898 2900 2896
f 2896 2900 2898
f 2899 2897 2901
f 2901 2897 2899
f 2902 2900 2898
f 2898 2900 2902
f 2901 2897 2903
f 2903 2897 2901
f 2902 2904 2900
f 2900 2904 2902
f 2901 2903 2905
f 2905 2903 2901
f 2906 2904 2902
f 2902 2904 2906
f 2905 2903 2907
f 2907 2903 2905
f 2906 2908 2904
f 2904 2908 2906
f 2905 2907 2906
f 2906 2907 2905
f 2906 2907 2908
f 2908 2907 2906
f 1391 1638 1637
f 1638 1391 1390
f 1637 1638 1391
f 1390 1391 1638
f 1638 2909 1637
f 1637 2909 1638
f 1637 1391 2909
f 1391 2910 1390
f 1390 2910 1391
f 1390 1638 2910
f 2909 1638 2911
f 2911 1638 2909
f 2912 2909 1391
f 2910 1391 2912
f 2912 1391 2910
f 2911 2910 1638
f 2910 2909 2911
f 2911 2909 2910
f 2909 2910 2912
f 2912 2910 2909
f 2909 1391 1637
f 2910 1638 1390
f 1391 2909 2912
f 1638 2910 2911
f 2913 2914 2915
f 2914 2913 2916
f 2915 2914 2913
f 2916 2913 2914
f 2916 2913 2917
f 2917 2913 2916
f 2918 2914 2916
f 2916 2914 2918
f 2919 2917 2913
f 2913 2917 2919
f 2914 2918 2920
f 2920 2918 2914
f 2921 2917 2919
f 2919 2917 2921
f 2917 2921 2922
f 2922 2921 2917
f 2923 2924 2925
f 2924 2923 2926
f 2925 2924 2923
f 2926 2923 2924
f 2924 2926 2927
f 2927 2926 2924
f 2927 2926 2928
f 2928 2926 2927
f 2927 2928 2929
f 2929 2928 2927
f 2929 2928 2930
f 2930 2928 2929
f 2929 2930 2931
f 2931 2930 2929
f 2931 2930 2932
f 2932 2930 2931
f 2931 2932 2933
f 2933 2932 2931
f 2933 2932 2934
f 2934 2932 2933
f 2933 2935 2931
f 2931 2935 2933
f 2934 2932 2936
f 2936 2932 2934
f 2935 2933 2937
f 2937 2933 2935
f 2936 2932 2938
f 2938 2932 2936
f 2935 2937 2939
f 2939 2937 2935
f 2936 2938 2940
f 2940 2938 2936
f 2935 2939 2941
f 2941 2939 2935
f 2940 2938 2942
f 2942 2938 2940
f 2941 2939 2943
f 2943 2939 2941
f 2942 2938 2944
f 2944 2938 2942
f 2941 2943 2945
f 2945 2943 2941
f 2942 2944 2946
f 2946 2944 2942
f 2941 2945 2947
f 2947 2945 2941
f 2946 2944 2948
f 2948 2944 2946
f 2947 2945 2949
f 2949 2945 2947
f 2946 2948 2950
f 2950 2948 2946
f 2947 2949 2951
f 2951 2949 2947
f 2950 2948 2952
f 2952 2948 2950
f 2951 2949 2953
f 2953 2949 2951
f 2950 2952 2954
f 2954 2952 2950
f 2951 2953 2955
f 2955 2953 2951
f 2954 2952 2956
f 2956 2952 2954
f 2955 2953 2957
f 2957 2953 2955
f 2956 2952 2958
f 2958 2952 2956
f 2955 2957 2959
f 2959 2957 2955
f 2956 2958 2960
f 2960 2958 2956
f 2955 2959 2961
f 2961 2959 2955
f 2956 2960 2962
f 2962 2960 2956
f 2961 2959 2963
f 2963 2959 2961
f 2962 2960 2964
f 2964 2960 2962
f 2961 2963 2965
f 2965 2963 2961
f 2962 2964 2966
f 2966 2964 2962
f 2965 2963 2967
f 2967 2963 2965
f 2966 2964 2968
f 2968 2964 2966
f 2967 2963 2969
f 2969 2963 2967
f 2966 2968 2970
f 2970 2968 2966
f 2967 2969 2971
f 2971 2969 2967
f 2970 2968 2972
f 2972 2968 2970
f 2967 2971 2973
f 2973 2971 2967
f 2972 2968 2974
f 2974 2968 2972
f 2973 2971 2975
f 2975 2971 2973
f 2972 2974 2976
f 2976 2974 2972
f 2973 2975 2977
f 2977 2975 2973
f 2976 2974 2978
f 2978 2974 2976
f 2977 2975 2979
f 2979 2975 2977
f 2976 2978 2980
f 2980 2978 2976
f 2977 2979 2981
f 2981 2979 2977
f 2980 2978 2982
f 2982 2978 2980
f 2981 2979 2983
f 2983 2979 2981
f 2982 2978 2984
f 2984 2978 2982
f 2981 2983 2985
f 2985 2983 2981
f 2982 2984 2986
f 2986 2984 2982
f 2981 2985 2987
f 2987 2985 2981
f 2987 2986 2984
f 2984 2986 2987
f 2987 2985 2986
f 2986 2985 2987
f 2987 2984 2988
f 2988 2984 2987
f 2987 2988 2989
f 2989 2988 2987
f 2989 2988 2990
f 2990 2988 2989
f 2989 2990 2991
f 2991 2990 2989
f 2991 2990 2992
f 2992 2990 2991
f 2991 2992 2993
f 2993 2992 2991
f 2993 2992 2994
f 2994 2992 2993
f 2993 2994 2995
f 2995 2994 2993
f 2996 2997 2998
f 2997 2996 2999
f 2998 2997 2996
f 2999 2996 2997
f 2999 2996 3000
f 3000 2996 2999
f 3001 2997 2999
f 2999 2997 3001
f 3002 3000 2996
f 2996 3000 3002
f 2997 3001 3003
f 3003 3001 2997
f 3004 3000 3002
f 3002 3000 3004
f 3000 3004 3005
f 3005 3004 3000
f 3006 3007 3008
f 3007 3006 3009
f 3008 3007 3006
f 3009 3006 3007
f 3007 3009 3010
f 3010 3009 3007
f 3010 3009 3011
f 3011 3009 3010
f 3010 3011 3012
f 3012 3011 3010
f 3012 3011 3013
f 3013 3011 3012
f 3012 3013 3014
f 3014 3013 3012
f 3014 3013 3015
f 3015 3013 3014
f 3014 3015 3016
f 3016 3015 3014
f 3016 3015 3017
f 3017 3015 3016
f 3016 3018 3014
f 3014 3018 3016
f 3017 3015 3019
f 3019 3015 3017
f 3018 3016 3020
f 3020 3016 3018
f 3019 3015 3021
f 3021 3015 3019
f 3018 3020 3022
f 3022 3020 3018
f 3019 3021 3023
f 3023 3021 3019
f 3018 3022 3024
f 3024 3022 3018
f 3023 3021 3025
f 3025 3021 3023
f 3024 3022 3026
f 3026 3022 3024
f 3025 3021 3027
f 3027 3021 3025
f 3024 3026 3028
f 3028 3026 3024
f 3025 3027 3029
f 3029 3027 3025
f 3024 3028 3030
f 3030 3028 3024
f 3029 3027 3031
f 3031 3027 3029
f 3030 3028 3032
f 3032 3028 3030
f 3029 3031 3033
f 3033 3031 3029
f 3030 3032 3034
f 3034 3032 3030
f 3033 3031 3035
f 3035 3031 3033
f 3034 3032 3036
f 3036 3032 3034
f 3033 3035 3037
f 3037 3035 3033
f 3034 3036 3038
f 3038 3036 3034
f 3037 3035 3039
f 3039 3035 3037
f 3038 3036 3040
f 3040 3036 3038
f 3039 3035 3041
f 3041 3035 3039
f 3038 3040 3042
f 3042 3040 3038
f 3039 3041 3043
f 3043 3041 3039
f 3038 3042 3044
f 3044 3042 3038
f 3039 3043 3045
f 3045 3043 3039
f 3044 3042 3046
f 3046 3042 3044
f 3045 3043 3047
f 3047 3043 3045
f 3044 3046 3048
f 3048 3046 3044
f 3045 3047 3049
f 3049 3047 3045
f 3048 3046 3050
f 3050 3046 3048
f 3049 3047 3051
f 3051 3047 3049
f 3050 3046 3052
f 3052 3046 3050
f 3049 3051 3053
f 3053 3051 3049
f 3050 3052 3054
f 3054 3052 3050
f 3053 3051 3055
f 3055 3051 3053
f 3050 3054 3056
f 3056 3054 3050
f 3055 3051 3057
f 3057 3051 3055
f 3056 3054 3058
f 3058 3054 3056
f 3055 3057 3059
f 3059 3057 3055
f 3056 3058 3060
f 3060 3058 3056
f 3059 3057 3061
f 3061 3057 3059
f 3060 3058 3062
f 3062 3058 3060
f 3059 3061 3063
f 3063 3061 3059
f 3060 3062 3064
f 3064 3062 3060
f 3063 3061 3065
f 3065 3061 3063
f 3064 3062 3066
f 3066 3062 3064
f 3065 3061 3067
f 3067 3061 3065
f 3064 3066 3068
f 3068 3066 3064
f 3065 3067 3069
f 3069 3067 3065
f 3064 3068 3070
f 3070 3068 3064
f 3070 3069 3067
f 3067 3069 3070
f 3070 3068 3069
f 3069 3068 3070
f 3070 3067 3071
f 3071 3067 3070
f 3070 3071 3072
f 3072 3071 3070
f 3072 3071 3073
f 3073 3071 3072
f 3072 3073 3074
f 3074 3073 3072
f 3074 3073 3075
f 3075 3073 3074
f 3074 3075 3076
f 3076 3075 3074
f 3076 3075 3077
f 3077 3075 3076
f 3076 3077 3078
f 3078 3077 3076
f 3079 3080 3081
f 3080 3079 3082
f 3081 3080 3079
f 3082 3079 3080
f 3083 3084 3085
f 3086 3084 3083
f 3085 3084 3083
f 3083 3084 3086
f 3087 3084 3086
f 3086 3084 3087
f 3087 3088 3084
f 3084 3088 3087
f 3089 3088 3087
f 3087 3088 3089
f 3090 3088 3089
f 3089 3088 3090
f 3088 3090 3091
f 3091 3090 3088
f 3092 3090 3089
f 3089 3090 3092
f 3093 3094 3095
f 3094 3093 3096
f 3095 3097 3093
f 3096 3093 3098
f 3097 3095 3099
f 3100 3093 3097
f 3093 3100 3098
f 3096 3098 3101
f 748 3099 3102
f 3099 748 3097
f 3097 748 3100
f 3100 3101 3098
f 3096 3101 3103
f 3104 748 3105
f 3100 748 3106
f 3101 3100 3106
f 3106 3103 3101
f 3096 3103 3107
f 3096 3108 3109
f 3110 748 3104
f 3104 3105 3111
f 3106 748 3112
f 3103 3106 3112
f 3112 3107 3103
f 3096 3107 3108
f 3109 3108 3113
f 3114 3105 3115
f 3112 748 3110
f 3108 3110 3104
f 3111 3105 3116
f 3113 3104 3111
f 3107 3112 3110
f 3110 3108 3107
f 3104 3113 3108
f 3109 3113 3117
f 3109 3118 3119
f 3116 3105 3114
f 3114 3115 3120
f 3111 3116 3121
f 3111 3122 3113
f 3117 3113 3122
f 3109 3117 3118
f 3119 3118 3123
f 3121 3116 3124
f 3122 3111 3121
f 3117 3122 3125
f 3126 3124 3116
f 3125 3121 3124
f 3121 3125 3122
f 3117 3125 3127
f 3117 3128 3129
f 3124 3127 3125
f 3117 3127 3128
f 3129 3130 3126
f 3130 3129 3128
f 3127 3124 3131
f 3131 3128 3127
f 3128 3131 3130
f 3095 3094 3093
f 3096 3093 3094
f 3095 3099 3094
f 3093 3097 3095
f 3098 3093 3096
f 3096 3094 748
f 3102 3094 3099
f 3099 3095 3097
f 3097 3093 3100
f 3098 3100 3093
f 3101 3098 3096
f 3102 748 3094
f 748 3105 3096
f 3102 3099 748
f 3097 748 3099
f 3100 748 3097
f 3098 3101 3100
f 3103 3101 3096
f 3109 3096 3105
f 3105 748 3104
f 3106 748 3100
f 3106 3100 3101
f 3101 3103 3106
f 3107 3103 3096
f 3109 3108 3096
f 3105 3115 3109
f 3104 748 3110
f 3111 3105 3104
f 3112 748 3106
f 3112 3106 3103
f 3103 3107 3112
f 3108 3107 3096
f 3113 3108 3109
f 3119 3109 3115
f 3115 3105 3114
f 3110 748 3112
f 3104 3110 3108
f 3116 3105 3111
f 3111 3104 3113
f 3110 3112 3107
f 3107 3108 3110
f 3108 3113 3104
f 3117 3113 3109
f 3119 3118 3109
f 3119 3115 3123
f 3114 3105 3116
f 3120 3115 3114
f 3121 3116 3111
f 3113 3122 3111
f 3122 3113 3117
f 3118 3117 3109
f 3123 3118 3119
f 3120 3123 3115
f 3114 3117 3116
f 3116 3117 3114
f 3123 3114 3120
f 3120 3114 3123
f 3124 3116 3121
f 3121 3111 3122
f 3125 3122 3117
f 3117 3114 3118
f 3118 3114 3117
f 3114 3123 3118
f 3118 3123 3114
f 3129 3116 3117
f 3117 3116 3129
f 3116 3124 3126
f 3124 3121 3125
f 3122 3125 3121
f 3127 3125 3117
f 3116 3129 3126
f 3126 3129 3116
f 3129 3128 3117
f 3125 3127 3124
f 3128 3127 3117
f 3126 3130 3129
f 3128 3129 3130
f 3131 3124 3127
f 3127 3128 3131
f 3130 3131 3128
f 3094 3099 3095
f 3099 3094 3102
f 3109 3115 3105
f 3115 3109 3119
f 3123 3115 3119
f 3115 3123 3120
f 748 3094 3096
f 3094 748 3102
f 3096 3105 748
f 3105 3096 3109
f 3132 3133 3134
f 3133 3132 3135
f 3134 3133 3132
f 3135 3132 3133
f 3136 3137 3138
f 3137 3136 3139
f 3138 3137 3136
f 3139 3136 3137
f 3139 3136 3140
f 3140 3136 3139
f 3140 3136 3141
f 3141 3136 3140
f 3139 3140 3142
f 3142 3140 3139
f 3141 3136 3143
f 3143 3136 3141
f 3142 3140 3144
f 3144 3140 3142
f 3143 3136 3145
f 3145 3136 3143
f 3144 3140 3146
f 3146 3140 3144
f 3145 3136 3147
f 3147 3136 3145
f 3145 3148 3143
f 3143 3148 3145
f 3146 3140 3149
f 3149 3140 3146
f 3147 3136 3150
f 3150 3136 3147
f 3151 3148 3145
f 3145 3148 3151
f 3152 3149 3140
f 3140 3149 3152
f 3150 3136 3153
f 3153 3136 3150
f 3151 3154 3148
f 3148 3154 3151
f 3155 3149 3152
f 3152 3149 3155
f 3151 3156 3154
f 3154 3156 3151
f 3149 3155 3157
f 3157 3155 3149
f 3158 3156 3151
f 3151 3156 3158
f 3157 3155 3159
f 3159 3155 3157
f 3158 3160 3156
f 3156 3160 3158
f 3157 3159 3161
f 3161 3159 3157
f 3158 3162 3160
f 3160 3162 3158
f 3157 3161 3163
f 3163 3161 3157
f 3164 3162 3158
f 3158 3162 3164
f 3157 3163 3165
f 3165 3163 3157
f 3164 3166 3162
f 3162 3166 3164
f 3165 3163 3167
f 3167 3163 3165
f 3165 3166 3164
f 3164 3166 3165
f 3165 3167 3168
f 3168 3167 3165
f 3165 3168 3166
f 3166 3168 3165

