# staged watertight mesh for tactile preprocessing
v 0.0545343645 3.64983439 -2.12017298
v -0.10188812 3.64986467 -2.37304544
v 0.0934587047 3.64983439 -2.1171217
v -0.23090747 3.64983439 -2.09771466
v -0.235469624 3.64986467 -2.30805731
v -0.212437272 3.64983439 -2.09917521
v 0.33855617 3.64983439 -2.09771466
v 0.496781349 3.64986467 -2.51919556
v 0.37651369 3.64983439 -2.08859062
v -0.100679599 3.64983439 -2.10803747
v -0.149302289 3.64986467 -2.27817678
v -0.0844149664 3.64983439 -2.10933661
v -0.131728441 3.64986467 -2.28684783
v 0.0393473208 3.64983439 -2.1189847
v 0.106289133 3.64983439 -2.11615491
v 0.259055853 3.64983439 -2.1040194
v -0.102290958 3.64983439 -2.10791683
v -0.103902318 3.64983439 -2.1077857
v -0.188669771 3.64983439 -2.10105848
v -0.206485316 3.64986467 -2.28241658
v -0.173865438 3.64983439 -2.10223651
v -0.272742301 3.64983439 -2.08769417
v -0.268875062 3.64983439 -2.08859062
v -0.09958186 3.64986467 -2.33430243
v -0.0444633849 3.64983439 -2.112499
v -0.105986997 3.64986467 -2.31572127
v -0.0388337038 3.64983439 -2.11295223
v -0.0547861457 3.64983439 -2.11168337
v -0.0828942508 3.64983439 -2.10944748
v -0.123218454 3.64986467 -2.40534306
v -0.110418238 3.64986467 -2.39061928
v -0.157882765 3.64986467 -2.42270541
v -0.139412597 3.64986467 -2.41626
v -0.177380204 3.64986467 -2.42412543
v -0.78054136 3.64986467 -2.31694007
v -0.370088428 3.64986467 -2.46469116
v -0.239920989 3.64986467 -2.3829453
v -0.228953689 3.64986467 -2.39908886
v -0.196595624 3.64986467 -2.4204998
v -0.246316046 3.64986467 -2.36437416
v -0.214179575 3.64986467 -2.41180849
v -0.247736067 3.64986467 -2.34498763
v 0.060778372 3.64986467 -2.53293228
v -0.244029939 3.64986467 -2.32561111
v -0.0682107657 3.64983439 -2.11061573
v -0.120448925 3.64983439 -2.10647655
v -0.168517724 3.64986467 -2.27454114
v -0.189948782 3.64983439 -2.10095763
v -0.222669393 3.64986467 -2.2933135
v -0.202356219 3.64983439 -2.09997058
v -0.266427785 3.64983439 -2.08918452
v -0.116934165 3.64986467 -2.29956746
v 0.379867345 3.64983439 -2.08782506
v 0.482379854 3.64983439 -2.06325197
v -0.0668612421 3.64983439 -2.11072659
v -0.188015148 3.64986467 -2.27596116
v -0.172405124 3.64983439 -2.10234737
v -0.137599811 3.64983439 -2.10511684
v -0.154760763 3.64983439 -2.10374737
v -0.098171927 3.64986467 -2.35388041
v -0.508685291 3.64983439 -2.03114581
v -0.504807949 3.64983439 -2.03204179
v 0.0155999465 3.64983439 -2.1171217
v 0.00399817713 3.64983439 -2.11634636
v -0.398599356 3.64983439 -2.05751157
v -0.156301633 3.64983439 -2.10362649
v -0.556623101 3.64983439 -2.01130581
v -0.544759512 3.64983439 -2.0162003
v -0.655731678 3.64983439 -1.97025669
v 0.480274975 4.31717777 -1.99643111
v 0.499148011 3.76716137 -2.59388208
v 0.501121938 3.89154816 -2.65605021
v -0.149302289 3.8517375 -2.27817678
v -0.168517724 3.8517375 -2.27454114
v 0.0560651459 3.76716137 -2.60781002
v 0.481755435 4.41046572 -2.04305983
v 0.502662778 4.02169561 -2.70530725
v -0.805859745 3.76716137 -2.38738656
v -0.388770074 3.76716137 -2.53757477
v -0.188015148 3.8517375 -2.27596116
v -0.131728441 3.8517375 -2.28684783
v 0.0521576107 3.89154816 -2.67039108
v 0.482913584 4.50807333 -2.07999992
v 0.503790796 4.1562438 -2.74084759
v -0.826958477 3.89154816 -2.44592905
v -0.404309601 3.89154816 -2.59812188
v -0.206485316 3.8517375 -2.28241658
v -0.116934165 3.8517375 -2.29956746
v -0.222669393 3.8517375 -2.2933135
v -0.235469624 3.8517375 -2.30805731
v -0.110418238 3.8517375 -2.39061928
v -0.239920989 3.8517375 -2.3829453
v -0.228953689 3.8517375 -2.39908886
v -0.10188812 3.8517375 -2.37304544
v -0.157882765 3.8517375 -2.42270541
v -0.196595624 3.8517375 -2.4204998
v -0.177380204 3.8517375 -2.42412543
v -0.246316046 3.8517375 -2.36437416
v -0.105986997 3.8517375 -2.31572127
v -0.244029939 3.8517375 -2.32561111
v -0.09958186 3.8517375 -2.33430243
v -0.123218454 3.8517375 -2.40534306
v -0.214179575 3.8517375 -2.41180849
v -0.139412597 3.8517375 -2.41626
v -0.098171927 3.8517375 -2.35388041
v -0.247736067 3.8517375 -2.34498763
v 0.049055744 4.02169561 -2.71964812
v 0.483759582 4.60898495 -2.10664773
v 0.50446552 4.2937026 -2.76222873
v -0.476196259 5.61047363 -1.47145092
v -0.519531667 5.55848694 -1.59185946
v -0.479580104 5.58964682 -1.48093772
v -0.84361589 4.02169561 -2.49215484
v -0.416576058 4.02169561 -2.64595914
v 0.0468199924 4.1562438 -2.75516868
v 0.484273195 4.71208143 -2.12269068
v 0.504687071 4.43264151 -2.76930833
v -0.480496585 5.58415794 -1.48342526
v -0.483447373 5.5663023 -1.49152243
v -0.479972869 5.58733034 -1.48198521
v -0.57223314 5.49323702 -1.7382009
v -0.168537885 5.61703968 -1.56506073
v -0.311384678 5.60899305 -1.53465629
v -0.345051974 5.60707951 -1.52754629
v -0.855630517 4.1562438 -2.52566123
v -0.425448626 4.1562438 -2.68048215
v 0.0454704762 4.2937026 -2.77677107
v 0.484434336 4.81628561 -2.12799835
v 0.50446552 4.57158136 -2.76222873
v -0.484202713 5.56170988 -1.49360704
v -0.486972213 5.54485083 -1.50127113
v -0.62470299 5.42630529 -1.88394833
v -0.177642033 5.55848694 -1.71478593
v -0.140409619 5.61913443 -1.56968331
v -0.147278026 5.61822748 -1.56958246
v -0.862891734 4.2937026 -2.54584336
v -0.430806369 4.2937026 -2.70127892
v 0.464695185 5.64428186 -1.50294292
v 0.464735478 5.64221716 -1.50411117
v 0.464745551 5.64296246 -1.50370836
v 0.467515111 5.62204504 -1.59247386
v 0.464785844 5.64218664 -1.50414133
v 0.444946051 5.65728283 -1.50364769
v 0.336682975 5.64592361 -1.53590512
v 0.46181494 5.66055632 -1.4947753
v 0.464403182 5.66106987 -1.49341559
v 0.0450273529 4.43264151 -2.78383064
v 0.0454704762 4.57158136 -2.77677107
v 0.484273195 4.92049026 -2.12269068
v 0.503790796 4.70904016 -2.74084759
v -0.488039762 5.53830433 -1.50424194
v -0.490225166 5.5248394 -1.51036513
v -0.676900864 5.35767126 -2.02909136
v -0.21650596 5.49323702 -1.86619318
v 0.119109489 5.62204504 -1.60357213
v -0.0680899099 5.62202454 -1.57394326
v -0.124618329 5.61975861 -1.57063997
v 0.0538193211 5.62671804 -1.58118439
v 0.121063255 5.6343317 -1.5722512
v -0.865318894 4.43264151 -2.55250025
v -0.432588965 4.43264151 -2.70833874
v 0.472459942 5.55848694 -1.74870503
v 0.249921471 5.63722181 -1.56080067
v 0.25347653 5.6373024 -1.56048834
v 0.284797281 5.6404953 -1.55136418
v 0.0468199924 4.70904016 -2.75516868
v 0.483759582 5.02358723 -2.10664773
v 0.502662778 4.84355783 -2.70530725
v -0.491544485 5.51659155 -1.51413167
v -0.493296832 5.50590611 -1.51898599
v -0.728836894 5.28736591 -2.17341852
v -0.255178541 5.42630529 -2.01696587
v 0.109280214 5.55848694 -1.7602061
v -0.862891734 4.57158136 -2.54584336
v 0.47736451 5.49323702 -1.90434194
v -0.430806369 4.57158136 -2.70127892
v -0.425448626 4.70904016 -2.68048215
v 0.049055744 4.84355783 -2.71964812
v 0.482913584 5.12447786 -2.07999992
v 0.501121938 4.97371531 -2.65605021
v -0.78054136 5.21539879 -2.31694007
v -0.584439158 5.40335369 -1.77212
v -0.293659747 5.35767126 -2.16695285
v 0.0994912162 5.49323702 -1.91624582
v -0.855630517 4.70904016 -2.52566123
v 0.465752631 5.57855844 -1.53705323
v 0.465903729 5.57006884 -1.54142404
v 0.465853363 5.57314014 -1.53984296
v 0.482259005 5.42630529 -2.05916309
v 0.465933919 5.57001829 -1.54143417
v -0.416576058 4.84355783 -2.64595914
v 0.0521576107 4.97371531 -2.67039108
v 0.481755435 5.22208595 -2.04305983
v 0.499148011 5.09810209 -2.59388208
v -0.805859745 5.09810209 -2.38738656
v -0.603433073 5.31538391 -1.8249625
v -0.331979811 5.28736591 -2.31612396
v 0.0897425115 5.42630529 -2.07148004
v -0.84361589 4.84355783 -2.49215484
v 0.487123311 5.35767126 -2.21317863
v -0.404309601 4.97371531 -2.59812188
v 0.0560651459 5.09810209 -2.60781002
v 0.480274975 5.31538391 -1.99643111
v 0.496781349 5.21539879 -2.51919556
v 0.479096711 5.3740263 -1.95908785
v -0.608710229 5.28428459 -1.83959556
v -0.619254589 5.22208595 -1.86886203
v -0.512925148 5.37945509 -1.57349014
v -0.513740897 5.37396669 -1.57572579
v -0.511394382 5.38976765 -1.56929052
v -0.388770074 5.09810209 -2.53757477
v -0.370088428 5.21539879 -2.46469116
v 0.0800340846 5.35767126 -2.22609973
v -0.826958477 4.97371531 -2.44592905
v 0.478502512 5.40335369 -1.9404161
v 0.491957396 5.28736591 -2.36660004
v 0.060778372 5.21539879 -2.53293228
v 0.0703760162 5.28736591 -2.37991381
v -0.653898776 3.73143983 -1.96517074
v -0.653777897 3.73642492 -1.9648484
v -0.651753664 3.82651973 -1.95922875
v -0.647382796 3.94217491 -1.94706309
v -0.644019067 4.0310812 -1.93773735
v -0.642629266 4.05722618 -1.93386996
v -0.639608026 4.11405659 -1.92547083
v 0.47893557 4.43887568 -1.95346808
v 0.478945643 4.43645906 -1.95396149
v 0.478552878 4.48165703 -1.94268227
v 0.481261969 4.37936687 -2.02752018
v -0.633142471 4.23528099 -1.90758467
v -0.635478973 4.19216728 -1.91392958
v -0.633041739 4.23661995 -1.9073329
v -0.631148398 4.26432562 -1.90205586
v -0.621580958 4.40464449 -1.87535763
v -0.625075579 4.35402775 -1.88495541
v -0.621450007 4.40666914 -1.87497509
v 0.477797568 4.58262873 -1.91720271
v 0.482530922 4.47553396 -2.06768322
v 0.477495402 4.61962986 -1.90787685
v 0.477908313 4.56788492 -1.92091882
v 0.478482395 4.49919081 -1.93824089
v 0.478482395 4.49917078 -1.93825102
v 0.483477592 4.57534742 -2.09776521
v -0.63175267 4.50807333 -1.90353632
v -0.627593338 4.47553396 -1.89197469
v 0.484102011 4.6777091 -2.11734319
v 0.475390553 4.84383011 -1.8416903
v 0.475420833 4.84139252 -1.84241557
v 0.475118667 4.86760712 -1.83346236
v -0.640766144 4.60898495 -1.92866349
v -0.637754977 4.57534742 -1.92028427
v 0.473920256 4.97853899 -1.79504156
v 0.474172056 4.95725918 -1.80240345
v 0.484383941 4.78155136 -2.12622595
v -0.646214604 4.71208143 -1.94380009
v -0.644391716 4.6777091 -1.93875444
v 0.484323561 4.88575554 -2.12446356
v -0.64802736 4.81628561 -1.94879532
v -0.647423089 4.78155136 -1.94712341
v 0.483930796 4.98922491 -2.11199546
v -0.646214604 4.92049026 -1.94380009
v -0.646818876 4.88575554 -1.94546175
v 0.483195633 5.09084082 -2.08888268
v -0.640766144 5.02358723 -1.92866349
v -0.642578959 4.98922491 -1.93370903
v 0.4821482 5.1895566 -2.05537653
v -0.63175267 5.12447786 -1.90353632
v -0.634753823 5.09084082 -1.91190529
v -0.623423934 5.1895566 -1.88042343
v 0.469297677 5.34495211 -1.64874041
v 0.469468832 5.33392429 -1.65361488
v 0.468824297 5.38016987 -1.63322103
v 0.468713522 5.38849878 -1.62948477
v 0.468703479 5.3898983 -1.62887037
v 0.480768532 5.28428459 -2.01197076
v 0.468683302 5.39065409 -1.62853813
v 0.468703479 5.38990879 -1.62886024
v 0.46858263 5.39655542 -1.62592971
v 0.468562454 5.39772367 -1.62540603
v 0.468421489 5.40969801 -1.62010872
v -0.590773821 5.3740263 -1.78973413
v -0.49492833 5.49617767 -1.52338696
v 0.48164472 3.93675709 -2.03880978
v 0.482037455 3.82651973 -2.05134821
v 0.481302261 4.0310812 -2.02804375
v 0.480718166 4.14583063 -2.0097146
v 0.480305225 4.22885561 -1.99643111
v 0.482218713 3.74081588 -2.05707836
v 0.482238829 3.72894239 -2.0578742
v 0.482238829 3.72754216 -2.05798483
v 0.482309341 3.67381334 -2.06163049
v 0.466215938 5.54979563 -1.55188775
v 0.46634686 5.54223204 -1.55578518
v 0.466074914 5.55990648 -1.54666102
v 0.466578484 5.53080177 -1.56166673
v 0.465611666 5.58928442 -1.53150415
v 0.465611666 5.5897274 -1.53127241
v 0.465551257 5.59181166 -1.53020501
v 0.465611666 5.58950567 -1.53139341
v 0.465178609 5.61553907 -1.51795852
v 0.465470701 5.59850931 -1.52674055
v -0.637815356 4.14797544 -1.92045534
v 0.480274975 4.23528099 -1.99540365
v 0.479831904 4.3020916 -1.98164678
v 0.479741246 4.31628132 -1.97872615
v 0.479610354 4.33747101 -1.97436535
v 0.479479432 4.35619259 -1.97050822
v -0.620523512 4.42031479 -1.87237668
v 0.478502512 4.49593782 -1.93906653
v 0.464765728 5.6404953 -1.50508809
v 0.465128243 5.62010098 -1.51562214
v 0.465128243 5.62009096 -1.51562214
v 0.465128243 5.61939573 -1.51598477
v 0.477314144 4.64179564 -1.90228748
v 0.477253735 4.64766693 -1.90052521
v -0.60918355 4.55937481 -1.84081423
v -0.609989285 4.54965639 -1.84308004
v -0.613786042 4.50457859 -1.85355389
v -0.619254589 4.43887568 -1.86884165
v 0.475964636 4.7810874 -1.86049283
v 0.476286918 4.74878979 -1.87018132
v 0.475954592 4.78566027 -1.85913324
v -0.596181929 4.70295668 -1.80476022
v -0.598125637 4.68343925 -1.81013799
v 0.476850897 4.68823338 -1.88834918
v 0.476589024 4.71750927 -1.87955725
v -0.602043271 4.6441021 -1.82098436
v -0.602274895 4.64179564 -1.82161891
v 0.47465542 4.9111948 -1.81835592
v 0.475138813 4.86944056 -1.83282793
v 0.47484675 4.89592743 -1.82365322
v -0.583170235 4.83386946 -1.76855481
v -0.585738361 4.80808783 -1.77570534
v -0.588991225 4.77504539 -1.78486991
v -0.590018511 4.7647624 -1.78771985
v 0.473718822 4.99608278 -1.7889688
v 0.473416686 5.0251379 -1.77890778
v -0.569302499 4.95532608 -1.73006356
v -0.572877705 4.92439795 -1.73997343
v -0.576191008 4.89565516 -1.74918842
v -0.582183301 4.84383011 -1.7658056
v 0.47213769 5.13018799 -1.73832166
v 0.472731829 5.08078957 -1.75785959
v -0.559009969 5.044806 -1.70144188
v -0.560530663 5.03164339 -1.70565164
v -0.556331038 5.0652504 -1.6939894
v 0.473185062 5.044806 -1.7720896
v 0.472963452 5.06286383 -1.76494944
v -0.563340485 5.00717115 -1.71346664
v -0.567630768 4.96988773 -1.72539067
v 0.471070141 5.21340513 -1.70542991
v 0.471553564 5.17593098 -1.72024453
v 0.470959365 5.22475433 -1.70096862
v -0.543007135 5.16669559 -1.65703893
v -0.547559261 5.1320715 -1.66964781
v 0.471734822 5.1611867 -1.72607541
v -0.55038923 5.1105094 -1.67751312
v 0.469770998 5.3116169 -1.66348445
v 0.470425636 5.26346731 -1.68478453
v -0.532795191 5.24466515 -1.62858844
v -0.535433829 5.2244525 -1.63597047
v -0.530780971 5.25839138 -1.62296879
v 0.470687449 5.24466515 -1.69310319
v 0.470606834 5.25067711 -1.69044435
v -0.537901163 5.20550919 -1.64288914
v -0.541949749 5.17475271 -1.65409815
v -0.518323183 5.34277678 -1.58848572
v -0.523096859 5.31051874 -1.60165858
v -0.525654912 5.29326773 -1.60870826
v 0.46807906 5.43409061 -1.60930252
v 0.468290567 5.41963816 -1.6156975
v 0.467938066 5.44332504 -1.60520375
v 0.467646003 5.46079826 -1.59660304
v -0.507134318 5.4187417 -1.55745697
v 0.466860473 5.51229143 -1.57122397
v 0.467233062 5.4887352 -1.58283591
v 0.466659069 5.52543402 -1.5644362
v -0.496277779 5.48782873 -1.52718365
v -0.500386775 5.46258068 -1.53866458
v 0.46735397 5.47927856 -1.58749878
v 0.467424452 5.47377014 -1.59022808
v 0.467414379 5.47423315 -1.59000635
v 0.467444569 5.47249031 -1.59086239
v 0.467253238 5.48759699 -1.58338988
v -0.503538966 5.44332504 -1.54741633
v -0.502854168 5.44751501 -1.5455128
v 0.605618477 4.03111172 -1.9982034
v 0.61267817 3.82650971 -2.01999712
v 0.595718682 4.23528099 -1.9677186
v 0.864493012 4.03111172 -1.89100802
v 0.342715532 3.62161541 -2.09861112
v 0.338878453 3.62161541 -2.09953761
v 0.849940479 4.23528099 -1.86235595
v 0.874866068 3.82650971 -1.91140163
v 0.0546753556 3.62161541 -2.12207651
v 0.582978845 4.4388957 -1.92856264
v 0.831238687 4.4388957 -1.82560706
v 1.10339689 4.03111172 -1.74447513
v 0.616897941 3.62161541 -2.03291821
v 1.08456421 4.23528099 -1.71862316
v 1.06034338 4.4388957 -1.68531823
v 1.11682141 3.82650971 -1.76303613
v 0.625579119 3.62161541 -2.02933288
v -0.231219649 3.62161541 -2.09953761
v 0.0412205234 3.62161541 -2.12115002
v 0.567429304 4.64177608 -1.88071549
v 0.808377564 4.64177608 -1.7808013
v 1.03074479 4.64177608 -1.64454091
v 1.3164686 4.03111172 -1.56259322
v 0.881059825 3.62161541 -1.92351699
v 1.29379892 4.23528099 -1.53997386
v 1.26467347 4.4388957 -1.5107075
v 1.22906244 4.64177608 -1.47518718
v 1.33262241 3.82650971 -1.57873702
v 1.11124206 3.62161541 -1.7824831
v -0.509239197 3.62161541 -2.03291821
v -0.50474751 3.62161541 -2.03399587
v -0.756844342 4.03111172 -1.89100802
v -0.742271602 4.23528099 -1.86235595
v -0.723579824 4.4388957 -1.82560706
v 0.549049735 4.84380007 -1.82399571
v 0.781387269 4.84380007 -1.72791839
v 0.995798409 4.84380007 -1.59650218
v 1.18702626 4.84380007 -1.43320131
v 1.51693153 3.82650971 -1.36295617
v 1.12485814 3.62161541 -1.77414429
v 1.49843097 4.03111172 -1.34942091
v 1.47251844 4.23528099 -1.33065856
v 1.43917334 4.4388957 -1.30643785
v -0.767207384 3.82650971 -1.91140163
v -0.70071876 4.64177608 -1.7808013
v 1.39843619 4.64177608 -1.27675867
v 1.52796912 3.62161541 -1.37103307
v 1.13458669 3.62161541 -1.76583576
v -0.773411095 3.62161541 -1.92351699
v -0.523026347 3.62161541 -2.02720785
v -0.995758235 4.03111172 -1.74447513
v -0.976915359 4.23528099 -1.71862316
v -0.952694714 4.4388957 -1.68531823
v -0.923086047 4.64177608 -1.64454091
v -0.673728526 4.84380007 -1.72791839
v 0.527890623 5.04481649 -1.75899756
v 0.750277996 5.04481649 -1.66675746
v 0.955524623 5.04481649 -1.54099095
v 1.13857484 5.04481649 -1.38474989
v 1.35033727 4.84380007 -1.24184251
v 1.66520667 3.82650971 -1.12093031
v 1.34228063 3.62161541 -1.58842528
v 1.34452617 3.62161541 -1.5857867
v 1.53375006 3.62161541 -1.36159658
v 1.644853 4.03111172 -1.11062777
v 1.61629176 4.23528099 -1.09608519
v 1.5795728 4.4388957 -1.07732308
v -1.0091728 3.82650971 -1.76303613
v -0.888149679 4.84380007 -1.59650218
v 1.53470671 4.64177608 -1.05450225
v 1.6773622 3.62161541 -1.12718451
v -1.00572848 3.62161541 -1.78116393
v -1.01718926 3.62161541 -1.77414429
v -1.20881987 4.03111172 -1.56259322
v -1.18615007 4.23528099 -1.53997386
v -1.15701473 4.4388957 -1.5107075
v -1.12141383 4.64177608 -1.47518718
v -1.07935739 4.84380007 -1.43320131
v -0.642629266 5.04481649 -1.66675746
v -0.847875953 5.04481649 -1.54099095
v 0.503921688 5.24469519 -1.68511677
v 0.715079963 5.24469519 -1.59771085
v 0.909953475 5.24469519 -1.47821867
v 1.08374834 5.24469519 -1.32985294
v 1.29491663 5.04481649 -1.20166945
v 1.48174357 4.84380007 -1.02746165
v 1.77381206 3.82650971 -0.858712256
v 1.78065014 3.62161541 -0.877756476
v 1.75206876 4.03111172 -0.85164243
v 1.66404843 4.30941296 -0.941656888
v 1.72083855 4.23527098 -0.843635917
v 1.66475344 4.31679535 -0.936067462
v 1.67667723 4.44673109 -0.83779484
v 1.67631471 4.43892574 -0.843696415
v -1.22496367 3.82650971 -1.57873702
v -1.03092611 5.04481649 -1.38474989
v -0.60742116 5.24469519 -1.59771085
v 1.63451028 4.64177608 -0.81349355
v 1.7867732 3.62161541 -0.862952173
v 1.72181559 4.23391104 -0.841833353
v 1.67730188 4.46045828 -0.827411652
v -1.23461163 3.62161541 -1.58842528
v -1.23140907 3.62161541 -1.59116471
v -1.39079261 4.03111172 -1.34942091
v -1.36487985 4.23528099 -1.33065856
v -1.33152485 4.4388957 -1.30643785
v -1.29078758 4.64177608 -1.27675867
v -1.24268866 4.84380007 -1.24184251
v -1.18725789 5.04481649 -1.20166945
v -0.802314818 5.24469519 -1.47821867
v -0.97609967 5.24469519 -1.32985294
v 0.477183253 5.44330502 -1.60295773
v 0.675813198 5.44330502 -1.52060735
v 0.859115064 5.44330502 -1.40837634
v 1.02259731 5.44330502 -1.2686919
v 1.23219454 5.24469519 -1.15604794
v 1.42069328 5.04481649 -0.996372461
v 1.5779717 4.84380007 -0.795134127
v 1.84004879 3.82650971 -0.582767367
v 1.7898953 3.62161541 -0.849950492
v 1.74528098 4.18486547 -0.776976228
v 1.81747985 4.03111172 -0.579333186
v 1.67424023 4.50262499 -0.795516789
v 1.66869092 4.579144 -0.737638891
v -1.40928268 3.82650971 -1.36295617
v -1.1245358 5.24469519 -1.15604794
v -0.568164468 5.44330502 -1.52060735
v -0.751466393 5.44330502 -1.40837634
v 1.65594137 4.70965385 -0.638933241
v 1.66410875 4.64180565 -0.690244853
v 1.85352373 3.62161541 -0.584993005
v 1.77568519 4.12130737 -0.692943871
v 1.80696583 4.05590677 -0.6064744
v 1.80696583 4.09888935 -0.577671409
v -1.41144812 3.62161541 -1.38139617
v -1.42030048 3.62161541 -1.37103307
v -1.53718436 4.03111172 -1.11062777
v -1.50863302 4.23528099 -1.09608519
v -1.47191405 4.4388957 -1.07732308
v -1.42706823 4.64177608 -1.05450225
v -1.37407458 4.84380007 -1.02746165
v -1.31303442 5.04481649 -0.996372461
v -1.24396753 5.24469519 -0.961254895
v -0.914948642 5.44330502 -1.2686919
v -1.05455267 5.44330502 -1.10517931
v 0.467454672 5.47383022 -1.59018767
v 0.63250792 5.64048481 -1.43561828
v 0.803049922 5.64048481 -1.33106136
v 0.955152035 5.64048481 -1.20126665
v 1.16221142 5.44330502 -1.10517931
v 1.35160613 5.24469519 -0.961254895
v 1.51280224 5.04481649 -0.773934782
v 1.65560877 4.71238375 -0.636868656
v 1.69189477 4.65378046 -0.559392571
v 1.63667548 4.84380007 -0.550681233
v 1.86231589 3.82650971 -0.29996413
v 1.85378551 3.62161541 -0.581699848
v 1.80696583 4.11623192 -0.543067575
v 1.83946478 4.03111172 -0.29996413
v 1.80696583 4.15477371 -0.466145396
v 1.80696583 4.23527098 -0.305986583
v 1.80696583 4.23682165 -0.301998466
v 1.80742884 4.23528099 -0.29996413
v -1.52394092 3.79198623 -1.18019819
v -1.55754781 3.82650971 -1.12093031
v -1.52774763 3.78197622 -1.17525327
v -1.50586331 3.7492857 -1.21515453
v -1.1668843 5.44330502 -0.92189759
v 0.25322476 5.64048481 -1.5589577
v -0.145565957 5.64048481 -1.5589577
v -0.340056777 5.64048481 -1.51212752
v -0.52485925 5.64048481 -1.43561828
v -0.695411325 5.64048481 -1.33106136
v -0.847483158 5.64048481 -1.20126665
v 1.71585345 4.64177608 -0.29996413
v 1.69666839 4.64180565 -0.543550968
v 1.8759619 3.62161541 -0.29996413
v 1.80696583 4.23761702 -0.299954087
v 1.76156557 4.45756769 -0.299954087
v -1.56970334 3.62161541 -1.12718451
v -1.56186831 3.69226336 -1.13100135
v -1.55995464 3.62159538 -1.14312685
v -1.55601716 3.70753098 -1.13859487
v -1.52840221 3.78023338 -1.17441738
v -1.49481559 3.62159538 -1.24948645
v -1.4866178 3.66573668 -1.25725126
v -1.42834723 3.62161541 -1.3579005
v -1.48177361 3.69226336 -1.26176298
v -1.49978065 3.73483348 -1.2269274
v -1.64441991 4.03111172 -0.85164243
v -1.6136533 4.23456573 -0.842699349
v -1.61313951 4.23527098 -0.843635917
v -1.56617856 4.41255045 -0.863647044
v -1.56868625 4.43892574 -0.843696415
v -1.52687144 4.64177608 -0.81349355
v -1.47032297 4.84380007 -0.795134127
v -1.40516388 5.04481649 -0.773934782
v -1.331424 5.24469519 -0.750116825
v -1.24916434 5.44330502 -0.723267615
v -0.977388799 5.64048481 -1.0490638
v -1.0819155 5.64048481 -0.878693044
v 0.0538293906 5.64048481 -1.57449722
v 0.415518612 5.83608341 -1.41301906
v 0.585204542 5.83608341 -1.34276378
v 0.741788208 5.83608341 -1.24687803
v 0.881452501 5.83608341 -1.1275872
v 1.08505762 5.64048481 -1.0490638
v 1.27455306 5.44330502 -0.92189759
v 1.43907249 5.24469519 -0.750116825
v 1.56900859 5.04481649 -0.539975762
v 1.65641475 4.84380007 -0.29996413
v 1.84004879 3.82650971 -0.0169595014
v 1.85401738 3.62161541 -0.021128878
v 1.85352373 3.62161541 -0.0149352355
v 1.81747985 4.03111172 -0.0205951184
v 1.80696583 4.23527098 -0.293931633
v 1.76425433 4.43892574 -0.275310367
v 1.76283443 4.44875526 -0.288301945
v 1.74511969 4.4388957 -0.0321062617
v -1.66614306 3.82650971 -0.858712256
v -1.61412656 4.23390102 -0.841833353
v -1.55638957 4.30941296 -0.941656888
v -1.56966317 4.46045828 -0.827411652
v -1.1584549 5.64048481 -0.69378984
v 0.0538293906 5.83608341 -1.47033298
v -0.129281193 5.83608341 -1.45600188
v -0.307849735 5.83608341 -1.41301906
v -0.477545828 5.83608341 -1.34276378
v -0.634149551 5.83608341 -1.24687803
v -0.773793757 5.83608341 -1.1275872
v -0.893084586 5.83608341 -0.987892747
v 0.23691982 5.83608341 -1.45600188
v 1.6953994 4.64177608 -0.0399716944
v 1.80696583 4.16132975 -0.146633446
v 1.80696583 4.09888935 -0.0222467631
v 1.78280544 4.25043774 -0.0260938834
v -1.67565036 3.62161541 -0.871351421
v -1.67912471 3.62161541 -0.862952173
v -1.70982099 4.03111172 -0.579333186
v -1.66158092 4.13478231 -0.710779607
v -1.56303644 4.5513382 -0.758667111
v -1.55644989 4.64180565 -0.690244853
v -1.52902675 4.84380007 -0.550681233
v -1.46135962 5.04481649 -0.539975762
v -1.38478017 5.24469519 -0.527860343
v -1.29934788 5.44330502 -0.514335036
v -1.20514393 5.64048481 -0.499399751
v -0.989050984 5.83608341 -0.831248641
v -1.05931616 5.83608341 -0.661693633
v 0.39407748 5.95516253 -1.34721518
v 0.553712606 5.95516253 -1.28099859
v 0.70103097 5.95516253 -1.19076264
v 0.832406878 5.95516253 -1.07854164
v 1.00073326 5.83608341 -0.987892747
v 1.1895541 5.64048481 -0.878693044
v 1.35681295 5.44330502 -0.723267615
v 1.4924289 5.24469519 -0.527860343
v 1.58790171 5.04481649 -0.29996413
v 1.63667548 4.84380007 -0.0492571369
v 1.80696583 3.90033984 0.0855530128
v 1.80696583 3.82648945 0.120781302
v 1.80696583 3.98188496 0.0466689691
v 1.80696583 4.0310812 0.0232035667
v 1.72159386 4.23528099 0.24203591
v 1.78114355 4.23527098 -0.00605263282
v 1.68240798 4.4388957 0.229306221
v -1.68207526 3.63312674 -0.847130656
v -1.67918503 3.66201019 -0.851038098
v -1.67615354 3.69226336 -0.85513705
v -1.68650651 3.81860423 -0.776261151
v -1.68705046 3.82531118 -0.772091806
v -1.6910485 3.82583475 -0.755273223
v -1.69145167 3.82589507 -0.753581285
v -1.73238993 3.82650971 -0.582767367
v -1.69815874 3.82531118 -0.725765228
v -1.71583343 3.76288104 -0.669700027
v -1.70918643 4.03532171 -0.579242527
v -1.6803329 4.09559631 -0.658954382
v -1.58426619 4.65378046 -0.559392571
v -1.54798031 4.71238375 -0.636868656
v -1.10221851 5.83608341 -0.483054578
v 0.226073399 5.95516253 -1.38737833
v -0.118414611 5.95516253 -1.38737833
v -0.286418706 5.95516253 -1.34721518
v -0.446053833 5.95516253 -1.28099859
v -0.593372166 5.95516253 -1.19076264
v -0.724768221 5.95516253 -1.07854164
v -0.836948872 5.95516253 -0.947115421
v -0.927245259 5.95516253 -0.799766839
v 1.63451028 4.64177608 0.213766694
v 1.80696583 3.78936768 0.131355852
v 1.80696583 3.69925284 0.157026798
v 1.75065887 4.04049826 0.251482517
v -1.74432421 3.62161541 -0.591438472
v -1.74587524 3.62161541 -0.584993005
v -1.71613538 4.0310812 -0.499309093
v -1.71613538 4.00397062 -0.537790358
v -1.73180592 4.03111172 -0.29996413
v -1.71028411 4.0310812 -0.573643029
v -1.7097404 4.03320646 -0.576452851
v -1.58903992 4.64180565 -0.543550968
v -1.62151873 4.54961634 -0.421671957
v -1.60821486 4.64177608 -0.29996413
v -1.58653188 4.64807987 -0.551859498
v -1.54874563 4.84380007 -0.29996413
v -1.48023272 5.04481649 -0.29996413
v -1.40270638 5.24469519 -0.29996413
v -1.31621683 5.44330502 -0.29996413
v -1.22082448 5.64048481 -0.29996413
v -1.11659992 5.83608341 -0.29996413
v -0.993361354 5.95516253 -0.640101433
v -1.03368556 5.95516253 -0.472157776
v 0.0538293906 5.95516253 -1.4009037
v 0.387762964 5.9797864 -1.32762718
v 0.544427156 5.9797864 -1.26282036
v 0.689016283 5.9797864 -1.1742059
v 0.817955077 5.9797864 -1.06399918
v 0.944617748 5.95516253 -0.947115421
v 1.0966996 5.83608341 -0.831248641
v 1.26610363 5.64048481 -0.69378984
v 1.40699673 5.44330502 -0.514335036
v 1.51036513 5.24469519 -0.29996413
v 1.56900859 5.04481649 -0.0599525236
v 1.5779717 4.84380007 0.195195794
v 1.644853 4.03111172 0.510689437
v 1.74709368 4.0310812 0.263920158
v 1.61629176 4.23528099 0.496167064
v 1.5795728 4.4388957 0.4773947
v -1.74774837 3.66579723 -0.523459375
v -1.74498892 3.69226336 -0.536148787
v -1.7535795 3.80064774 -0.33587724
v -1.75465703 3.82650971 -0.29996413
v -1.71613538 4.13091564 -0.299954087
v -1.71613538 4.0635705 -0.434441954
v -1.65392709 4.45756769 -0.299954087
v -1.04725111 5.95516253 -0.29996413
v 0.222880885 5.9797864 -1.36719608
v -0.11523217 5.9797864 -1.36719608
v -0.28010419 5.9797864 -1.32762718
v -0.436768383 5.9797864 -1.26282036
v -0.581347406 5.9797864 -1.1742059
v -0.710306287 5.9797864 -1.06399918
v -0.820442498 5.9797864 -0.93521142
v -0.909036994 5.9797864 -0.790491462
v -0.973924339 5.9797864 -0.633847415
v 1.53470671 4.64177608 0.454583973
v 1.71222794 3.94949675 0.371860951
v 1.66417933 3.83694363 0.520639539
v -1.75515032 3.81960106 -0.300034612
v -1.75516057 3.81947994 -0.299974203
v -1.71613538 4.00235939 -0.0597913861
v -1.71613538 4.0310812 -0.100609079
v -1.71613538 4.09078217 -0.219748795
v -1.66183281 4.38587236 -0.205165982
v -1.63748109 4.4388957 -0.0321062617
v -1.65661609 4.43892574 -0.275310367
v -1.66567993 4.34670591 -0.153381005
v -1.65525651 4.44839287 -0.287828594
v -1.58774054 4.64177608 -0.0399716944
v -1.52902675 4.84380007 -0.0492571369
v -1.46135962 5.04481649 -0.0599525236
v -1.38478017 5.24469519 -0.0720578432
v -1.29934788 5.44330502 -0.085593231
v -1.20514393 5.64048481 -0.100528508
v -1.10221851 5.83608341 -0.11688377
v -1.03368556 5.95516253 -0.127780572
v -1.01352334 5.9797864 -0.468914896
v -1.02682722 5.9797864 -0.29996413
v 0.0538293906 5.9797864 -1.38050985
v 0.378487587 6.00072384 -1.29916656
v 0.530791044 6.00072384 -1.23599136
v 0.671351731 6.00072384 -1.14979374
v 0.928091288 5.9797864 -0.93521142
v 1.03488386 5.95516253 -0.799766839
v 1.16698492 5.83608341 -0.661693633
v 1.31280267 5.64048481 -0.499399751
v 1.42387569 5.44330502 -0.29996413
v 1.4924289 5.24469519 -0.0720578432
v 1.51280224 5.04481649 0.174197793
v 1.48174357 4.84380007 0.427533269
v 1.65707922 3.82648945 0.534466982
v 1.65917408 3.8295815 0.530378163
v 1.51693153 3.82650971 0.763027966
v 1.55196846 3.65738773 0.727447093
v 1.52796912 3.62161541 0.771104813
v 1.55196846 3.65539384 0.727608323
v 1.52962077 3.62161541 0.768405795
v 1.49843097 4.03111172 0.74969393
v 1.47251844 4.23528099 0.730730295
v 1.43917334 4.4388957 0.706499457
v -1.74866474 3.73681784 -0.148144096
v -1.74847341 3.73456144 -0.143914282
v -1.73238993 3.82650971 -0.0169595014
v -1.71613538 3.97400975 -0.0195578206
v -1.67517686 4.25042772 -0.0260938834
v -1.01352334 5.9797864 -0.130811945
v 0.218187809 6.00072384 -1.33750689
v -0.110518947 6.00072384 -1.33750689
v -0.27081877 6.00072384 -1.29916656
v -0.423122197 6.00072384 -1.23599136
v -0.563703001 6.00072384 -1.14979374
v -0.689046443 6.00072384 -1.04280972
v -0.88223809 6.00072384 -0.776956022
v -0.945352972 6.00072384 -0.624561965
v -0.983824134 6.00072384 -0.464272231
v 0.796695173 6.00072384 -1.04280972
v 1.39843619 4.64177608 0.677021742
v 1.55196846 3.68300819 0.724184155
v -1.74682188 3.62161541 -0.0269196965
v -1.74519038 3.69226336 -0.065914534
v -1.7525624 3.62159538 -0.0994811133
v -1.71613538 3.86431599 0.0327710137
v -1.65862012 4.14018059 0.119693629
v -1.61394525 4.23528099 0.24203591
v -1.67350519 4.23527098 -0.00605263282
v -1.67434108 4.24287462 -0.0161034688
v -1.57474911 4.4388957 0.229306221
v -1.52687144 4.64177608 0.213766694
v -1.47032297 4.84380007 0.195195794
v -1.40516388 5.04481649 0.174197793
v -1.331424 5.24469519 0.150178492
v -1.24916434 5.44330502 0.123540781
v -1.1584549 5.64048481 0.0938716531
v -1.05931616 5.83608341 0.0617653802
v -0.993361354 5.95516253 0.0403745919
v -0.973924339 5.9797864 0.0339090265
v -0.996765196 6.00072384 -0.29996413
v -0.983824134 6.00072384 -0.135656089
v 0.0538293906 6.00072384 -1.35043812
v -0.79612118 6.00072384 -0.917446196
v 0.212245911 6.01664639 -1.30016363
v 0.366795212 6.01664639 -1.26303196
v 0.513609946 6.01664639 -1.20227373
v 0.649104893 6.01664639 -1.11930895
v 0.903769851 6.00072384 -0.917446196
v 1.01669574 5.9797864 -0.790491462
v 1.10101008 5.95516253 -0.640101433
v 1.20985723 5.83608341 -0.483054578
v 1.32849336 5.64048481 -0.29996413
v 1.40699673 5.44330502 -0.085593231
v 1.43907249 5.24469519 0.150178492
v 1.42069328 5.04481649 0.396454334
v 1.35033727 4.84380007 0.642115772
v 1.33262241 3.82650971 0.97880882
v 1.3164686 4.03111172 0.962654829
v 1.29379892 4.23528099 0.940055668
v 1.26467347 4.4388957 0.910980701
v -1.71614552 3.76057482 0.0694898218
v -1.72160387 3.7412591 0.0521374941
v -1.71613538 3.82648945 0.0508081242
v -1.73585451 3.64728665 0.0194370337
v -1.73584437 3.64851546 0.0191348884
v -1.74587524 3.62161541 -0.0149352355
v -1.73541141 3.69226336 0.00847979821
v -1.71613538 3.82895708 0.0496298335
v -1.64302003 4.04048777 0.251482517
v -0.945352972 6.00072384 0.0246235803
v 0.0538293906 6.01664639 -1.31269205
v -0.104607284 6.01664639 -1.30016363
v -0.259126365 6.01664639 -1.26303196
v -0.405961245 6.01664639 -1.20227373
v -0.541446149 6.01664639 -1.11930895
v -0.662308037 6.01664639 -1.01595056
v -0.765515387 6.01664639 -0.895249784
v -0.848540545 6.01664639 -0.759805143
v -0.909359217 6.01664639 -0.612839282
v -0.946460783 6.01664639 -0.458420932
v 0.769956768 6.01664639 -1.01595056
v 1.22906244 4.64177608 0.875248849
v 1.34228063 3.62161541 0.988507152
v -1.74499881 3.62161541 -0.011309674
v -1.73582423 3.64547348 0.0202225707
v -1.73585451 3.64678288 0.0195880979
v -1.60296774 3.94577026 0.376775563
v -1.53718436 4.03111172 0.510689437
v -1.63946521 4.0310812 0.263910085
v -1.59812379 3.93440008 0.391741097
v -1.6412679 4.03584528 0.257625788
v -1.50863302 4.23528099 0.496167064
v -1.47191405 4.4388957 0.4773947
v -1.42706823 4.64177608 0.454583973
v -1.37407458 4.84380007 0.427533269
v -1.31303442 5.04481649 0.396454334
v -1.24396753 5.24469519 0.361316651
v -1.1668843 5.44330502 0.321959257
v -1.0819155 5.64048481 0.278764784
v -0.989050984 5.83608341 0.231521845
v -0.927245259 5.95516253 0.200029865
v -0.909036994 5.9797864 0.190754488
v -0.88223809 6.00072384 0.177027732
v -0.958928585 6.01664639 -0.29996413
v -0.909359217 6.01664639 0.0131225297
v 0.205478221 6.0266161 -1.25737202
v 0.0538293906 6.0266161 -1.26928592
v 0.35341087 6.0266161 -1.22185171
v 0.49395141 6.0266161 -1.16372192
v 0.623655558 6.0266161 -1.08418143
v 0.873164177 6.01664639 -0.895249784
v 0.989906967 6.00072384 -0.776956022
v 1.08158314 5.9797864 -0.633847415
v 1.14134431 5.95516253 -0.472157776
v 1.22426879 5.83608341 -0.29996413
v 1.31280267 5.64048481 -0.100528508
v 1.35681295 5.44330502 0.123540781
v 1.35160613 5.24469519 0.361316651
v 1.29491663 5.04481649 0.601741195
v 1.18702626 4.84380007 0.83326292
v 1.11682141 3.82650971 1.16310775
v 1.12485814 3.62161541 1.1742059
v 1.33168602 3.62161541 0.997550845
v 1.10339689 4.03111172 1.14472806
v 1.08456421 4.23528099 1.1187048
v 1.06034338 4.4388957 1.08538997
v -1.59264517 3.92158961 0.408690512
v -1.57929099 3.89031935 0.45004195
v -1.58374238 3.90067244 0.436365515
v -1.57929099 3.89030933 0.450142652
v -1.55649042 3.83692288 0.520639539
v -0.848540545 6.01664639 0.15986678
v -0.946460783 6.01664639 -0.141507328
v -0.0978295133 6.0266161 -1.25737202
v -0.245742008 6.0266161 -1.22185171
v -0.38630271 6.0266161 -1.16372192
v -0.516006887 6.0266161 -1.08418143
v -0.631672025 6.0266161 -0.985475659
v -0.730478466 6.0266161 -0.869820476
v -0.809958696 6.0266161 -0.740005612
v -0.868178964 6.0266161 -0.599515378
v -0.903689265 6.0266161 -0.451562643
v 0.739330888 6.0266161 -0.985475659
v 1.03074479 4.64177608 1.04461253
v -1.55309653 3.83192825 0.527256131
v -1.39079261 4.03111172 0.74969393
v -1.36487985 4.23528099 0.730730295
v -1.33152485 4.4388957 0.706499457
v -1.29078758 4.64177608 0.677021742
v -1.24268866 4.84380007 0.642115772
v -1.18725789 5.04481649 0.601741195
v -1.1245358 5.24469519 0.556109488
v -1.05455267 5.44330502 0.505452514
v -0.977388799 5.64048481 0.449337006
v -0.893084586 5.83608341 0.387974501
v -0.836948872 5.95516253 0.347197115
v -0.820442498 5.9797864 0.335293233
v -0.79612118 6.00072384 0.31752798
v -0.765515387 6.01664639 0.295321465
v -0.915613353 6.0266161 -0.29996413
v -0.868178964 6.0266161 -0.000402804784
v -0.809958696 6.0266161 0.140087381
v 0.198257342 6.02999973 -1.21196198
v 0.0538293906 6.02999973 -1.22327173
v 0.339150339 6.02999973 -1.17804289
v 0.473013818 6.02999973 -1.12254179
v 0.596544504 6.02999973 -1.04683828
v 0.838127196 6.0266161 -0.869820476
v 0.956189275 6.01664639 -0.759805143
v 1.05299151 6.00072384 -0.624561965
v 1.12116206 5.9797864 -0.468914896
v 1.15490985 5.95516253 -0.29996413
v 1.20985723 5.83608341 -0.11688377
v 1.26610363 5.64048481 0.0938716531
v 1.27455306 5.44330502 0.321959257
v 1.23219454 5.24469519 0.556109488
v 1.13857484 5.04481649 0.78482157
v 0.995798409 4.84380007 0.996563852
v 0.874866068 3.82650971 1.31146336
v 0.881059825 3.62161541 1.32358885
v 0.890939355 3.62161541 1.31753612
v 0.864493012 4.03111172 1.29108965
v 0.849940479 4.23528099 1.26262915
v 0.831238687 4.4388957 1.22588027
v -1.48162258 3.73406839 0.656658232
v -1.40928268 3.82650971 0.763027966
v -1.54939032 3.82648945 0.534446836
v -0.730478466 6.0266161 0.269882172
v -0.903689265 6.0266161 -0.148375735
v -0.0906186923 6.02999973 -1.21196198
v -0.231501654 6.02999973 -1.17804289
v -0.365344971 6.02999973 -1.12254179
v -0.488885731 6.02999973 -1.04683828
v -0.599062264 6.02999973 -0.95277518
v -0.693175554 6.02999973 -0.842568576
v -0.768858969 6.02999973 -0.719027698
v -0.824319839 6.02999973 -0.585184395
v -0.85812819 6.02999973 -0.444291413
v 0.706710994 6.02999973 -0.95277518
v 0.808377564 4.64177608 1.1808629
v -1.48094785 3.73313141 0.657907009
v -1.20881987 4.03111172 0.962654829
v -1.18615007 4.23528099 0.940055668
v -1.15701473 4.4388957 0.910980701
v -1.12141383 4.64177608 0.875248849
v -1.07935739 4.84380007 0.83326292
v -1.03092611 5.04481649 0.78482157
v -0.97609967 5.24469519 0.729924619
v -0.914948642 5.44330502 0.668753445
v -0.847483158 5.64048481 0.601338327
v -0.773793757 5.83608341 0.527648985
v -0.724768221 5.95516253 0.478603303
v -0.710306287 5.9797864 0.46427229
v -0.689046443 6.00072384 0.442871392
v -0.662308037 6.01664639 0.416233659
v -0.631672025 6.0266161 0.385547429
v -0.869498312 6.02999973 -0.29996413
v -0.824319839 6.02999973 -0.0145323938
v -0.768858969 6.02999973 0.119300865
v -0.693175554 6.02999973 0.242841601
v 0.0538293906 6.02999973 -0.29996413
v 0.965786934 6.02999973 -0.444291413
v 0.0481392927 6.02999973 -0.372122705
v 0.931958497 6.02999973 -0.0145323938
v 0.0707385764 6.02999973 -0.0849889815
v 0.0538193211 6.02999973 -0.0145323938
v 0.0538293906 6.02999973 -0.155435488
v 0.965786934 6.02999973 -0.155435488
v -0.365344971 6.02999973 0.52281487
v 0.339150339 6.02999973 0.578124702
v 0.473013818 6.02999973 0.52281487
v 0.800814211 6.02999973 -0.842568576
v 0.931958497 6.02999973 -0.585184395
v 0.0538293906 6.02999973 -0.444291413
v -0.488885731 6.02999973 0.447111309
v 0.596544504 6.02999973 0.447111309
v 0.977146983 6.02999973 -0.29996413
v 0.0538193211 6.02999973 -0.585184395
v 0.0369101427 6.02999973 -0.514737904
v -0.0906186923 6.02999973 0.612033725
v 0.0538293906 6.02999973 0.623333275
v 0.198257342 6.02999973 0.612033725
v -0.231501654 6.02999973 0.578124702
v 0.800814211 6.02999973 0.242841601
v 0.876517773 6.02999973 0.119300865
v 0.706710994 6.02999973 0.353048325
v -0.85812819 6.02999973 -0.155435488
v -0.599062264 6.02999973 0.353048325
v 0.0595094264 6.02999973 -0.22769478
v 0.876517773 6.02999973 -0.719027698
v 0.917607367 6.0266161 -0.740005612
v 1.01700795 6.01664639 -0.612839282
v 1.09147286 6.00072384 -0.464272231
v 1.13447595 5.9797864 -0.29996413
v 1.14134431 5.95516253 -0.127780572
v 1.16698492 5.83608341 0.0617653802
v 1.1895541 5.64048481 0.278764784
v 1.16221142 5.44330502 0.505452514
v 1.08374834 5.24469519 0.729924619
v 0.955524623 5.04481649 0.941062748
v 0.781387269 4.84380007 1.12799013
v 0.61267817 3.82650971 1.42007887
v 0.616897941 3.62161541 1.43298984
v 0.622426927 3.62161541 1.43070388
v 0.605618477 4.03111172 1.39827526
v 0.595718682 4.23528099 1.36780047
v 0.582978845 4.4388957 1.32863426
v -1.42030048 3.62161541 0.771104813
v -1.22496367 3.82650971 0.97880882
v 0.567429304 4.64177608 1.28079724
v -1.41216302 3.62161541 0.780632019
v -1.0091728 3.82650971 1.16310775
v -0.995758235 4.03111172 1.14472806
v -0.976915359 4.23528099 1.1187048
v -0.952694714 4.4388957 1.08538997
v -0.923086047 4.64177608 1.04461253
v -0.888149679 4.84380007 0.996563852
v -0.847875953 5.04481649 0.941062748
v -0.802314818 5.24469519 0.8784917
v -0.751466393 5.44330502 0.808448076
v -0.695411325 5.64048481 0.731334507
v -0.634149551 5.83608341 0.646949828
v -0.593372166 5.95516253 0.590844333
v -0.563703001 6.00072384 0.550067008
v -0.541446149 6.01664639 0.519380689
v -0.516006887 6.0266161 0.484454483
v 0.975827754 6.0266161 -0.599515378
v 1.05411959 6.01664639 -0.458420932
v 1.10441399 6.00072384 -0.29996413
v 1.12116206 5.9797864 -0.130811945
v 1.10101008 5.95516253 0.0403745919
v 1.0966996 5.83608341 0.231521845
v 1.08505762 5.64048481 0.449337006
v 1.02259731 5.44330502 0.668753445
v 0.909953475 5.24469519 0.8784917
v 0.750277996 5.04481649 1.06702042
v 0.549049735 4.84380007 1.22426879
v 0.336733341 3.82650971 1.48628545
v 0.338878453 3.62161541 1.49981081
v 0.341768831 3.62161541 1.49911582
v 0.333158135 4.03111172 1.46367621
v 0.328162938 4.23528099 1.43197262
v 0.321697384 4.4388957 1.39140677
v -1.23461163 3.62161541 0.988507152
v -1.02698827 3.62161541 1.16584706
v -1.01718926 3.62161541 1.1742059
v -0.581347406 5.9797864 0.574287653
v 1.011338 6.0266161 -0.451562643
v 1.02328229 6.0266161 -0.29996413
v 0.313831896 4.64177608 1.34155536
v -0.767207384 3.82650971 1.31146336
v -1.01407731 3.62161541 1.17611945
v -0.756844342 4.03111172 1.29108965
v -0.742271602 4.23528099 1.26262915
v -0.723579824 4.4388957 1.22588027
v -0.70071876 4.64177608 1.1808629
v -0.673728526 4.84380007 1.12799013
v -0.642629266 5.04481649 1.06702042
v -0.60742116 5.24469519 0.997792542
v -0.568164468 5.44330502 0.920880437
v -0.52485925 5.64048481 0.835891485
v -0.477545828 5.83608341 0.742835641
v -0.446053833 5.95516253 0.681070328
v -0.436768383 5.9797864 0.662902236
v -0.405961245 6.01664639 0.602335393
v -0.38630271 6.0266161 0.563783646
v 1.011338 6.0266161 -0.148375735
v 0.975827754 6.0266161 -0.000402804784
v 0.917607367 6.0266161 0.140087381
v 0.838127196 6.0266161 0.269882172
v 1.06658733 6.01664639 -0.29996413
v 1.09147286 6.00072384 -0.135656089
v 1.08158314 5.9797864 0.0339090265
v 1.03488386 5.95516253 0.200029865
v 1.00073326 5.83608341 0.387974501
v 0.955152035 5.64048481 0.601338327
v 0.859115064 5.44330502 0.808448076
v 0.715079963 5.24469519 0.997792542
v 0.527890623 5.04481649 1.15907931
v 0.304516256 4.84380007 1.28301287
v 0.0538293906 4.03111172 1.48568118
v 0.0538293906 3.62161541 1.5222187
v 0.0572132431 3.62161541 1.52194691
v 0.0538293906 4.23528099 1.45358503
v 0.0538293906 4.4388957 1.41240478
v -0.773411095 3.62161541 1.32358885
v -0.423122197 6.00072384 0.636052966
v 0.739330888 6.0266161 0.385547429
v 1.05411959 6.01664639 -0.141507328
v 0.0538293906 4.84380007 1.30259085
v 0.0538293906 3.82650971 1.50848186
v 0.0538293906 4.64177608 1.36214066
v -0.505039573 3.82650971 1.42007887
v -0.765434861 3.62161541 1.32689202
v -0.497959644 4.03111172 1.39827526
v -0.488049835 4.23528099 1.36780047
v -0.475320071 4.4388957 1.32863426
v -0.459770501 4.64177608 1.28079724
v -0.441380888 4.84380007 1.22426879
v -0.420231849 5.04481649 1.15907931
v -0.396272957 5.24469519 1.08538997
v -0.369544595 5.44330502 1.00302958
v -0.340056777 5.64048481 0.912400723
v -0.307849735 5.83608341 0.813282073
v -0.286418706 5.95516253 0.747276902
v -0.28010419 5.9797864 0.72791034
v -0.259126365 6.01664639 0.663305104
v -0.245742008 6.0266161 0.622124791
v 0.623655558 6.0266161 0.484454483
v 1.01700795 6.01664639 0.0131225297
v 0.956189275 6.01664639 0.15986678
v 0.873164177 6.01664639 0.295321465
v 1.05299151 6.00072384 0.0246235803
v 1.01669574 5.9797864 0.190754488
v 0.944617748 5.95516253 0.347197115
v 0.881452501 5.83608341 0.527648985
v 0.803049922 5.64048481 0.731334507
v 0.675813198 5.44330502 0.920880437
v 0.503921688 5.24469519 1.08538997
v 0.293800712 5.04481649 1.21518469
v 0.0538293906 5.04481649 1.23416853
v -0.225509405 4.03111172 1.46367621
v -0.220494062 4.23528099 1.43197262
v -0.229084626 3.82650971 1.48628545
v -0.214058697 4.4388957 1.39140677
v -0.206163064 4.64177608 1.34155536
v -0.509239197 3.62161541 1.43298984
v -0.27081877 6.00072384 0.69923836
v 1.28993154 3.62159538 0.916016221
v 1.35949171 3.62159538 0.825407565
v 1.35178745 3.62161541 0.977368653
v 0.822990477 3.62159538 -1.86845911
v 0.877595365 3.62161541 -1.92495728
v 1.20084357 3.62159538 1.00149858
v 1.07589293 3.62159538 1.09738457
v 1.06318343 3.62159538 1.10713315
v -0.729028225 3.62159538 1.30686092
v -0.735866427 3.62159538 1.3040309
v 0.564297199 3.62159538 1.37507164
v 0.633434474 3.62159538 1.34642982
v 1.74779868 3.62159538 -0.537266672
v -1.02177143 3.62161541 -1.77022672
v -1.01253641 3.62159538 -1.74654973
v 1.74804032 3.62159538 -0.535443842
v 1.15329862 3.62159538 -1.63850844
v -1.41071284 3.62159538 0.758647084
v -1.42213333 3.62161541 0.768113792
v -1.4126265 3.62159538 0.756149411
v 1.40102458 3.62159538 0.77131635
v 1.4628402 3.62159538 0.690748513
v 1.2828213 3.62159538 0.925271392
v 1.46393788 3.62159538 0.689318419
v 1.47899401 3.62159538 0.669700146
v 1.55196846 3.62158561 0.73187834
v 1.25792599 3.62159538 0.957689881
v 0.825316966 3.62159538 -1.86750221
v 0.889458954 3.62159538 -1.84093523
v -0.23566097 3.62161541 -2.09847021
v -0.242015734 3.62159538 -2.04735994
v -0.973511398 3.62159538 -1.77650082
v -0.981981158 3.62159538 -1.76999509
v -1.3908025 3.62159538 -1.38507211
v -1.39822495 3.62159538 -1.37539399
v 1.41059208 3.62159538 -1.35915947
v 1.41308951 3.62159538 -1.35590661
v 1.52371919 3.62161541 -1.37600827
v 0.56001699 3.62159538 1.37684405
v 3.02108274e-05 3.62159538 1.47877252
v -0.231219649 3.62161541 1.49981081
v -0.224230394 3.62159538 1.44923437
v 1.7490375 3.62159538 -0.0728131607
v 1.75015509 3.62159538 -0.0813231468
v 1.74367964 3.62159538 -0.0321465358
v 1.80696583 3.62158561 -0.0321767554
v 0.655620873 3.62159538 -1.93775749
v 0.677515149 3.62159538 -1.92869353
v 1.77032757 3.62159538 -0.366180837
v 1.76968277 3.62159538 -0.371014923
v 1.87535763 3.62161541 -0.307567716
v 1.77101243 3.62159538 -0.360974163
v -0.512975514 3.62161541 1.43143904
v -0.509793043 3.62159538 1.39767098
v -0.499732167 3.62159538 1.40184033
v -0.497637361 3.62161541 1.43577957
v 0.0415125787 3.62161541 1.52125192
v 0.00128908362 3.62159538 1.47860134
v 1.68644619 3.62159538 -0.837754607
v 1.78646111 3.62161541 -0.863717496
v -1.02353394 3.62159538 1.13759792
v 1.07400966 3.62159538 -1.69935727
v 1.07589293 3.62159538 -1.69790697
v -1.39842629 3.62159538 0.774659932
v -1.39761055 3.62159538 0.775717378
v 1.77900863 3.62159538 -0.300205827
v 1.87538803 3.62161541 -0.29266268
v 1.12375033 3.62161541 1.17489064
v 0.916751444 3.62159538 1.21947491
v 1.06255901 3.62159538 1.10761666
v 0.835972011 3.62159538 1.2625587
v 0.889458954 3.62159538 1.24041259
v -1.74199772 3.62159538 -0.581135929
v -1.74657989 3.62161541 -0.576080203
v 1.69061542 3.62159538 -0.827693641
v 1.71835101 3.62159538 -0.760691345
v 1.72407126 3.62159538 -0.717295527
v 0.347126573 3.62159538 1.43304026
v 0.460404962 3.62159538 1.41811514
v 0.610764742 3.62161541 1.43447018
v 0.555807352 3.62159538 1.37859643
v 0.825165868 3.62159538 1.26704037
v 0.827542603 3.62159538 1.26605332
v 1.74832225 3.62159538 -0.533248365
v -1.42672586 3.62159538 -1.33825219
v 1.41774225 3.62159538 -1.34984374
v 1.50390971 3.62159538 -1.23761272
v 0.0123873036 3.62159538 1.47714114
v 0.0716651008 3.62159538 1.46933591
v -1.57110322 3.62161541 -1.12381065
v -1.56747758 3.62159538 -1.12496889
v -1.56884742 3.62159538 -1.12167561
v 1.54065871 3.62159538 0.589343786
v 1.55196846 3.62159538 0.562011182
v 0.272530824 3.62159538 1.44286942
v 0.278946042 3.62159538 1.44202352
v 0.281242222 3.62159538 1.44172144
v -1.02067375 3.62159538 1.1397934
v -1.74127257 3.62159538 -0.586634636
v 0.141527504 3.62159538 -2.06060314
v 0.0695401207 3.62161541 -2.12089825
v -1.7404772 3.62159538 -0.592727542
v 1.06580186 3.62159538 -1.70565164
v -0.777016521 3.62161541 1.32137322
v -0.768949628 3.62159538 1.29033446
v -0.512945294 3.62159538 1.39637184
v 1.80696583 3.62158561 0.0077949753
v 1.85147929 3.62161541 -0.00640510861
v 1.80696583 3.62158561 0.0143914595
v 1.80696583 3.62158561 0.131567344
v -1.74135339 3.62159538 -0.0142806154
v -1.74095047 3.62159538 -0.0112492526
v 1.80696583 3.62158561 0.00266885152
v 1.80696583 3.62158561 0.179122508
v -1.67213535 3.62159538 -0.872368574
v -1.67557967 3.62159538 -0.864059925
v -1.74174595 3.62159538 -0.0172616299
v -1.74208844 3.62159538 -0.0198700204
v 0.0716348886 3.62159538 -2.06980824
v -1.74357879 3.62159538 -0.0311797317
v -1.74831223 3.62159538 -0.0672237724
v 1.75187731 3.62159538 -0.0943348482
v 0.877947867 3.62161541 1.32487786
v 0.677515149 3.62159538 1.32817101
v 0.541627467 3.62159538 -1.98499036
v 0.608126163 3.62161541 -2.03502297
v -1.39164865 3.62159538 0.783482134
v -1.25792599 3.62159538 0.957689881
v -1.22741091 3.62159538 0.981114924
v -0.245691672 3.62159538 -2.04687667
v 0.227473244 3.62159538 1.44880128
v 0.329673529 3.62161541 1.50053596
v 0.977006018 3.62159538 -1.77377176
v 1.25792599 3.62159538 -1.55821252
v 1.29736388 3.62159538 -1.5067898
v -0.53361094 3.62159538 -1.98833394
v 1.68207526 3.62159538 -0.848318994
v 1.63140833 3.62159538 -0.970691502
v -1.67916489 3.62159538 -0.85538882
v -1.68332422 3.62159538 -0.84534812
v -1.68060493 3.62161541 -0.856768489
v 3.02108274e-05 3.62159538 -2.0792346
v 0.000292056007 3.62159538 -2.07920432
v 0.546914697 3.62159538 -1.98279488
v 0.553007662 3.62159538 -1.98027718
v -0.460445255 3.62159538 1.41811514
v -0.232951865 3.62159538 1.44808626
v 1.54065871 3.62159538 -1.18975544
v 1.6759522 3.62161541 -1.12947059
v 1.76999521 3.62159538 -0.231813818
v -0.464010358 3.62159538 1.41664469
v 0.00969835278 3.62159538 1.47749352
v -1.74088991 3.62159538 -0.0107859876
v -1.03216481 3.62159538 1.13097131
v -1.73603582 3.62159538 0.0261241607
v -0.993623197 3.62159538 1.16053963
v -0.88950938 3.62159538 1.24041259
v -0.677565575 3.62159538 1.32817101
v 1.68669796 3.62159538 -0.837140203
v -1.63059258 3.62159538 -0.97263515
v -0.772283137 3.62159538 1.28895462
v -1.07594335 3.62159538 1.09738457
v 0.984337687 3.62159538 -1.7681421
v -1.67696941 3.62159538 -0.860696316
v -1.45558918 3.62159538 0.700164914
v -1.46113825 3.62158561 0.70446521
v -1.46108782 3.62159538 0.693004429
v 0.0582908355 3.62159538 -2.07156062
v 1.2988646 3.62159538 -1.50483632
v 1.57687402 3.62159538 -1.10231924
v 1.62846756 3.62159538 -0.977801621
v -0.537991822 3.62159538 -1.98652101
v -0.761406422 3.62159538 -1.89397883
v -0.88950938 3.62159538 -1.84093523
v -0.774065733 3.62161541 -1.9231143
v -1.74309552 3.62159538 -0.572807133
v -1.73619699 3.62159538 -0.625276983
v -0.460445255 3.62159538 -2.01863766
v -0.484726399 3.62159538 -2.00858688
v -0.677565575 3.62159538 -1.92869353
v -0.760812283 3.62159538 -1.89423084
v 0.352635413 3.62159538 -2.03281736
v -1.40095413 3.62159538 -1.37183881
v -1.4084065 3.62159538 -1.3621304
v -1.4189105 3.62159538 -1.34843385
v 0.0100206248 3.62159538 -2.07792521
v -1.07594335 3.62159538 -1.69790697
v -1.22140861 3.62159538 -1.58624005
v 1.57635033 3.62159538 -1.1035881
v 1.20844722 3.62159538 0.995667577
v 1.39756012 3.62159538 -1.37612903
v -0.549613774 3.62159538 -1.98169708
v 0.349946439 3.62159538 -2.03316998
v 0.232961953 3.62159538 -2.04855847
v 0.460404962 3.62159538 -2.01863766
v -1.01679647 3.62159538 -1.74328685
v -1.22465146 3.62159538 -1.58376253
v -1.25792599 3.62159538 -1.55821252
v -1.74902737 3.62159538 -0.527648926
v -1.75232053 3.62159538 -0.502632558
v -0.232951865 3.62159538 -2.04855847
v 0.769956768 6.01664639 0.416233659
v -0.196877614 4.84380007 1.28301287
v -0.186162099 5.04481649 1.21518469
v -0.174026549 5.24469519 1.13868558
v -0.160511315 5.44330502 1.05329382
v -0.145565957 5.64048481 0.959029317
v -0.129281193 5.83608341 0.85608381
v -0.118414611 5.95516253 0.787651479
v -0.11523217 5.9797864 0.767459095
v -0.104607284 6.01664639 0.700446904
v -0.0978295133 6.0266161 0.657655239
v 0.49395141 6.0266161 0.563783646
v 0.649104893 6.01664639 0.519380689
v 0.989906967 6.00072384 0.177027732
v 0.903769851 6.00072384 0.31752798
v 0.928091288 5.9797864 0.335293233
v 0.832406878 5.95516253 0.478603303
v 0.741788208 5.83608341 0.646949828
v 0.63250792 5.64048481 0.835891485
v 0.477183253 5.44330502 1.00302958
v 0.281685323 5.24469519 1.13868558
v 0.0538293906 5.24469519 1.1566422
v -0.110518947 6.00072384 0.737790048
v 0.35341087 6.0266161 0.622124791
v 0.796695173 6.00072384 0.442871392
v 0.0538293906 5.44330502 1.07004178
v 0.0538293906 5.64048481 0.974770248
v 0.0538293906 5.83608341 0.870414793
v 0.0538293906 5.95516253 0.801176786
v 0.0538293906 5.9797864 0.780782998
v 0.0538293906 6.01664639 0.712753594
v 0.0538293906 6.0266161 0.669559181
v 0.513609946 6.01664639 0.602335393
v 0.671351731 6.00072384 0.550067008
v 0.817955077 5.9797864 0.46427229
v 0.70103097 5.95516253 0.590844333
v 0.585204542 5.83608341 0.742835641
v 0.447725624 5.64048481 0.912400723
v 0.268149942 5.44330502 1.05329382
v 0.0538293906 6.00072384 0.750711083
v 0.205478221 6.0266161 0.657655239
v 0.366795212 6.01664639 0.663305104
v 0.25322476 5.64048481 0.959029317
v 0.23691982 5.83608341 0.85608381
v 0.222880885 5.9797864 0.767459095
v 0.218187809 6.00072384 0.737790048
v 0.212245911 6.01664639 0.700446904
v 0.530791044 6.00072384 0.636052966
v 0.689016283 5.9797864 0.574287653
v 0.553712606 5.95516253 0.681070328
v 0.415518612 5.83608341 0.813282073
v 0.226073399 5.95516253 0.787651479
v 0.378487587 6.00072384 0.69923836
v 0.544427156 5.9797864 0.662902236
v 0.39407748 5.95516253 0.747276902
v 0.387762964 5.9797864 0.72791034
v 1.80696583 3.66725731 0.166120887
v -1.71607506 3.76199532 -0.669005156
v -1.68253875 3.62934017 -0.846435666
v -1.73558259 3.69226336 -0.60767287
v -1.72579348 3.72746181 -0.638369203
v -1.74813092 3.66191959 -0.521737218
v -1.75376081 3.8029232 -0.331697792
v -1.75511026 3.81997347 -0.300205827
v -1.75161576 3.62838316 -0.505804956
v -1.46113825 3.70607114 0.693689287
v 1.55196846 3.61400175 0.562816799
v 1.55195832 3.18922806 1.37707579
v 1.55196846 3.61626816 0.562585175
v 1.55196846 3.34861159 0.524960041
v 1.55195832 2.78625798 1.07226741
v 1.55196846 3.38593483 0.540187359
v 1.55196846 3.29251599 0.502058625
v 1.55196846 3.29287863 0.502209663
v 1.55196846 3.5246222 0.565666914
v 1.55196846 3.54897356 0.569735646
v 1.55196846 3.55624485 0.56896013
v 1.55196846 3.58088851 0.566341639
v 1.55196846 3.28849769 0.500427067
v 1.55196846 3.31078482 0.509521186
v 1.55196846 3.3955524 0.544115007
v 1.55196846 3.40974212 0.546471596
v 1.55196846 3.29328156 0.502380908
v 1.55196846 3.61146426 0.563088715
v 1.55196846 3.1356101 0.610361934
v 1.55196846 3.14534903 0.605558038
v 1.55196846 3.14591312 0.605286121
v 1.55196846 3.15713167 0.595799267
v 1.55196846 3.21758819 0.501967967
v 1.55196846 3.18892622 0.551466882
v 1.55196846 3.23523259 0.478643537
v 1.55196846 3.1849277 0.558355391
v 1.55196846 3.26438785 0.490587771
v 1.5006367 2.95402026 1.68793678
v -1.71613538 4.30941296 -0.941666961
v 1.8069756 4.71238375 -0.636858582
v -1.71613538 4.71238375 -0.636858582
v 1.8069756 4.30941296 -0.941666961
v 1.73802984 3.57894468 0.024200609
v 1.7340616 3.54897356 0.0637996793
v 1.7325815 3.5427599 0.0720075294
v 1.8069756 3.54280043 0.071967274
v 1.74083948 3.6001544 -0.00381686306
v 1.8069756 2.77618694 1.08560133
v 1.5006367 2.55105019 1.38332987
v 1.8069756 3.17912674 1.39038968
v 1.8069756 3.94575047 0.376765519
v 1.8069756 3.74428058 0.224371403
v 1.74906743 2.51089716 1.43642402
v 1.35012591 2.73483562 1.97779977
v 1.74906743 2.91387725 1.74102092
v 1.35012591 2.33186531 1.67301166
v 1.57287586 2.2543087 1.77554429
v 1.11070836 2.14367914 1.92189562
v 1.11070836 2.54662919 2.22670388
v 1.57287586 2.65727878 2.08035254
v 1.29258025 2.03396583 2.06702852
v 0.798699319 1.99925089 2.11285162
v 0.798699319 2.4022212 2.41766
v 1.29258025 2.4369359 2.37162519
v 0.927295625 1.86489403 2.29049373
v 0.435338289 1.90848124 2.23295832
v 0.927295625 2.26786423 2.59529209
v 0.435338289 2.31142139 2.53755498
v 0.501907468 2.16156507 2.73578215
v 0.0454301946 1.87751293 2.27393675
v 0.0454301946 2.28046298 2.57854366
v 0.501907468 1.7586149 2.43097377
v -0.41107735 2.16156507 2.73578215
v -0.836445332 2.26786423 2.59529209
v -0.836445332 1.86489403 2.29049373
v 0.0454301946 2.12531948 2.78383064
v 0.0454301946 1.72235942 2.4790225
v -0.41107735 1.7586149 2.43097377
v -0.344498068 1.90848124 2.23295832
v -0.344498068 2.31142139 2.53755498
v -0.707838953 1.99925089 2.11285162
v -0.707838953 2.4022212 2.41766
v -1.20172989 2.03396583 2.06702852
v -1.20172989 2.4369359 2.37162519
v -1.01985812 2.14367914 1.92189562
v -1.01985812 2.54662919 2.22670388
v -1.48203564 2.2543087 1.77554429
v -1.48203564 2.65727878 2.08035254
v -1.25927544 2.33186531 1.67301166
v -1.25927544 2.73483562 1.97779977
v -1.65820706 2.51089716 1.43642402
v -1.65820706 2.91387725 1.74102092
v -1.40977633 2.55105019 1.38332987
v -1.40977633 2.95402026 1.68793678
v -1.71613538 2.77618694 1.08560133
v -1.71613538 3.17912674 1.39038968
v -1.46111798 2.78625798 1.07226741
v -1.46111798 3.18922806 1.37707579
v -1.66622376 3.39470649 0.26776731
v -1.66682804 3.3955524 0.266649395
v -1.68297184 3.42168665 0.232105941
v -1.71614552 3.47544575 0.161024943
v -1.71613538 3.74427009 0.224361345
v -1.71614552 3.71240544 0.129865333
v -1.71613538 3.94575047 0.376765519
v -1.71614552 3.54897356 0.173371956
v -1.71614552 3.55302215 0.172938943
v -1.71614552 3.66100359 0.161427796
v -1.71614552 3.69226336 0.155103207
v -1.71614552 3.69102502 0.155495971
v -1.71614552 3.67793226 0.159625083
v -1.71614552 3.67569685 0.159856722
v -1.46108782 3.48752046 0.691382945
v -1.46108782 3.47328019 0.689862251
v -1.46108782 3.2476902 0.643716991
v -1.46108782 3.24715662 0.643575966
v -1.46108782 3.53498507 0.696428537
v -1.46108782 3.51887155 0.694716513
v -1.46108782 3.48838639 0.691473603
v -1.46108782 3.54897356 0.697908938
v -1.46108782 3.53636479 0.696569562
v -1.46108782 3.58994246 0.695149481
v -1.46108782 3.26421642 0.647946835
v -1.46108782 3.26442814 0.6479972
v -1.46108782 3.3955524 0.681644261
v -1.46108782 3.43664193 0.685974836
v -1.46108782 3.09146929 0.736621797
v -1.46108782 3.08081388 0.736893773
v -1.46108782 3.099828 0.737558424
v -1.46108782 3.11472297 0.739058971
v -1.46108782 3.12576079 0.73361063
v -1.46108782 3.14591312 0.723680615
v -1.46108782 3.15838075 0.71305573
v -1.46108782 3.1849277 0.690627575
v -1.46108782 3.19699311 0.677585661
v -1.46108782 3.23188901 0.639668465
v -1.46108782 3.03911018 0.737951159
v 1.65092576 3.37325501 0.29612717
v 1.66689849 3.3955524 0.266659468
v 1.69610429 3.44292617 0.204017952
v 1.71675992 3.47643256 0.159725785
v -1.60929227 3.31524634 0.372837812
v -1.5495311 3.23188901 0.483064711
v -1.55100143 3.22300625 0.494797438
v -1.55737638 3.1849277 0.545152307
v -1.55742681 3.18135262 0.549875617
v -1.5577693 3.14591312 0.596735835
v -1.55773902 3.14578176 0.596907079
v -1.55739653 3.14425111 0.598931313
v -1.5402962 3.11736155 0.63449198
v -1.53861415 3.11472297 0.637976527
v -1.51737452 3.09525585 0.663718045
v -1.51320529 3.09146929 0.668723285
v -1.51199663 3.09026074 0.670324504
v 1.60280657 3.30613208 0.384892821
v 1.55653059 3.19037628 0.537941456
v 1.55743706 3.1849277 0.545152307
v 1.55783987 3.1461041 0.596484125
v 1.55783987 3.14591312 0.596735835
v 1.5574671 3.14425111 0.598931313
v -0.458642542 3.39559269 1.4113977
v -2.34483299e-09 3.54902411 1.48184419
v -0.461220741 3.54902411 1.42107594
v -2.34483299e-09 3.39559269 1.471753
v -0.886054993 3.39559269 1.23435986
v -0.451965481 3.23193932 1.38657272
v 0.458632499 3.39559269 1.4113977
v -0.890979707 3.54902411 1.24305117
v -0.873123825 3.23193932 1.21215332
v -2.34483299e-09 3.23193932 1.44611228
v 0.461220741 3.54902411 1.42107594
v 0.451975554 3.23193932 1.38657272
v -1.25304151 3.39559269 0.9527753
v -1.23479283 3.23193932 0.934607208
v -2.34483299e-09 3.18494797 1.47720146
v -0.460062563 3.18494797 1.41664469
v 0.886034846 3.39559269 1.23435986
v 0.873134017 3.23193932 1.21215332
v -1.26007104 3.54902411 0.959835052
v -0.888774216 3.18494797 1.23921418
v 0.890999854 3.54902411 1.24305117
v 0.46005249 3.18494797 1.41664469
v -1.25689876 3.18494797 0.956612349
v -2.34483299e-09 3.14587259 1.49758518
v -0.465329677 3.14587259 1.43642402
v 1.25304151 3.39559269 0.9527753
v 1.23479283 3.23193932 0.934607208
v 0.888764024 3.18494797 1.23921418
v -0.898945868 3.14587259 1.25676775
v 1.26006103 3.54902411 0.959835052
v 0.465319633 3.14587259 1.43642402
v -1.71168399 3.39559269 0.158446789
v -1.6867485 3.23193932 0.151789859
v -1.71695101 3.18494797 0.15986678
v -1.2712903 3.14587259 0.971134663
v -2.34483299e-09 3.11474323 1.50708199
v -0.467746735 3.11474323 1.44550824
v 1.543257 3.54902411 0.590844333
v 1.53465652 3.39559269 0.585788727
v 1.25689876 3.18494797 0.956612349
v 0.898935795 3.14587259 1.25676775
v -1.72127163 3.54902411 0.160883948
v -1.73661983 3.14587259 0.16512385
v -0.903649032 3.11474323 1.26483476
v 1.51231909 3.23193932 0.572877765
v 0.467766851 3.11474323 1.44550824
v -1.77205944 3.39559269 -0.300165564
v -1.7462678 3.23193932 -0.300165564
v -1.77753842 3.18494797 -0.300165564
v -1.79785144 3.14587259 -0.300165564
v -1.56516135 3.11474323 0.603352547
v -1.74572384 3.11474323 0.167540878
v -1.2779572 3.11474323 0.977801621
v -0.467374086 3.09149933 1.44409811
v -0.902893662 3.09149933 1.26362622
v 1.71168399 3.39559269 0.158446789
v 1.27129018 3.14587259 0.971134663
v 1.53937972 3.18494797 0.588618696
v 0.903649032 3.11474323 1.26483476
v -1.78199959 3.54902411 -0.300165564
v -1.77603757 3.69228387 -0.300165564
v -1.80728805 3.11474323 -0.300165564
v -1.27689958 3.09149933 0.976593196
v -2.34483299e-09 3.09149933 1.50545061
v 0.467374086 3.09149933 1.44409811
v 1.68676865 3.23193932 0.151789859
v -1.69442248 3.8253417 -0.754356742
v 0.902893662 3.09149933 1.26362622
v -1.71168399 3.39559269 -0.75878799
v -1.6867485 3.23193932 -0.752131045
v -1.71695101 3.18494797 -0.760208011
v -1.73661983 3.14587259 -0.765656352
v -1.74572384 3.11474323 -0.76807344
v -1.56387234 3.09149933 0.602758348
v -1.74426365 3.09149933 0.167138055
v -1.80578732 3.09149933 -0.300165564
v 1.78199959 3.54902411 -0.300165564
v 1.77206993 3.39559269 -0.300165564
v 1.27794707 3.11474323 0.977801621
v 1.71695101 3.18494797 0.15986678
v 1.27688968 3.09149933 0.976593196
v -1.72127163 3.54902411 -0.761416495
v -1.71552134 3.69228387 -0.759996474
v -1.74426365 3.09149933 -0.767670572
v 1.7462678 3.23193932 -0.300165564
v -1.53465652 3.39559269 -1.18633127
v -1.51230884 3.23193932 -1.17340016
v -1.53937972 3.18494797 -1.18895984
v -1.55700397 3.14587259 -1.19924235
v -1.56516135 3.11474323 -1.20388508
v -1.56387234 3.09149933 -1.20307934
v 1.72127163 3.54902411 -0.761416495
v 1.71168399 3.39559269 -0.75878799
v 1.56516135 3.11474323 0.603352547
v 1.73660994 3.14587259 0.16512385
v 1.77751827 3.18494797 -0.300165564
v -1.543257 3.54902411 -1.19116545
v -1.53809071 3.69228387 -1.18834555
v 1.68676865 3.23193932 -0.752131045
v 1.56386209 3.09149933 0.602758348
v -1.25304151 3.39559269 -1.55330789
v -1.23479283 3.23193932 -1.5351398
v -1.25689876 3.18494797 -1.55714488
v -1.2712903 3.14587259 -1.57146585
v -1.2779572 3.11474323 -1.57812274
v -1.27689958 3.09149933 -1.57712579
v 1.543257 3.54902411 -1.19116545
v 1.53465652 3.39559269 -1.18633127
v 1.7457037 3.11474323 0.167540878
v 1.79787159 3.14587259 -0.300165564
v 1.71695101 3.18494797 -0.760208011
v -1.26007104 3.54902411 -1.56036758
v 1.51231909 3.23193932 -1.17340016
v 1.74427402 3.09149933 0.167138055
v -0.890979707 3.54902411 -1.84357369
v -0.886054993 3.39559269 -1.83489239
v -0.888774216 3.18494797 -1.83954525
v -0.898945868 3.14587259 -1.85731053
v -0.903649032 3.11474323 -1.86538744
v 1.26006103 3.54902411 -1.56036758
v 1.25304151 3.39559269 -1.55330789
v 1.80728805 3.11474323 -0.300165564
v 1.73660994 3.14587259 -0.765656352
v 1.53937972 3.18494797 -1.18895984
v -0.873123825 3.23193932 -1.81248438
v -0.902893662 3.09149933 -1.86415887
v 1.23479283 3.23193932 -1.5351398
v 1.80580747 3.09149933 -0.300165564
v -0.461220741 3.54902411 -2.02160835
v -0.458642542 3.39559269 -2.01192021
v -0.460062563 3.18494797 -2.0171771
v -0.465329677 3.14587259 -2.03675532
v -0.467746735 3.11474323 -2.04604077
v 0.890999854 3.54902411 -1.84357369
v 0.886034846 3.39559269 -1.83489239
v 1.7457037 3.11474323 -0.76807344
v 1.55700397 3.14587259 -1.19924235
v 1.25689876 3.18494797 -1.55714488
v -0.451965481 3.23193932 -1.98710525
v -0.467374086 3.09149933 -2.04442906
v 0.873134017 3.23193932 -1.81248438
v 1.74427402 3.09149933 -0.767670572
v 0.888764024 3.18494797 -1.83954525
v -2.34483299e-09 3.54902411 -2.08217525
v -2.34483299e-09 3.39559269 -2.07228565
v -2.34483299e-09 3.18494797 -2.07773399
v -2.34483299e-09 3.14587259 -2.09811759
v -2.34483299e-09 3.11474323 -2.10761452
v -2.34483299e-09 -3.90696621 1.66432035
v -2.34483299e-09 -3.85919976 1.63323116
v -0.500396848 -3.85919976 1.56722593
v 0.500396848 -3.85919976 1.56722593
v -0.508473754 -3.90696621 1.59730804
v -0.966683328 -3.85919976 1.37404442
v -0.982263088 -3.90696621 1.40109515
v -1.36711562 -3.85919976 1.06681895
v 0.461220741 3.54902411 -2.02160835
v 0.458632499 3.39559269 -2.01192021
v 1.56516135 3.11474323 -1.20388508
v 1.27129018 3.14587259 -1.57146585
v 0.898935795 3.14587259 -1.85731053
v -2.34483299e-09 3.23193932 -2.04644346
v -2.34483299e-09 3.09149933 -2.10600328
v -1.70134115 -3.90696621 0.682087481
v -1.67436111 -3.85919976 0.666527748
v -1.89761448 -3.90696621 0.208318263
v -1.8675226 -3.85919976 0.200241357
v -1.96455657 -3.90696621 -0.300165564
v -1.9333868 -3.85919976 -0.300165564
v -1.89761448 -3.90696621 -0.808649361
v -1.8675226 -3.85919976 -0.800582588
v -1.70134115 -3.90696621 -1.28260994
v -1.67436111 -3.85919976 -1.26686895
v -1.38916099 -3.90696621 -1.68935668
v -1.36711562 -3.85919976 -1.66735148
v 0.508473754 -3.90696621 1.59730804
v 0.966703355 -3.85919976 1.37404442
v -1.38916099 -3.90696621 1.08882415
v 0.46005249 3.18494797 -2.0171771
v 0.451975554 3.23193932 -1.98710525
v 1.56386209 3.09149933 -1.20307934
v 0.465319633 3.14587259 -2.03675532
v 1.36711562 -3.85919976 1.06681895
v 0.982283175 -3.90696621 1.40109515
v 0.467766851 3.11474323 -2.04604077
v -0.966683328 -3.85919976 -1.97457683
v -0.982263088 -3.90696621 -2.0016377
v -0.500396848 -3.85919976 -2.16775846
v -0.508473754 -3.90696621 -2.19784069
v -2.34483299e-09 -3.85919976 -2.23357248
v -2.34483299e-09 -3.90696621 -2.26485276
v 1.27794707 3.11474323 -1.57812274
v 0.903649032 3.11474323 -1.86538744
v 1.38916099 -3.90696621 1.08882415
v 0.467374086 3.09149933 -2.04442906
v 0.500396848 -3.85919976 -2.16775846
v 0.508473754 -3.90696621 -2.19784069
v 1.27688968 3.09149933 -1.57712579
v 1.674371 -3.85919976 0.666527748
v 0.902893662 3.09149933 -1.86415887
v 0.966703355 -3.85919976 -1.97457683
v -2.34483299e-09 -4.00376892 1.7230643
v -2.34483299e-09 -3.95514584 1.69439232
v -0.516208291 -3.95514584 1.6263628
v 0.516228437 -3.95514584 1.6263628
v -0.523691058 -4.00376892 1.65422928
v -0.997258723 -3.95514584 1.42713869
v -1.01167035 -4.00376892 1.45196354
v -1.4103806 -3.95514584 1.11022496
v 1.70136142 -3.90696621 0.682087481
v 0.982283175 -3.90696621 -2.0016377
v -1.75230014 -4.00376892 0.71154511
v -1.72733438 -3.95514584 0.697012603
v -1.95444512 -4.00376892 0.223454967
v -1.92658865 -3.95514584 0.215992376
v -2.02337074 -4.00376892 -0.300165564
v -1.99454784 -3.95514584 -0.300165564
v -1.95444512 -4.00376892 -0.823997617
v -1.92658865 -3.95514584 -0.81651485
v -1.75230014 -4.00376892 -1.31188631
v -1.72733438 -3.95514584 -1.29755533
v -1.4307338 -4.00376892 -1.73092973
v -1.4103806 -3.95514584 -1.71054602
v -0.997258723 -3.95514584 -2.0276711
v -1.01167035 -4.00376892 -2.05250621
v -0.516208291 -3.95514584 -2.22691536
v -0.523691058 -4.00376892 -2.2547617
v 0.523691058 -4.00376892 1.65422928
v 0.997278869 -3.95514584 1.42713869
v -1.4307338 -4.00376892 1.13040733
v 1.41036034 -3.95514584 1.11022496
v 1.0116905 -4.00376892 1.45196354
v 1.86751235 -3.85919976 0.200241357
v 1.36711562 -3.85919976 -1.66735148
v -2.34483299e-09 -3.95514584 -2.29473352
v -2.34483299e-09 -4.00376892 -2.32359695
v 0.516228437 -3.95514584 -2.22691536
v 0.523691058 -4.00376892 -2.2547617
v 1.43075395 -4.00376892 1.13040733
v 1.89761448 -3.90696621 0.208318263
v 1.38916099 -3.90696621 -1.68935668
v 0.997278869 -3.95514584 -2.0276711
v 1.72733438 -3.95514584 0.697012603
v 1.9333868 -3.85919976 -0.300165564
v 1.70136142 -3.90696621 -1.28260994
v 1.0116905 -4.00376892 -2.05250621
v 1.75230014 -4.00376892 0.71154511
v 1.96455657 -3.90696621 -0.300165564
v 1.674371 -3.85919976 -1.26686895
v 1.41036034 -3.95514584 -1.71054602
v 1.92658865 -3.95514584 0.215992376
v 1.86751235 -3.85919976 -0.800582588
v 1.89761448 -3.90696621 -0.808649361
v 1.43075395 -4.00376892 -1.73092973
v 1.72733438 -3.95514584 -1.29755533
v 1.75230014 -4.00376892 -1.31188631
v 1.95442498 -4.00376892 0.223454967
v 1.92658865 -3.95514584 -0.81651485
v 1.95442498 -4.00376892 -0.823997617
v 1.99454784 -3.95514584 -0.300165564
v 2.02337074 -4.00376892 -0.300165564
v -2.34483299e-09 -5.54814339 1.5965023
v -2.34483299e-09 -5.29306602 1.55511045
v -0.480204493 -5.29306602 1.49193537
v -0.49093011 -5.54814339 1.53190708
v -0.927698433 -5.29306602 1.3066293
v -0.948424578 -5.54814339 1.34255242
v -1.3119669 -5.29306602 1.01171064
v 0.480214566 -5.29306602 1.49193537
v 0.927698433 -5.29306602 1.3066293
v 0.49093011 -5.54814339 1.53190708
v 1.3119669 -5.29306602 1.01171064
v 0.948414505 -5.54814339 1.34255242
v -1.64270794 -5.54814339 0.648158312
v -1.60682523 -5.29306602 0.627371848
v -1.83219361 -5.54814339 0.1907444
v -1.79218137 -5.29306602 0.18005909
v -1.89683914 -5.54814339 -0.300165564
v -1.85540724 -5.29306602 -0.300165564
v -1.83219361 -5.54814339 -0.791085541
v -1.79218137 -5.29306602 -0.780380189
v -1.64270794 -5.54814339 -1.24870098
v -1.60682523 -5.29306602 -1.22791445
v -1.34125316 -5.54814339 -1.64151955
v -1.3119669 -5.29306602 -1.61224329
v -0.927698433 -5.29306602 -1.90716195
v -0.948424578 -5.54814339 -1.94289374
v -0.480204493 -5.29306602 -2.09247804
v -0.49093011 -5.54814339 -2.1324296
v -2.34483299e-09 -5.29306602 -2.15565324
v -2.34483299e-09 -5.54814339 -2.19703484
v 0.480214566 -5.29306602 -2.09247804
v 0.49093011 -5.54814339 -2.1324296
v -1.34125316 -5.54814339 1.04098701
v 1.34126341 -5.54814339 1.04098701
v 0.927698433 -5.29306602 -1.90716195
v 1.3119669 -5.29306602 -1.61224329
v 0.948414505 -5.54814339 -1.94289374
v 1.60682523 -5.29306602 -1.22791445
v 1.64269793 -5.54814339 -1.24870098
v -0.487918913 -5.73246241 1.52060735
v -0.942583442 -5.73246241 1.33226001
v -1.3330251 -5.73246241 1.03269851
v 0.487928957 -5.73246241 1.52060735
v 0.942583442 -5.73246241 1.33226001
v 1.3330251 -5.73246241 1.03269851
v 1.60682523 -5.29306602 0.627371848
v -1.63259661 -5.73246241 0.642307103
v -1.82093406 -5.73246241 0.18772313
v -1.88515651 -5.73246241 -0.300165564
v -1.82093406 -5.73246241 -0.788265824
v -1.63259661 -5.73246241 -1.24284971
v -1.3330251 -5.73246241 -1.6332413
v -0.942583442 -5.73246241 -1.93280256
v -0.487918913 -5.73246241 -2.12112975
v -2.34483299e-09 -5.73246241 -2.1853323
v 1.34126341 -5.54814339 -1.64151955
v 1.83219361 -5.54814339 -0.791085541
v -2.34483299e-09 -5.73246241 1.5849911
v 1.64269793 -5.54814339 0.648158312
v 0.487928957 -5.73246241 -2.12112975
v 0.942583442 -5.73246241 -1.93280256
v 1.3330251 -5.73246241 -1.6332413
v 1.79218137 -5.29306602 -0.780380189
v 1.63260674 -5.73246241 -1.24284971
v 1.82093406 -5.73246241 -0.788265824
v -0.471170872 -5.84598255 1.45822775
v -0.910205185 -5.84598255 1.27634585
v -1.28724265 -5.84598255 0.987087131
v -1.57654142 -5.84598255 0.610009372
v 0.471150696 -5.84598255 1.45822775
v 0.910215259 -5.84598255 1.27634585
v 1.28724265 -5.84598255 0.987087131
v 1.63260674 -5.73246241 0.642307103
v 1.79218137 -5.29306602 0.18005909
v -1.75839329 -5.84598255 0.170975089
v -1.82042074 -5.84598255 -0.300165564
v -1.75839329 -5.84598255 -0.771507621
v -1.57654142 -5.84598255 -1.2105521
v -1.28724265 -5.84598255 -1.58742833
v -0.910205185 -5.84598255 -1.87688839
v -0.471170872 -5.84598255 -2.05854869
v -2.34483299e-09 -5.84598255 -2.12072706
v 1.85540724 -5.29306602 -0.300165564
v 1.89683914 -5.54814339 -0.300165564
v 1.88517714 -5.73246241 -0.300165564
v -2.34483299e-09 -5.84598255 1.52020454
v 1.83219361 -5.54814339 0.1907444
v 0.910215259 -5.84598255 -1.87688839
v 0.471150696 -5.84598255 -2.05854869
v 1.28724265 -5.84598255 -1.58742833
v 1.57654142 -5.84598255 -1.2105521
v 1.75839329 -5.84598255 -0.771507621
v 1.82044065 -5.84598255 -0.300165564
v -2.34483299e-09 -5.88873434 1.4023037
v -0.440665841 -5.88873434 1.34437525
v -0.851310134 -5.88873434 1.1742059
v -1.20392537 -5.88873434 0.903719485
v -1.47450244 -5.88873434 0.551063955
v 0.440675914 -5.88873434 1.34437525
v 0.851310134 -5.88873434 1.1742059
v 1.57654142 -5.84598255 0.610009372
v 1.82093406 -5.73246241 0.18772313
v -1.64459133 -5.88873434 0.140490204
v -1.64459133 -5.88873434 -0.740831435
v -1.47450244 -5.88873434 -1.15161669
v -1.20392537 -5.88873434 -1.50426209
v -0.851310134 -5.88873434 -1.77473855
v -0.440665841 -5.88873434 -1.9449079
v -2.34483299e-09 -5.88873434 -2.00284624
v 1.75839329 -5.84598255 0.170975089
v 1.20392537 -5.88873434 0.903719485
v -1.7026 -5.88873434 -0.300165564
v 0.440675914 -5.88873434 -1.9449079
v 0.851310134 -5.88873434 -1.77473855
v 1.20392537 -5.88873434 -1.50426209
v 1.47450244 -5.88873434 -1.15161669
v 1.64460123 -5.88873434 -0.740831435
v 1.70261014 -5.88873434 -0.300165564
v -2.34483299e-09 -5.95599842 1.14332831
v -0.373643488 -5.95599842 1.09427261
v -0.721827447 -5.95599842 0.949935198
v -1.02081478 -5.95599842 0.72063911
v -1.25023174 -5.95599842 0.42168209
v 0.373663634 -5.95599842 1.09427261
v 0.721827447 -5.95599842 0.949935198
v 1.47450244 -5.88873434 0.551063955
v -1.39446843 -5.95599842 0.073477909
v -1.39446843 -5.95599842 -0.673798919
v -1.25023174 -5.95599842 -1.02201319
v -1.02081478 -5.95599842 -1.32096028
v -0.721827447 -5.95599842 -1.55048788
v -0.373643488 -5.95599842 -1.69481516
v -2.34483299e-09 -5.95599842 -1.74386072
v 1.64460123 -5.88873434 0.140490204
v 1.02081478 -5.95599842 0.72063911
v -1.44366503 -5.95599842 -0.300165564
v 0.373663634 -5.95599842 -1.69481516
v 0.721827447 -5.95599842 -1.55048788
v 1.02081478 -5.95599842 -1.32096028
v 1.25024176 -5.95599842 -1.02201319
v 1.39446843 -5.95599842 -0.673798919
v 1.44366503 -5.95599842 -0.300165564
v -2.34483299e-09 -6.00197268 0.773320496
v -0.277858377 -6.00197268 0.736782968
v -0.536793351 -6.00197268 0.629396081
v -0.759130418 -6.00197268 0.458823889
v -0.929742932 -6.00197268 0.236567393
v 0.277848303 -6.00197268 0.736782968
v 0.536783338 -6.00197268 0.629396081
v 1.25024176 -5.95599842 0.42168209
v -1.03699887 -6.00197268 -0.0224079005
v -1.03699887 -6.00197268 -0.578124642
v -0.929742932 -6.00197268 -0.837120116
v -0.759130418 -6.00197268 -1.05935645
v -0.536793351 -6.00197268 -1.22992861
v -0.277858377 -6.00197268 -1.33731544
v -2.34483299e-09 -6.00197268 -1.37385297
v 1.39446843 -5.95599842 0.073477909
v 0.759120345 -6.00197268 0.458823889
v -1.07357669 -6.00197268 -0.300165564
v 0.277848303 -6.00197268 -1.33731544
v 0.536783338 -6.00197268 -1.22992861
v 0.759120345 -6.00197268 -1.05935645
v 0.929732859 -6.00197268 -0.837120116
v 1.03697872 -6.00197268 -0.578124642
v 1.07355654 -6.00197268 -0.300165564
v -2.34483299e-09 -6.02663612 0.292088687
v -0.153320611 -6.02663612 0.271896362
v -0.296167433 -6.02663612 0.212749511
v -0.418852121 -6.02663612 0.118686557
v -0.512985587 -6.02663612 -0.00404849509
v 0.153310552 -6.02663612 0.271896362
v 0.296177477 -6.02663612 0.212749511
v 0.929732859 -6.00197268 0.236567393
v -0.572182775 -6.02663612 -0.146955729
v -0.572182775 -6.02663612 -0.453576803
v -0.512985587 -6.02663612 -0.596504152
v -0.418852121 -6.02663612 -0.719027698
v -0.296167433 -6.02663612 -0.813292086
v -0.153320611 -6.02663612 -0.872428954
v -2.34483299e-09 -6.02663612 -0.892621219
v 1.03697872 -6.00197268 -0.0224079005
v 0.418852121 -6.02663612 0.118686557
v -0.59234488 -6.02663612 -0.300165564
v 0.153310552 -6.02663612 -0.872428954
v 0.296177477 -6.02663612 -0.813292086
v 0.418852121 -6.02663612 -0.719027698
v 0.512985587 -6.02663612 -0.596504152
v 0.572162628 -6.02663612 -0.453576803
v 0.59234488 -6.02663612 -0.300165564
v -2.34483299e-09 -6.02999973 -0.300165564
v 0.512985587 -6.02663612 -0.00404849509
v 0.572162628 -6.02663612 -0.146955729
v -2.34483299e-09 1.56272435 1.52927852
v -0.473547608 1.56272435 1.46711028
v -0.914807677 1.56272435 1.28423131
v -1.58448768 1.56272435 0.614652216
v 0.473527491 1.56272435 1.46711028
v -1.29372835 1.56272435 0.993552625
v 0.914807677 1.56272435 1.28423131
v -1.76727605 1.56272435 0.173392117
v -1.82960522 1.56272435 -0.300165564
v -1.76727605 1.56272435 -0.773723245
v -2.34483299e-09 -0.0974365547 1.55309653
v -0.479700953 -0.0974365547 1.49012256
v -0.926711559 -0.0974365547 1.30480647
v 1.29372835 1.56272435 0.993552625
v -1.58448768 1.56272435 -1.21498334
v -1.60510302 -0.0974365547 0.626566112
v -1.79026806 -0.0974365547 0.179454833
v 0.479711056 -0.0974365547 1.49012256
v -1.31057692 -0.0974365547 1.01030076
v 0.926711559 -0.0974365547 1.30480647
v -1.29372835 1.56272435 -1.59387374
v -1.85343313 -0.0974365547 -0.300165564
v -1.79026806 -0.0974365547 -0.779977322
v -1.60510302 -0.0974365547 -1.22689724
v -2.34483299e-09 -1.88895321 1.57691431
v -0.485854357 -1.88895321 1.5131247
v -0.938625515 -1.88895321 1.32540154
v 1.31056702 -0.0974365547 1.01030076
v 1.58448768 1.56272435 0.614652216
v -1.31057692 -0.0974365547 -1.61083329
v -1.62573838 -1.88895321 0.638470054
v -1.81328011 -1.88895321 0.18570894
v -1.87722099 -1.88895321 -0.300165564
v 0.485874474 -1.88895321 1.5131247
v -1.32740569 -1.88895321 1.02725005
v 0.938625515 -1.88895321 1.32540154
v -0.914807677 1.56272435 -1.88475382
v -0.926711559 -0.0974365547 -1.90533888
v -1.81328011 -1.88895321 -0.786040008
v -1.62573838 -1.88895321 -1.23881125
v -1.32740569 -1.88895321 -1.62759149
v -2.34483299e-09 -3.81183553 1.60074222
v -0.492027879 -3.81183553 1.53594542
v -0.950519383 -3.81183553 1.3461982
v 1.32740569 -1.88895321 1.02725005
v 1.60511291 -0.0974365547 0.626566112
v 1.76726568 1.56272435 0.173392117
v -0.938625515 -1.88895321 -1.92593408
v -1.64636362 -3.81183553 0.650192618
v -1.83626223 -3.81183553 0.191761568
v -1.90104866 -3.81183553 -0.300165564
v -1.83626223 -3.81183553 -0.792294085
v 0.492027879 -3.81183553 1.53594542
v -1.34423411 -3.81183553 1.04401839
v 0.950519383 -3.81183553 1.3461982
v -0.473547608 1.56272435 -2.06743145
v -0.479700953 -0.0974365547 -2.09044361
v -0.485854357 -1.88895321 -2.11346602
v -1.64636362 -3.81183553 -1.25071514
v -1.34423411 -3.81183553 -1.64454091
v -0.950519383 -3.81183553 -1.94651926
v 1.34425426 -3.81183553 1.04401839
v 1.62573838 -1.88895321 0.638470054
v 1.79026806 -0.0974365547 0.179454833
v 1.82960522 1.56272435 -0.300165564
v -0.492027879 -3.81183553 -2.13647795
v -2.34483299e-09 1.56272435 -2.12982106
v -2.34483299e-09 -0.0974365547 -2.15362883
v -2.34483299e-09 -1.88895321 -2.17744684
v -2.34483299e-09 -3.81183553 -2.20126462
v 1.64636362 -3.81183553 0.650192618
v 1.81328011 -1.88895321 0.18570894
v 1.85343313 -0.0974365547 -0.300165564
v 1.76726568 1.56272435 -0.773723245
v 0.473527491 1.56272435 -2.06743145
v 0.479711056 -0.0974365547 -2.09044361
v 0.485874474 -1.88895321 -2.11346602
v 0.492027879 -3.81183553 -2.13647795
v 1.83628237 -3.81183553 0.191761568
v 1.87724102 -1.88895321 -0.300165564
v 1.79026806 -0.0974365547 -0.779977322
v 1.58448768 1.56272435 -1.21498334
v 0.914807677 1.56272435 -1.88475382
v 0.926711559 -0.0974365547 -1.90533888
v 0.938625515 -1.88895321 -1.92593408
v 0.950519383 -3.81183553 -1.94651926
v 1.90105891 -3.81183553 -0.300165564
v 1.81328011 -1.88895321 -0.786040008
v 1.60511291 -0.0974365547 -1.22689724
v 1.29372835 1.56272435 -1.59387374
v 1.31056702 -0.0974365547 -1.61083329
v 1.32740569 -1.88895321 -1.62759149
v 1.34425426 -3.81183553 -1.64454091
v -2.34483299e-09 -4.16233635 1.72649848
v 0.524567187 -4.16233635 1.65745187
v -0.52454704 -4.16233635 1.65745187
v -1.0133723 -4.16233635 1.45499492
v 1.83628237 -3.81183553 -0.792294085
v 1.62573838 -1.88895321 -1.23881125
v -1.75523102 -4.16233635 0.713156402
v -1.95770824 -4.16233635 0.224260658
v -2.02676463 -4.16233635 -0.300165564
v -1.95770824 -4.16233635 -0.824803352
v -1.75523102 -4.16233635 -1.31369901
v -1.43314099 -4.16233635 -1.73336697
v -1.0133723 -4.16233635 -2.05553746
v -0.52454704 -4.16233635 -2.25798464
v -2.34483299e-09 -4.16233635 -2.32703114
v -1.43314099 -4.16233635 1.1328243
v 1.01338243 -4.16233635 1.45499492
v 1.64636362 -3.81183553 -1.25071514
v -2.34483299e-09 -4.40177393 1.73114121
v 0.525745511 -4.40177393 1.66190326
v -0.525745511 -4.40177393 1.66190326
v -1.01565838 -4.40177393 1.45903337
v 1.43314099 -4.16233635 1.1328243
v 0.524567187 -4.16233635 -2.25798464
v -1.75918901 -4.40177393 0.715382099
v -1.96210909 -4.40177393 0.225479215
v -2.03132677 -4.40177393 -0.300165564
v -1.96210909 -4.40177393 -0.826011837
v -1.75918901 -4.40177393 -1.31591451
v -1.43635368 -4.40177393 -1.73658967
v -1.01565838 -4.40177393 -2.05937457
v -0.525745511 -4.40177393 -2.26243591
v -2.34483299e-09 -4.40177393 -2.33146238
v -1.43635368 -4.40177393 1.13605714
v 1.01565838 -4.40177393 1.45903337
v 0.525745511 -4.40177393 -2.26243591
v 1.01338243 -4.16233635 -2.05553746
v -2.34483299e-09 -4.72206163 1.736781
v 0.527215838 -4.72206163 1.66735172
v -0.527215838 -4.72206163 1.66735172
v -1.0185287 -4.72206163 1.46386743
v 1.43635368 -4.40177393 1.13605714
v 1.75523102 -4.16233635 0.713156402
v -1.76412356 -4.72206163 0.718201935
v -1.96761799 -4.72206163 0.226889163
v -2.03703737 -4.72206163 -0.300165564
v -1.96761799 -4.72206163 -0.827411652
v -1.76412356 -4.72206163 -1.31874454
v -1.44041204 -4.72206163 -1.74063814
v -1.0185287 -4.72206163 -2.06441998
v -0.527215838 -4.72206163 -2.26788425
v -2.34483299e-09 -4.72206163 -2.33733392
v -1.44041204 -4.72206163 1.14009547
v 1.0185287 -4.72206163 1.46386743
v 1.01565838 -4.40177393 -2.05937457
v 1.75523102 -4.16233635 -1.31369901
v 1.43314099 -4.16233635 -1.73336697
v 1.95770824 -4.16233635 -0.824803352
v 0.527215838 -4.72206163 -2.26788425
v -2.34483299e-09 -5.12319851 1.74364948
v -0.529008508 -5.12319851 1.67400861
v -1.02196288 -5.12319851 1.46993029
v 1.44041204 -4.72206163 1.14009547
v 1.75917888 -4.40177393 0.715382099
v 1.95770824 -4.16233635 0.224260658
v 2.02676463 -4.16233635 -0.300165564
v -1.77008593 -5.12319851 0.721636236
v -1.97428489 -5.12319851 0.228701949
v -2.04392576 -5.12319851 -0.300165564
v -1.97428489 -5.12319851 -0.829234481
v -1.77008593 -5.12319851 -1.32217872
v -1.4452765 -5.12319851 -1.74547231
v -1.02196288 -5.12319851 -2.07027149
v -0.529008508 -5.12319851 -2.27454114
v -2.34483299e-09 -5.12319851 -2.34418201
v 0.529008508 -5.12319851 -2.27454114
v 0.529008508 -5.12319851 1.67400861
v -1.4452765 -5.12319851 1.14493978
v 1.02196288 -5.12319851 1.46993029
v 1.43635368 -4.40177393 -1.73658967
v 1.0185287 -4.72206163 -2.06441998
v 1.75917888 -4.40177393 -1.31591451
v 1.96209896 -4.40177393 -0.826011837
v 2.03132677 -4.40177393 -0.300165564
v -0.527024508 -5.19369555 1.66654599
v 0.527014434 -5.19369555 1.66654599
v -1.01812577 -5.19369555 1.46327329
v -1.43983817 -5.19369555 1.13969266
v 1.4452765 -5.12319851 1.14493978
v 1.76412356 -4.72206163 0.718201935
v 1.96209896 -4.40177393 0.225479215
v -1.76342869 -5.19369555 0.717799127
v -1.96685255 -5.19369555 0.226687774
v -2.03623176 -5.19369555 -0.300165564
v -1.96685255 -5.19369555 -0.827220321
v -1.76342869 -5.19369555 -1.31834185
v -1.43983817 -5.19369555 -1.74002373
v -1.01812577 -5.19369555 -2.06361461
v -0.527024508 -5.19369555 -2.26707864
v -2.34483299e-09 -5.19369555 -2.33650804
v 1.02196288 -5.12319851 -2.07027149
v -2.34483299e-09 -5.19369555 1.73597538
v 1.01812577 -5.19369555 1.46327329
v 1.43983817 -5.19369555 1.13969266
v 1.76412356 -4.72206163 -1.31874454
v 1.44041204 -4.72206163 -1.74063814
v 1.96762812 -4.72206163 -0.827411652
v 2.03703737 -4.72206163 -0.300165564
v 1.96762812 -4.72206163 0.226889163
v 0.527014434 -5.19369555 -2.26707864
v 1.01812577 -5.19369555 -2.06361461
v -0.518212378 -5.24550056 1.63384557
v -1.00112605 -5.24550056 1.43379557
v 0.518222451 -5.24550056 1.63384557
v 1.00112605 -5.24550056 1.43379557
v -1.41579866 -5.24550056 1.11546195
v -1.73399115 -5.24550056 0.700849652
v 1.77008593 -5.12319851 0.721636236
v -1.93404126 -5.24550056 0.218006551
v -2.00226212 -5.24550056 -0.300165564
v -1.93404126 -5.24550056 -0.818529069
v -1.73399115 -5.24550056 -1.30139232
v -1.41579866 -5.24550056 -1.71600461
v -1.00112605 -5.24550056 -2.03433824
v -0.518212378 -5.24550056 -2.23417664
v -2.34483299e-09 -5.24550056 -2.3024075
v 1.4452765 -5.12319851 -1.74547231
v 1.43983817 -5.19369555 -1.74002373
v -2.34483299e-09 -5.24550056 1.70206642
v 1.4158088 -5.24550056 1.11546195
v 1.76342869 -5.19369555 0.717799127
v 1.77008593 -5.12319851 -1.32217872
v 1.97428489 -5.12319851 -0.829234481
v 2.04392576 -5.12319851 -0.300165564
v 1.97428489 -5.12319851 0.228701949
v 1.00112605 -5.24550056 -2.03433824
v 0.518222451 -5.24550056 -2.23417664
v 1.4158088 -5.24550056 -1.71600461
v -2.34483299e-09 -5.27862406 1.641711
v -0.502622545 -5.27862406 1.57550442
v -0.970983624 -5.27862406 1.38151705
v 0.502622545 -5.27862406 1.57550442
v 0.970983624 -5.27862406 1.38151705
v -1.37318826 -5.27862406 1.07288182
v -1.68179357 -5.27862406 0.670767665
v -1.87579072 -5.27862406 0.202467024
v -1.87579072 -5.27862406 -0.802788138
v -1.68179357 -5.27862406 -1.2713002
v -1.37318826 -5.27862406 -1.67341435
v -0.970983624 -5.27862406 -1.98205972
v -0.502622545 -5.27862406 -2.17604685
v -2.34483299e-09 -5.27862406 -2.24225354
v 1.76342869 -5.19369555 -1.31834185
v 1.73400128 -5.24550056 -1.30139232
v 1.37318826 -5.27862406 1.07288182
v 1.73400128 -5.24550056 0.700849652
v 1.96685255 -5.19369555 0.226687774
v 1.96685255 -5.19369555 -0.827220321
v 2.03623152 -5.19369555 -0.300165564
v -1.941957 -5.27862406 -0.300165564
v 0.502622545 -5.27862406 -2.17604685
v 0.970983624 -5.27862406 -1.98205972
v 1.37318826 -5.27862406 -1.67341435
v 1.93402135 -5.24550056 -0.818529069
v 1.68180335 -5.27862406 -1.2713002
v 1.68180335 -5.27862406 0.670767665
v 1.93402135 -5.24550056 0.218006551
v 2.0022521 -5.24550056 -0.300165564
v 1.87581086 -5.27862406 -0.802788138
v 1.87581086 -5.27862406 0.202467024
v 1.94197738 -5.27862406 -0.300165564
f 1 2 3
f 4 5 6
f 7 8 9
f 10 11 12
f 13 12 11
f 14 2 1
f 15 2 16
f 10 17 11
f 17 18 11
f 19 20 21
f 3 2 15
f 22 5 23
f 24 25 26
f 25 24 27
f 28 26 25
f 12 13 29
f 30 8 31
f 32 8 33
f 34 35 36
f 37 35 38
f 39 35 34
f 40 35 37
f 41 35 39
f 33 8 30
f 42 35 40
f 34 36 32
f 8 36 43
f 35 44 5
f 31 8 2
f 36 8 32
f 44 35 42
f 38 35 41
f 29 13 45
f 46 47 18
f 20 48 49
f 50 49 48
f 23 5 51
f 52 45 13
f 53 8 54
f 49 50 5
f 51 5 4
f 45 52 55
f 48 20 19
f 11 18 47
f 21 56 57
f 46 58 47
f 58 59 47
f 60 27 24
f 2 27 60
f 61 35 62
f 63 2 14
f 27 2 64
f 6 5 50
f 56 21 20
f 62 35 65
f 65 5 22
f 5 65 35
f 55 52 28
f 64 2 63
f 9 8 53
f 66 47 59
f 67 35 68
f 68 35 61
f 26 28 52
f 16 8 7
f 8 16 2
f 69 35 67
f 57 56 66
f 47 66 56
f 70 71 72
f 11 47 73
f 74 73 47
f 71 8 43
f 72 71 75
f 76 72 77
f 78 79 35
f 56 80 74
f 74 47 56
f 13 11 81
f 73 81 11
f 71 43 75
f 72 75 82
f 77 72 82
f 83 77 84
f 85 86 78
f 36 35 79
f 79 78 86
f 20 87 80
f 80 56 20
f 52 13 88
f 81 88 13
f 88 89 90
f 91 92 93
f 92 91 94
f 95 96 97
f 94 98 92
f 90 99 88
f 100 101 99
f 99 90 100
f 102 93 103
f 89 88 81
f 104 103 96
f 103 104 102
f 105 106 98
f 87 81 73
f 106 105 101
f 93 102 91
f 81 87 89
f 96 95 104
f 98 94 105
f 101 100 106
f 80 73 74
f 73 80 87
f 43 36 75
f 75 79 82
f 77 82 107
f 84 77 107
f 108 84 109
f 110 111 112
f 113 114 85
f 86 85 114
f 79 75 36
f 86 82 79
f 49 89 87
f 87 20 49
f 99 26 88
f 52 88 26
f 82 86 107
f 84 107 115
f 109 84 115
f 116 109 117
f 118 111 119
f 120 111 118
f 121 119 111
f 122 111 123
f 123 111 124
f 124 111 110
f 125 126 113
f 114 113 126
f 114 107 86
f 101 24 99
f 26 99 24
f 107 114 115
f 109 115 127
f 117 109 127
f 128 117 129
f 130 121 131
f 132 131 121
f 133 121 111
f 134 111 135
f 135 111 122
f 111 134 133
f 136 137 125
f 126 125 137
f 126 115 114
f 138 139 140
f 141 140 142
f 141 138 140
f 143 141 144
f 145 141 143
f 146 141 145
f 115 126 127
f 117 127 147
f 148 129 117
f 149 129 150
f 151 132 152
f 153 152 132
f 154 132 121
f 121 133 154
f 155 133 156
f 156 133 157
f 157 133 134
f 158 159 155
f 158 155 156
f 160 161 136
f 137 136 161
f 137 127 126
f 141 162 155
f 155 159 141
f 163 141 159
f 164 141 163
f 165 141 164
f 144 141 165
f 127 137 147
f 147 148 117
f 148 166 129
f 166 150 129
f 167 150 168
f 169 153 170
f 171 170 153
f 172 153 132
f 132 154 172
f 173 154 133
f 133 155 173
f 161 160 174
f 161 147 137
f 162 175 173
f 173 155 162
f 176 148 147
f 177 166 148
f 166 178 150
f 178 168 150
f 179 168 180
f 181 182 171
f 183 171 153
f 153 172 183
f 184 172 154
f 154 173 184
f 176 174 185
f 174 176 161
f 147 161 176
f 186 187 188
f 189 188 190
f 189 186 188
f 175 189 184
f 184 173 175
f 148 176 177
f 166 177 191
f 191 178 166
f 178 192 168
f 192 180 168
f 193 180 194
f 195 196 181
f 197 181 171
f 171 183 197
f 198 183 172
f 172 184 198
f 177 185 199
f 185 177 176
f 189 200 198
f 198 184 189
f 199 191 177
f 178 191 201
f 201 192 178
f 192 202 180
f 202 194 180
f 203 194 204
f 204 205 203
f 206 196 195
f 207 206 195
f 208 196 209
f 210 196 208
f 206 209 196
f 211 195 181
f 181 197 212
f 213 197 183
f 183 198 213
f 191 199 214
f 215 204 216
f 200 216 213
f 213 198 200
f 214 201 191
f 192 201 211
f 211 202 192
f 202 217 194
f 217 204 194
f 201 214 195
f 181 212 211
f 195 211 201
f 218 212 197
f 197 213 218
f 216 204 218
f 218 213 216
f 202 211 212
f 212 217 202
f 217 218 204
f 212 218 217
f 44 100 5
f 90 5 100
f 89 49 90
f 5 90 49
f 91 31 94
f 2 94 31
f 94 2 105
f 60 105 2
f 42 106 44
f 100 44 106
f 102 30 91
f 31 91 30
f 105 60 101
f 24 101 60
f 106 42 98
f 40 98 42
f 30 104 33
f 104 30 102
f 33 95 32
f 95 33 104
f 32 97 34
f 97 32 95
f 39 34 96
f 97 96 34
f 98 40 92
f 37 92 40
f 41 39 103
f 96 103 39
f 92 37 93
f 38 93 37
f 103 93 41
f 38 41 93
f 219 35 69
f 220 35 219
f 221 35 220
f 222 35 221
f 223 35 222
f 224 35 223
f 225 78 224
f 35 224 78
f 76 226 227
f 76 228 226
f 227 229 76
f 72 76 229
f 72 229 70
f 230 78 231
f 232 78 230
f 233 85 232
f 78 232 85
f 234 85 235
f 236 113 234
f 85 234 113
f 237 238 83
f 77 83 238
f 83 239 237
f 238 240 241
f 238 237 240
f 77 238 76
f 238 241 242
f 242 76 238
f 84 108 243
f 244 113 245
f 113 244 125
f 109 116 246
f 116 247 248
f 116 249 247
f 248 246 116
f 250 125 251
f 125 250 136
f 128 252 253
f 253 254 128
f 117 128 254
f 255 136 256
f 136 255 160
f 129 149 257
f 258 160 259
f 160 258 174
f 150 167 260
f 261 174 262
f 174 261 185
f 168 179 263
f 264 185 265
f 185 264 199
f 180 193 266
f 267 199 268
f 199 267 214
f 207 214 269
f 214 207 195
f 193 270 271
f 271 266 193
f 193 272 270
f 193 273 272
f 193 274 273
f 194 203 275
f 194 275 193
f 275 276 277
f 275 278 276
f 275 279 278
f 275 280 279
f 275 277 274
f 274 193 275
f 204 215 205
f 281 182 181
f 196 281 181
f 170 171 282
f 71 283 284
f 71 285 283
f 71 286 285
f 71 287 286
f 71 70 287
f 284 288 71
f 8 289 290
f 8 288 289
f 8 71 288
f 8 291 54
f 200 292 293
f 293 216 200
f 200 294 292
f 216 293 295
f 152 153 169
f 131 132 151
f 189 190 294
f 294 200 189
f 175 296 186
f 175 297 296
f 175 298 297
f 299 186 296
f 186 189 175
f 119 121 130
f 162 300 301
f 301 175 162
f 175 301 298
f 112 111 120
f 302 78 225
f 231 78 302
f 303 70 304
f 287 70 303
f 304 70 305
f 306 305 70
f 227 307 229
f 70 307 306
f 70 229 307
f 235 85 233
f 308 113 236
f 245 113 308
f 76 309 228
f 76 242 309
f 310 311 141
f 162 311 312
f 162 141 311
f 141 142 310
f 162 313 300
f 162 312 313
f 83 314 239
f 83 315 314
f 84 243 83
f 316 244 317
f 251 125 244
f 318 317 244
f 244 245 318
f 245 308 319
f 319 318 245
f 108 320 321
f 108 322 320
f 109 246 108
f 246 248 322
f 322 108 246
f 323 250 324
f 256 136 250
f 243 325 315
f 243 326 325
f 315 83 243
f 108 321 326
f 326 243 108
f 324 250 327
f 251 327 250
f 316 328 251
f 251 244 316
f 327 251 328
f 329 330 331
f 116 331 249
f 116 329 331
f 117 254 116
f 254 253 329
f 329 116 254
f 332 255 333
f 259 160 255
f 333 255 334
f 256 334 255
f 335 256 323
f 334 256 335
f 250 323 256
f 128 336 252
f 128 337 336
f 129 257 128
f 338 258 339
f 262 174 258
f 339 258 340
f 259 340 258
f 341 259 332
f 340 259 341
f 255 332 259
f 149 342 343
f 150 260 149
f 344 261 345
f 346 261 344
f 265 185 261
f 141 146 138
f 257 347 337
f 257 348 347
f 337 128 257
f 149 343 348
f 348 257 149
f 345 261 349
f 262 349 261
f 350 262 338
f 349 262 350
f 258 338 262
f 167 351 352
f 167 353 351
f 168 263 167
f 354 264 355
f 268 199 264
f 260 356 342
f 342 149 260
f 167 352 356
f 356 260 167
f 355 264 357
f 265 357 264
f 357 265 346
f 261 346 265
f 179 358 359
f 180 266 179
f 360 267 361
f 362 267 360
f 269 214 267
f 263 363 353
f 263 364 363
f 353 167 263
f 179 359 364
f 364 263 179
f 361 267 365
f 268 365 267
f 366 268 354
f 365 268 366
f 264 354 268
f 367 207 368
f 207 367 206
f 209 206 367
f 368 207 369
f 269 369 207
f 369 269 362
f 267 362 269
f 266 271 358
f 358 179 266
f 203 370 371
f 203 372 370
f 203 373 372
f 374 196 210
f 203 371 280
f 280 275 203
f 215 375 376
f 215 377 375
f 216 377 215
f 216 295 377
f 378 171 182
f 282 171 378
f 378 182 379
f 8 290 291
f 380 381 382
f 205 383 373
f 205 382 383
f 205 380 382
f 373 203 205
f 215 384 380
f 215 376 384
f 380 205 215
f 385 281 374
f 386 281 385
f 196 374 281
f 379 182 386
f 281 386 182
f 387 283 285
f 387 284 283
f 284 387 388
f 389 285 286
f 285 389 387
f 390 388 387
f 289 288 388
f 388 288 284
f 9 391 392
f 9 392 7
f 389 286 287
f 287 303 389
f 393 387 389
f 388 390 394
f 387 393 390
f 290 289 388
f 391 9 53
f 3 395 1
f 396 303 304
f 396 304 305
f 396 305 306
f 396 306 307
f 303 396 389
f 389 397 393
f 398 394 390
f 394 399 388
f 400 390 393
f 395 14 1
f 395 63 14
f 396 307 227
f 227 226 396
f 397 389 396
f 401 393 397
f 394 398 402
f 390 400 398
f 394 403 399
f 393 401 400
f 6 404 4
f 50 404 6
f 48 404 50
f 19 404 48
f 21 404 19
f 57 404 21
f 66 404 57
f 59 404 66
f 59 58 404
f 58 46 404
f 18 404 46
f 18 17 404
f 17 10 404
f 12 404 10
f 29 404 12
f 45 404 29
f 55 404 45
f 28 404 55
f 25 404 28
f 27 404 25
f 64 404 27
f 405 404 64
f 309 226 228
f 226 309 242
f 226 242 241
f 406 226 241
f 406 241 240
f 226 406 396
f 396 407 397
f 397 408 401
f 409 402 398
f 402 410 394
f 411 398 400
f 412 400 401
f 404 23 51
f 51 4 404
f 237 239 314
f 406 240 237
f 406 237 314
f 407 396 406
f 408 397 407
f 413 401 408
f 402 409 414
f 398 411 409
f 402 415 410
f 400 412 411
f 401 413 412
f 62 416 61
f 417 416 62
f 418 223 222
f 419 231 302
f 419 230 231
f 420 234 235
f 420 236 234
f 420 308 236
f 420 319 308
f 315 325 314
f 314 325 326
f 421 314 326
f 421 326 321
f 421 321 320
f 314 421 406
f 406 422 407
f 407 423 408
f 408 424 413
f 414 409 425
f 414 426 402
f 409 411 427
f 411 412 428
f 412 413 429
f 430 221 220
f 68 61 416
f 221 430 418
f 418 222 221
f 223 418 419
f 419 224 223
f 419 225 224
f 419 302 225
f 230 419 420
f 420 232 230
f 420 233 232
f 420 235 233
f 319 420 431
f 431 318 319
f 431 317 318
f 431 316 317
f 431 328 316
f 421 322 248
f 320 322 421
f 248 247 421
f 422 406 421
f 423 407 422
f 424 408 423
f 413 424 432
f 427 425 409
f 425 433 414
f 414 434 426
f 428 427 411
f 429 428 412
f 432 429 413
f 69 435 430
f 67 435 69
f 436 435 67
f 430 219 69
f 437 418 430
f 438 419 418
f 439 420 419
f 440 431 420
f 328 431 441
f 441 327 328
f 441 324 327
f 441 323 324
f 441 335 323
f 253 252 336
f 329 253 330
f 247 249 331
f 442 247 330
f 442 330 253
f 331 330 247
f 442 253 336
f 247 442 421
f 421 443 422
f 422 444 423
f 423 445 424
f 446 432 424
f 425 427 447
f 448 414 449
f 433 425 450
f 427 428 451
f 428 429 452
f 429 432 453
f 454 430 435
f 430 454 437
f 418 437 438
f 419 438 439
f 420 439 440
f 431 440 455
f 441 334 335
f 441 333 334
f 441 332 333
f 441 341 332
f 455 441 431
f 442 336 337
f 442 337 347
f 443 421 442
f 444 422 443
f 445 423 444
f 424 445 446
f 432 446 456
f 451 447 427
f 447 457 425
f 452 451 428
f 453 452 429
f 456 453 432
f 458 459 454
f 460 437 454
f 461 438 437
f 462 439 438
f 463 440 439
f 464 455 440
f 341 441 465
f 465 340 341
f 465 339 340
f 465 338 339
f 465 350 338
f 441 455 466
f 465 349 350
f 465 345 349
f 465 344 345
f 356 352 342
f 348 343 342
f 467 347 348
f 467 348 342
f 467 342 352
f 467 352 351
f 347 467 442
f 442 468 443
f 443 469 444
f 444 470 445
f 471 446 445
f 472 456 446
f 447 451 473
f 457 447 474
f 451 452 475
f 452 476 477
f 452 478 476
f 452 453 478
f 453 479 480
f 453 456 479
f 481 454 459
f 454 481 460
f 437 460 461
f 438 461 462
f 439 462 463
f 440 463 464
f 455 464 482
f 466 465 441
f 482 466 455
f 344 465 483
f 483 346 344
f 483 357 346
f 483 355 357
f 483 354 355
f 483 366 354
f 467 351 353
f 467 353 363
f 468 442 467
f 469 443 468
f 470 444 469
f 445 470 471
f 446 471 472
f 456 472 484
f 475 473 451
f 473 485 447
f 477 486 452
f 475 452 486
f 480 478 453
f 484 487 456
f 479 456 487
f 488 481 489
f 481 490 460
f 460 491 461
f 461 492 462
f 462 493 463
f 463 494 464
f 464 495 482
f 465 466 496
f 466 482 497
f 483 365 366
f 483 361 365
f 483 360 361
f 496 483 465
f 270 272 271
f 279 276 278
f 273 271 272
f 359 358 364
f 358 271 364
f 498 363 364
f 498 364 271
f 276 279 280
f 277 276 280
f 274 277 280
f 273 274 280
f 271 273 280
f 498 271 280
f 498 280 371
f 498 371 370
f 363 498 467
f 467 499 468
f 468 500 469
f 469 501 470
f 502 471 470
f 503 472 471
f 504 484 472
f 473 475 505
f 485 473 506
f 475 507 508
f 475 486 507
f 509 484 510
f 487 484 509
f 488 511 481
f 490 481 511
f 491 460 490
f 492 461 491
f 493 462 492
f 494 463 493
f 495 464 494
f 512 482 495
f 497 496 466
f 482 512 497
f 360 483 513
f 513 362 360
f 513 369 362
f 513 368 369
f 513 367 368
f 513 209 367
f 513 208 209
f 483 496 514
f 498 370 372
f 499 467 498
f 500 468 499
f 501 469 500
f 470 501 502
f 471 502 503
f 472 503 504
f 484 515 516
f 484 504 515
f 508 505 475
f 505 517 473
f 508 518 519
f 508 507 518
f 520 508 519
f 516 510 484
f 511 521 522
f 511 523 490
f 490 524 491
f 491 525 492
f 492 526 493
f 493 527 494
f 494 528 495
f 495 529 512
f 496 497 530
f 531 497 512
f 513 210 208
f 513 374 210
f 513 385 374
f 514 513 483
f 530 514 496
f 384 375 380
f 383 532 373
f 381 380 375
f 532 372 373
f 383 382 384
f 532 383 384
f 498 372 532
f 498 532 384
f 498 384 376
f 498 376 375
f 382 381 384
f 384 381 375
f 498 533 499
f 499 534 500
f 500 535 501
f 536 502 501
f 537 503 502
f 538 504 503
f 515 504 539
f 504 540 539
f 541 540 504
f 505 508 542
f 517 505 543
f 544 545 520
f 546 545 544
f 508 520 545
f 547 548 549
f 511 550 551
f 550 552 551
f 553 550 522
f 550 511 522
f 523 511 551
f 524 490 523
f 525 491 524
f 526 492 525
f 527 493 526
f 528 494 527
f 529 495 528
f 554 512 529
f 497 531 530
f 512 554 531
f 163 555 164
f 134 135 556
f 556 157 134
f 123 124 557
f 385 513 558
f 558 386 385
f 558 379 386
f 558 378 379
f 558 282 378
f 558 170 282
f 558 169 170
f 558 152 169
f 558 151 152
f 558 131 151
f 558 130 131
f 558 119 130
f 558 118 119
f 513 514 559
f 514 530 560
f 165 164 555
f 300 313 301
f 301 297 298
f 301 186 299
f 186 301 187
f 188 187 296
f 296 187 299
f 299 187 301
f 294 293 292
f 295 293 294
f 188 296 297
f 190 188 297
f 190 297 301
f 295 294 190
f 295 190 301
f 498 375 377
f 498 377 295
f 498 295 301
f 301 313 312
f 498 301 312
f 498 312 311
f 498 311 310
f 533 498 310
f 534 499 533
f 535 500 534
f 501 535 536
f 502 536 537
f 503 537 538
f 504 538 541
f 541 561 540
f 540 561 562
f 545 542 508
f 542 563 505
f 547 545 546
f 549 545 547
f 564 549 548
f 565 562 561
f 566 567 568
f 569 567 570
f 570 567 551
f 567 566 551
f 571 572 573
f 572 574 573
f 574 575 573
f 551 576 523
f 577 578 524
f 524 523 577
f 579 580 525
f 525 524 579
f 525 581 526
f 526 582 527
f 527 583 528
f 528 584 529
f 529 585 554
f 586 530 531
f 587 531 554
f 158 588 159
f 163 159 588
f 555 163 588
f 556 156 157
f 556 158 156
f 556 588 158
f 557 122 123
f 557 135 122
f 557 556 135
f 558 120 118
f 558 112 120
f 558 110 112
f 558 124 110
f 558 557 124
f 559 558 513
f 560 559 514
f 530 586 560
f 144 165 555
f 589 144 555
f 144 589 143
f 146 139 138
f 140 139 146
f 310 142 590
f 142 140 146
f 590 142 146
f 590 146 145
f 310 590 533
f 533 591 534
f 534 592 535
f 593 536 535
f 594 537 536
f 595 538 537
f 596 541 538
f 597 561 541
f 542 545 598
f 599 542 600
f 545 549 601
f 549 564 602
f 603 604 605
f 565 605 604
f 561 605 565
f 566 606 551
f 576 551 606
f 607 523 576
f 577 523 607
f 608 524 578
f 579 524 608
f 609 525 580
f 581 525 609
f 582 526 581
f 583 527 582
f 584 528 583
f 585 529 584
f 610 554 585
f 531 587 586
f 554 610 587
f 588 611 555
f 588 556 612
f 556 557 613
f 557 558 614
f 558 559 615
f 559 560 616
f 617 560 586
f 589 555 618
f 145 143 589
f 590 145 589
f 591 533 590
f 592 534 591
f 535 592 593
f 536 593 594
f 537 594 595
f 538 595 596
f 541 596 597
f 561 597 619
f 601 598 545
f 598 600 542
f 602 620 549
f 601 620 621
f 601 549 620
f 605 622 603
f 619 605 561
f 606 623 624
f 606 625 576
f 607 576 626
f 581 609 627
f 627 628 581
f 581 629 582
f 582 630 583
f 583 631 584
f 584 632 585
f 585 633 610
f 634 586 587
f 635 587 610
f 611 618 555
f 612 611 588
f 613 612 556
f 614 613 557
f 615 614 558
f 616 615 559
f 560 617 616
f 586 634 617
f 618 636 589
f 589 637 590
f 590 638 591
f 591 639 592
f 640 593 592
f 641 594 593
f 642 595 594
f 643 596 595
f 644 597 596
f 645 619 597
f 646 647 598
f 598 648 646
f 598 601 648
f 621 649 601
f 605 650 622
f 651 622 650
f 605 619 652
f 653 654 624
f 654 655 624
f 656 657 655
f 658 659 657
f 659 606 657
f 657 606 655
f 655 606 624
f 606 659 660
f 659 661 660
f 661 662 660
f 625 606 660
f 663 576 625
f 664 576 663
f 626 576 664
f 665 629 666
f 666 581 628
f 629 581 666
f 630 582 629
f 631 583 630
f 632 584 631
f 633 585 632
f 667 610 633
f 587 635 634
f 610 667 635
f 611 668 618
f 611 612 669
f 612 613 670
f 613 614 671
f 614 615 672
f 615 616 673
f 674 616 617
f 675 617 634
f 636 618 668
f 637 589 636
f 638 590 637
f 639 591 638
f 592 639 640
f 593 640 641
f 594 641 642
f 595 642 643
f 596 643 644
f 597 644 645
f 619 645 676
f 648 601 649
f 677 598 647
f 678 598 677
f 650 679 651
f 652 650 605
f 676 652 619
f 660 680 681
f 660 682 683
f 660 684 682
f 625 683 685
f 625 660 683
f 663 625 686
f 685 686 625
f 687 688 689
f 690 629 665
f 690 691 629
f 629 692 630
f 630 693 631
f 631 694 632
f 632 695 633
f 633 696 667
f 697 634 635
f 698 635 667
f 611 699 668
f 669 699 611
f 670 669 612
f 671 670 613
f 672 671 614
f 673 672 615
f 616 674 673
f 617 675 674
f 634 697 675
f 668 700 636
f 636 701 637
f 637 702 638
f 638 703 639
f 704 640 639
f 705 641 640
f 706 642 641
f 707 643 642
f 708 644 643
f 709 645 644
f 710 676 645
f 650 711 679
f 712 679 711
f 650 652 713
f 652 676 714
f 715 716 681
f 717 660 716
f 716 660 681
f 660 717 718
f 684 660 718
f 684 719 720
f 720 682 684
f 721 689 688
f 689 690 687
f 689 691 690
f 692 629 691
f 693 630 692
f 694 631 693
f 695 632 694
f 696 633 695
f 722 667 696
f 635 698 697
f 667 722 698
f 699 723 668
f 699 669 724
f 669 670 725
f 670 671 726
f 671 672 727
f 673 728 672
f 674 729 673
f 730 674 675
f 731 675 697
f 700 668 723
f 701 636 700
f 702 637 701
f 703 638 702
f 704 639 703
f 640 704 705
f 641 705 706
f 642 706 707
f 643 707 708
f 644 708 709
f 645 709 710
f 676 710 732
f 711 733 712
f 711 734 733
f 713 711 650
f 714 713 652
f 732 714 676
f 735 736 718
f 684 737 738
f 684 718 737
f 719 684 739
f 740 741 742
f 743 741 740
f 744 689 721
f 744 745 689
f 689 746 691
f 691 747 692
f 692 748 693
f 693 749 694
f 694 750 695
f 695 751 696
f 696 752 722
f 753 697 698
f 754 698 722
f 699 755 723
f 724 755 699
f 725 724 669
f 726 725 670
f 727 726 671
f 727 672 728
f 728 673 729
f 674 730 729
f 675 731 730
f 697 753 731
f 723 756 700
f 700 757 701
f 701 758 702
f 703 702 758
f 703 759 704
f 760 705 704
f 761 706 705
f 762 707 706
f 763 708 707
f 764 709 708
f 765 710 709
f 766 732 710
f 767 768 769
f 734 769 768
f 711 769 734
f 770 771 772
f 773 772 771
f 711 713 774
f 713 714 775
f 714 732 776
f 777 778 736
f 736 778 718
f 718 778 779
f 780 718 779
f 737 718 780
f 738 739 684
f 781 741 743
f 744 742 741
f 741 745 744
f 746 689 745
f 747 691 746
f 748 692 747
f 749 693 748
f 750 694 749
f 751 695 750
f 752 696 751
f 782 722 752
f 698 754 753
f 722 782 754
f 755 783 723
f 724 784 755
f 725 785 724
f 726 786 725
f 727 787 726
f 787 727 728
f 788 728 729
f 730 789 729
f 731 790 730
f 753 791 731
f 756 723 783
f 757 700 756
f 758 701 757
f 758 792 703
f 759 703 792
f 704 759 760
f 705 760 761
f 706 761 762
f 707 762 763
f 708 763 764
f 709 764 765
f 710 765 766
f 732 766 793
f 774 769 711
f 794 771 770
f 769 794 767
f 769 771 794
f 775 774 713
f 776 775 714
f 793 776 732
f 795 796 797
f 778 796 779
f 796 795 779
f 780 779 798
f 799 800 801
f 802 741 781
f 802 803 741
f 741 804 745
f 745 805 746
f 746 806 747
f 747 807 748
f 748 808 749
f 749 809 750
f 750 810 751
f 751 811 752
f 752 812 782
f 754 813 753
f 814 754 782
f 783 755 815
f 815 755 784
f 784 724 785
f 785 725 786
f 786 726 787
f 728 788 787
f 729 816 788
f 816 729 789
f 789 730 790
f 790 731 791
f 791 753 813
f 756 783 817
f 757 756 818
f 758 757 819
f 792 758 820
f 792 821 759
f 822 760 759
f 823 761 760
f 824 762 761
f 825 763 762
f 826 764 763
f 827 765 764
f 828 766 765
f 829 793 766
f 769 774 830
f 774 775 831
f 775 776 832
f 776 793 833
f 834 779 835
f 779 834 836
f 837 838 839
f 838 840 839
f 835 779 840
f 840 779 839
f 836 841 779
f 798 779 841
f 842 800 799
f 802 801 800
f 800 803 802
f 804 741 803
f 805 745 804
f 806 746 805
f 807 747 806
f 808 748 807
f 809 749 808
f 810 750 809
f 811 751 810
f 812 752 811
f 843 782 812
f 813 754 814
f 782 843 814
f 815 844 783
f 784 844 815
f 845 784 785
f 846 785 786
f 847 786 787
f 848 787 788
f 849 788 816
f 850 816 789
f 851 789 790
f 852 790 791
f 853 791 813
f 817 818 756
f 817 783 844
f 818 819 757
f 819 820 758
f 820 854 792
f 821 792 854
f 822 759 821
f 760 822 823
f 761 823 824
f 762 824 825
f 763 825 826
f 764 826 827
f 765 827 828
f 766 828 829
f 793 829 855
f 831 830 774
f 830 856 769
f 832 831 775
f 833 832 776
f 855 833 793
f 857 858 839
f 858 859 839
f 859 837 839
f 860 861 862
f 863 861 860
f 864 800 842
f 864 865 800
f 800 866 803
f 803 867 804
f 804 868 805
f 805 869 806
f 806 870 807
f 807 871 808
f 808 872 809
f 809 873 810
f 810 874 811
f 811 875 812
f 812 876 843
f 877 813 814
f 878 814 843
f 844 784 845
f 785 846 845
f 786 847 846
f 787 848 847
f 788 849 848
f 816 850 849
f 789 851 850
f 790 852 851
f 791 853 852
f 813 877 853
f 817 879 818
f 844 880 817
f 819 818 881
f 820 819 882
f 854 820 883
f 854 884 821
f 821 885 822
f 886 823 822
f 887 824 823
f 888 825 824
f 889 826 825
f 890 827 826
f 891 828 827
f 892 829 828
f 893 855 829
f 894 830 831
f 830 895 896
f 897 831 832
f 898 832 833
f 899 833 855
f 863 900 901
f 863 901 902
f 902 903 863
f 863 903 861
f 903 904 861
f 864 862 861
f 861 865 864
f 866 800 865
f 867 803 866
f 868 804 867
f 869 805 868
f 870 806 869
f 871 807 870
f 872 808 871
f 873 809 872
f 874 810 873
f 875 811 874
f 876 812 875
f 905 843 876
f 906 877 814
f 814 878 906
f 843 905 878
f 845 880 844
f 846 907 845
f 908 846 847
f 909 847 848
f 910 848 849
f 911 849 850
f 912 850 851
f 913 851 852
f 914 852 853
f 915 853 877
f 881 818 879
f 879 817 880
f 881 882 819
f 882 883 820
f 883 916 854
f 884 854 916
f 885 821 884
f 886 822 885
f 823 886 887
f 824 887 888
f 825 888 889
f 826 889 890
f 827 890 891
f 828 891 892
f 829 892 893
f 917 855 893
f 831 897 894
f 830 894 895
f 832 898 897
f 833 899 898
f 855 917 899
f 918 861 904
f 918 919 861
f 861 920 865
f 865 921 866
f 866 922 867
f 867 923 868
f 868 924 869
f 869 925 870
f 870 926 871
f 871 927 872
f 872 928 873
f 873 929 874
f 874 930 875
f 875 931 876
f 876 932 905
f 933 877 906
f 934 906 878
f 935 878 905
f 880 845 907
f 907 846 908
f 847 909 908
f 848 910 909
f 849 911 910
f 850 912 911
f 851 913 912
f 852 914 913
f 853 915 914
f 877 933 915
f 879 936 881
f 880 937 879
f 882 881 938
f 883 882 939
f 916 883 940
f 916 941 884
f 884 942 885
f 885 943 886
f 944 887 886
f 945 888 887
f 946 889 888
f 947 890 889
f 948 891 890
f 949 892 891
f 950 893 892
f 893 951 917
f 952 894 897
f 894 953 954
f 955 897 898
f 956 898 899
f 957 899 917
f 958 959 960
f 918 960 959
f 959 919 918
f 920 861 919
f 921 865 920
f 922 866 921
f 923 867 922
f 924 868 923
f 925 869 924
f 926 870 925
f 927 871 926
f 928 872 927
f 929 873 928
f 930 874 929
f 931 875 930
f 932 876 931
f 961 905 932
f 962 933 906
f 906 934 962
f 878 935 934
f 905 961 935
f 907 937 880
f 908 963 907
f 964 908 909
f 965 909 910
f 966 910 911
f 967 911 912
f 968 912 913
f 969 913 914
f 970 914 915
f 971 915 933
f 938 881 936
f 936 879 937
f 938 939 882
f 939 940 883
f 940 972 916
f 941 916 972
f 942 884 941
f 943 885 942
f 944 886 943
f 887 944 945
f 888 945 946
f 889 946 947
f 890 947 948
f 891 948 949
f 892 949 950
f 951 893 950
f 973 917 951
f 897 955 952
f 894 952 953
f 898 956 955
f 899 957 956
f 917 973 957
f 974 959 958
f 959 975 919
f 919 976 920
f 920 977 921
f 921 978 922
f 922 979 923
f 923 980 924
f 924 981 925
f 925 982 926
f 926 983 927
f 927 984 928
f 928 985 929
f 986 929 985
f 929 986 930
f 930 987 931
f 931 988 932
f 932 989 961
f 990 933 962
f 991 962 934
f 992 934 935
f 993 935 961
f 937 907 963
f 963 908 964
f 909 965 964
f 910 966 965
f 911 967 966
f 912 968 967
f 913 969 968
f 914 970 969
f 915 971 970
f 933 990 971
f 994 995 996
f 997 998 999
f 1000 998 1001
f 1002 1003 1004
f 994 996 990
f 968 969 1005
f 995 1006 1007
f 997 1001 998
f 1007 996 995
f 938 936 964
f 1008 1002 1009
f 940 939 966
f 1010 995 994
f 1011 1012 1006
f 1013 1014 1015
f 939 938 965
f 1007 1006 1012
f 971 996 1007
f 1016 1013 1003
f 1017 1018 993
f 993 1019 1017
f 1007 1012 971
f 990 1020 994
f 1000 991 998
f 999 998 991
f 965 966 939
f 972 940 967
f 1015 1003 1013
f 970 971 1012
f 1019 993 1021
f 936 937 963
f 963 964 936
f 1021 1008 1019
f 1009 1019 1008
f 1003 1002 1016
f 1005 972 968
f 1001 1010 1022
f 992 993 1018
f 971 990 996
f 1011 1023 970
f 967 968 972
f 970 1012 1011
f 1004 1009 1002
f 1000 1022 1020
f 1006 1023 1011
f 999 992 997
f 1020 991 1000
f 994 1022 1010
f 964 965 938
f 994 1020 1022
f 1001 1022 1000
f 966 967 940
f 991 992 999
f 969 970 1023
f 1018 997 992
f 1023 1005 969
f 972 1005 941
f 941 1024 942
f 942 1025 943
f 943 1026 944
f 1027 945 944
f 1028 946 945
f 1029 947 946
f 1030 948 947
f 1031 949 948
f 1032 950 949
f 950 1033 951
f 951 1034 973
f 1035 952 955
f 952 1036 1037
f 1038 955 956
f 1039 956 957
f 1040 957 973
f 1041 1042 959
f 975 959 1042
f 976 919 975
f 977 920 976
f 978 921 977
f 979 922 978
f 980 923 979
f 981 924 980
f 982 925 981
f 983 926 982
f 984 927 983
f 985 928 984
f 987 930 986
f 988 931 987
f 989 932 988
f 1021 961 989
f 1020 990 962
f 962 991 1020
f 934 992 991
f 935 993 992
f 961 1021 993
f 1024 941 1005
f 1025 942 1024
f 1026 943 1025
f 1027 944 1026
f 945 1027 1028
f 946 1028 1029
f 947 1029 1030
f 948 1030 1031
f 949 1031 1032
f 1033 950 1032
f 1034 951 1033
f 1043 973 1034
f 955 1038 1035
f 952 1035 1036
f 956 1039 1038
f 957 1040 1039
f 973 1043 1040
f 1042 1041 1044
f 975 1042 1045
f 976 975 1046
f 977 976 1047
f 978 977 1048
f 979 978 1049
f 980 979 1050
f 981 980 1051
f 982 981 1052
f 983 982 1053
f 984 983 1054
f 985 984 1055
f 985 1056 986
f 986 1057 987
f 987 1058 988
f 988 1059 989
f 989 1008 1021
f 1005 1023 1024
f 1024 1060 1025
f 1025 1061 1026
f 1027 1026 1062
f 1063 1028 1027
f 1064 1029 1028
f 1065 1030 1029
f 1066 1031 1030
f 1067 1032 1031
f 1032 1068 1033
f 1033 1069 1034
f 1034 1070 1043
f 1071 1035 1038
f 1035 1072 1073
f 1074 1038 1039
f 1075 1039 1040
f 1076 1040 1043
f 1042 1077 1078
f 1045 1046 975
f 1079 1045 1042
f 1046 1047 976
f 1047 1048 977
f 1048 1049 978
f 1049 1050 979
f 1050 1051 980
f 1051 1052 981
f 1052 1053 982
f 1053 1054 983
f 1054 1055 984
f 1055 1056 985
f 1080 986 1056
f 1057 986 1080
f 1058 987 1057
f 1059 988 1058
f 1008 989 1059
f 1023 1006 1060
f 1006 995 1081
f 1082 995 1010
f 1060 1024 1023
f 1061 1025 1060
f 1062 1026 1061
f 1062 1063 1027
f 1028 1063 1064
f 1029 1064 1065
f 1030 1065 1066
f 1031 1066 1067
f 1068 1032 1067
f 1069 1033 1068
f 1070 1034 1069
f 1083 1043 1070
f 1038 1074 1071
f 1035 1071 1072
f 1039 1075 1074
f 1040 1076 1075
f 1043 1083 1076
f 1046 1045 1084
f 1085 1045 1079
f 1047 1046 1086
f 1048 1047 1087
f 1049 1048 1088
f 1050 1049 1089
f 1051 1050 1090
f 1052 1051 1091
f 1053 1052 1092
f 1054 1053 1093
f 1055 1054 1094
f 1056 1055 1095
f 1080 1056 1096
f 1080 1097 1057
f 1057 1098 1058
f 1058 1099 1059
f 1059 1002 1008
f 1010 1001 1082
f 1001 997 1100
f 997 1018 1101
f 1018 1017 1102
f 1017 1019 1103
f 1081 1060 1006
f 1082 1081 995
f 1060 1081 1061
f 1062 1061 1104
f 1063 1062 1105
f 1106 1064 1063
f 1107 1065 1064
f 1108 1066 1065
f 1109 1067 1066
f 1067 1110 1068
f 1068 1111 1069
f 1069 1112 1070
f 1070 1113 1083
f 1114 1071 1074
f 1071 1115 1116
f 1117 1074 1075
f 1118 1075 1076
f 1118 1076 1083
f 1084 1086 1046
f 1119 1084 1045
f 1086 1087 1047
f 1087 1088 1048
f 1088 1089 1049
f 1089 1090 1050
f 1090 1091 1051
f 1091 1092 1052
f 1092 1093 1053
f 1093 1094 1054
f 1094 1095 1055
f 1095 1096 1056
f 1096 1097 1080
f 1120 1057 1097
f 1098 1057 1120
f 1099 1058 1098
f 1002 1059 1099
f 1019 1009 1121
f 1100 1082 1001
f 1101 1100 997
f 1102 1101 1018
f 1103 1102 1017
f 1121 1103 1019
f 1104 1081 1082
f 1104 1061 1081
f 1104 1122 1062
f 1105 1062 1122
f 1105 1106 1063
f 1064 1106 1107
f 1065 1107 1108
f 1066 1108 1109
f 1110 1067 1109
f 1111 1068 1110
f 1112 1069 1111
f 1113 1070 1112
f 1123 1083 1113
f 1124 1071 1114
f 1114 1074 1117
f 1115 1071 1124
f 1117 1075 1118
f 1118 1083 1125
f 1086 1084 1126
f 1084 1119 1127
f 1087 1086 1128
f 1088 1087 1129
f 1089 1088 1130
f 1090 1089 1131
f 1091 1090 1132
f 1092 1091 1133
f 1093 1092 1134
f 1094 1093 1135
f 1095 1094 1136
f 1096 1095 1137
f 1097 1096 1138
f 1097 1139 1120
f 1120 1140 1098
f 1098 1141 1099
f 1099 1016 1002
f 1142 1121 1009
f 1082 1100 1104
f 1100 1101 1122
f 1101 1102 1143
f 1102 1103 1144
f 1103 1121 1145
f 1122 1104 1100
f 1122 1143 1105
f 1106 1105 1146
f 1147 1107 1106
f 1148 1108 1107
f 1149 1109 1108
f 1109 1150 1110
f 1110 1151 1111
f 1111 1152 1112
f 1112 1153 1113
f 1125 1083 1123
f 1123 1113 1154
f 1124 1114 1155
f 1114 1117 1156
f 1115 1124 1157
f 1117 1118 1158
f 1118 1125 1159
f 1126 1128 1086
f 1160 1126 1084
f 1128 1129 1087
f 1129 1130 1088
f 1130 1131 1089
f 1131 1132 1090
f 1132 1133 1091
f 1133 1134 1092
f 1134 1135 1093
f 1135 1136 1094
f 1136 1137 1095
f 1137 1138 1096
f 1138 1139 1097
f 1161 1120 1139
f 1162 1163 1164
f 410 1165 1166
f 1167 896 1168
f 1168 896 1169
f 1169 896 895
f 1170 1119 1171
f 1172 1173 1037
f 543 1174 517
f 1175 459 1176
f 1174 543 1177
f 1178 434 448
f 1179 1180 1181
f 771 1182 1183
f 1184 1162 1164
f 1185 1186 1187
f 1188 1184 856
f 1119 1170 1127
f 1189 410 1190
f 1190 410 415
f 1191 404 1192
f 459 1193 1194
f 521 1195 1196
f 1197 433 1198
f 433 1197 1199
f 1200 1172 1037
f 1201 1202 1203
f 1204 1205 1206
f 1206 1205 1207
f 1208 403 1209
f 1209 403 1166
f 1210 1211 1212
f 1165 410 1189
f 1213 1210 563
f 1214 1215 1160
f 1160 1216 1217
f 1202 1201 1218
f 1201 1219 1218
f 485 1220 1221
f 1078 1222 1079
f 1223 434 1224
f 1224 434 1178
f 1225 1226 1041
f 1226 1044 1041
f 1227 1213 1228
f 1229 1230 1231
f 1232 1233 954
f 1233 1230 954
f 1234 1235 681
f 1180 1179 1041
f 1236 506 1237
f 1237 506 1238
f 1239 1240 1241
f 1240 1242 1241
f 1243 1244 953
f 1177 543 1245
f 1245 543 1211
f 1211 543 1212
f 1246 571 573
f 1247 450 1248
f 1249 1250 1116
f 1251 1252 1253
f 1186 1254 1187
f 1254 1255 1187
f 1256 1257 1072
f 1258 1239 1073
f 1079 1259 1085
f 681 1260 1234
f 392 1261 1262
f 680 1263 1260
f 1264 434 1223
f 1265 1266 1119
f 434 1264 426
f 1216 1160 1215
f 1215 1214 1267
f 450 1198 433
f 1268 1269 1270
f 1270 1269 1271
f 857 1272 1273
f 1274 600 1268
f 1269 1268 600
f 1271 1269 1275
f 600 1274 599
f 1242 1200 1036
f 1257 1258 1073
f 623 1276 1277
f 599 1274 1207
f 1183 1185 773
f 839 1278 1272
f 1278 839 1279
f 1280 1262 1261
f 1281 795 1282
f 1282 795 797
f 795 1281 1279
f 1198 450 1247
f 1205 1283 1207
f 1207 1283 599
f 1284 1285 1243
f 1244 1232 954
f 399 1286 1287
f 1288 1289 1044
f 1290 1077 1289
f 1289 1077 1044
f 1041 1179 1225
f 1291 417 1191
f 1292 1256 1250
f 1250 1256 1293
f 426 1294 415
f 1295 448 1296
f 416 417 1297
f 474 1298 1299
f 1300 1301 1302
f 404 405 1303
f 1303 405 1304
f 1305 403 1306
f 1217 1307 1308
f 1248 450 1309
f 1309 450 1310
f 1182 771 1163
f 1163 771 1164
f 1311 1228 1283
f 1283 1228 599
f 1307 1217 1312
f 1313 1249 1116
f 1231 1169 895
f 1273 1314 857
f 1285 1284 1173
f 1173 1284 1037
f 1222 1078 1315
f 1238 506 517
f 1230 1229 954
f 1314 1316 857
f 449 1296 448
f 1171 1119 1266
f 1085 1317 1318
f 1127 1170 1319
f 1219 1313 1218
f 1218 1313 1115
f 1312 1217 1216
f 1320 506 1236
f 1253 1321 1251
f 1321 1276 1251
f 1276 623 1251
f 1266 1265 1322
f 1259 1079 1222
f 1317 1085 1259
f 1077 1290 1323
f 1294 426 1324
f 1044 1226 1288
f 1325 1302 624
f 1324 426 1264
f 1326 1327 1328
f 1327 1326 1181
f 1221 1298 474
f 1329 1262 1280
f 1296 449 1330
f 1252 1251 566
f 1331 457 1332
f 1332 457 1299
f 1299 457 474
f 436 416 1333
f 1220 485 1320
f 1306 403 1208
f 1334 1335 1336
f 1335 458 1336
f 1193 459 458
f 1235 1234 1337
f 624 1277 1325
f 1302 1325 1300
f 1263 680 1338
f 417 1291 1339
f 566 568 1252
f 1298 1221 1220
f 1340 1297 417
f 1272 857 839
f 458 1335 1193
f 435 1341 1342
f 1287 1343 391
f 522 1344 1345
f 1344 522 1196
f 573 522 1346
f 405 395 1304
f 1304 395 1347
f 489 1348 1349
f 1350 457 1331
f 1262 1329 395
f 488 489 1349
f 457 1350 1310
f 1351 856 896
f 1330 449 1352
f 1352 449 1199
f 1345 1346 522
f 1194 1176 459
f 1286 399 1305
f 1353 1341 436
f 1341 435 436
f 1336 435 1342
f 391 1354 392
f 506 1320 485
f 403 1305 399
f 1261 392 1355
f 1355 392 1354
f 1354 391 1343
f 1343 1287 1356
f 1356 1287 1286
f 1357 1348 1175
f 1348 489 1175
f 1358 1359 488
f 1195 521 1359
f 1359 521 488
f 1347 395 1329
f 1337 1360 1235
f 1360 1361 1235
f 773 771 1183
f 1037 1036 1200
f 563 1228 1213
f 1036 1241 1242
f 1212 563 1210
f 953 1284 1243
f 954 953 1244
f 895 1229 1231
f 1116 1115 1313
f 1310 1350 1309
f 1293 1116 1250
f 1072 1293 1256
f 1073 1072 1257
f 1228 1311 1227
f 1187 773 1185
f 1199 1197 1352
f 1241 1073 1239
f 1164 856 1184
f 517 1174 1238
f 1342 1334 1336
f 896 1167 1351
f 415 1294 1190
f 1166 1165 1209
f 856 1351 1188
f 1322 1265 1318
f 1318 1265 1085
f 1308 1203 1217
f 1203 1202 1217
f 1319 1267 1127
f 1267 1214 1127
f 1323 1315 1077
f 1315 1078 1077
f 1181 1180 1327
f 1303 1362 404
f 1362 1192 404
f 1339 1340 417
f 448 1295 1178
f 1192 1291 1191
f 1279 839 795
f 1260 681 680
f 1277 624 623
f 1176 1357 1175
f 1349 1358 488
f 1196 522 521
f 1297 1333 416
f 1333 1353 436
f 1346 1246 573
f 1140 1120 1161
f 1141 1098 1140
f 1016 1099 1141
f 1009 1004 1142
f 1121 1142 1363
f 1143 1122 1101
f 1144 1143 1102
f 1145 1144 1103
f 1363 1145 1121
f 1146 1105 1143
f 1146 1147 1106
f 1107 1147 1148
f 1108 1148 1149
f 1150 1109 1149
f 1151 1110 1150
f 1152 1111 1151
f 1153 1112 1152
f 1154 1113 1153
f 1125 1123 1364
f 1123 1154 1365
f 1155 1157 1124
f 1156 1155 1114
f 1158 1156 1117
f 1157 1202 1218
f 1159 1158 1118
f 1364 1159 1125
f 1128 1126 1157
f 1126 1160 1217
f 1129 1128 1155
f 1130 1129 1156
f 1131 1130 1158
f 1132 1131 1159
f 1133 1132 1364
f 1134 1133 1365
f 1135 1134 1366
f 1136 1135 1367
f 1137 1136 1368
f 1138 1137 1369
f 1139 1138 1370
f 1139 1371 1161
f 1161 1372 1140
f 1373 1141 1140
f 1013 1016 1141
f 1004 1003 1374
f 1374 1142 1004
f 1375 1363 1142
f 1143 1144 1146
f 1144 1145 1376
f 1145 1363 1377
f 1147 1146 1376
f 1378 1148 1147
f 1379 1149 1148
f 1149 1380 1150
f 1150 1381 1151
f 1151 1382 1152
f 1152 1383 1153
f 1154 1153 1384
f 1365 1364 1123
f 1366 1365 1154
f 1157 1155 1128
f 1155 1156 1129
f 1156 1158 1130
f 1202 1157 1126
f 1158 1159 1131
f 1159 1364 1132
f 1364 1365 1133
f 1365 1366 1134
f 1366 1367 1135
f 1367 1368 1136
f 1368 1369 1137
f 1369 1370 1138
f 1370 1371 1139
f 1385 1161 1371
f 1372 1161 1385
f 1140 1372 1373
f 1141 1373 1013
f 1386 1374 1003
f 1142 1374 1375
f 1363 1375 1387
f 1376 1146 1144
f 1377 1376 1145
f 1387 1377 1363
f 1376 1378 1147
f 1378 1379 1148
f 1380 1149 1379
f 1381 1150 1380
f 1382 1151 1381
f 1383 1152 1382
f 1384 1153 1383
f 1154 1384 1366
f 1367 1366 1384
f 1368 1367 1388
f 1369 1368 1389
f 1370 1369 1390
f 1371 1370 1391
f 1371 1392 1385
f 1393 1372 1385
f 1394 1373 1372
f 1014 1013 1373
f 1386 1003 1015
f 1374 1386 1395
f 1395 1375 1374
f 1396 1387 1375
f 1378 1376 1377
f 1377 1387 1378
f 1379 1378 1397
f 1379 1398 1380
f 1380 1399 1381
f 1381 1400 1382
f 1382 1401 1383
f 1384 1383 1401
f 1384 1388 1367
f 1388 1389 1368
f 1389 1390 1369
f 1390 1391 1370
f 1391 1392 1371
f 1402 1385 1392
f 1385 1402 1393
f 1372 1393 1394
f 1373 1394 1014
f 1403 1015 1014
f 1015 1403 1386
f 1404 1395 1386
f 1375 1395 1396
f 1387 1396 1397
f 1397 1378 1387
f 1397 1398 1379
f 1399 1380 1398
f 1400 1381 1399
f 1401 1382 1400
f 1384 1401 1388
f 1388 1401 1389
f 1389 1405 1390
f 1390 1406 1391
f 1391 1407 1392
f 1402 1392 1407
f 1393 1402 1408
f 1394 1393 1409
f 1014 1394 1403
f 1404 1386 1403
f 1395 1404 1410
f 1410 1396 1395
f 1411 1397 1396
f 1398 1397 1411
f 1398 1412 1399
f 1399 1413 1400
f 1400 1405 1401
f 1389 1401 1405
f 1390 1405 1406
f 1391 1406 1414
f 1391 1414 1407
f 1407 1408 1402
f 1408 1409 1393
f 1409 1403 1394
f 1403 1409 1404
f 1415 1410 1404
f 1416 1396 1410
f 1396 1416 1411
f 1412 1398 1411
f 1413 1399 1412
f 1405 1400 1413
f 1413 1406 1405
f 1417 1414 1406
f 1418 1407 1414
f 1407 1415 1408
f 1408 1415 1409
f 1404 1409 1415
f 1418 1410 1415
f 1410 1418 1416
f 1411 1416 1412
f 1412 1417 1413
f 1406 1413 1417
f 1414 1417 1418
f 1415 1407 1418
f 1416 1418 1417
f 1417 1412 1416
f 1287 388 399
f 290 54 291
f 1287 54 290
f 388 1287 290
f 391 53 54
f 391 54 1287
f 1262 15 16
f 1262 16 7
f 1262 7 392
f 1262 3 15
f 3 1262 395
f 410 1166 394
f 403 394 1166
f 405 64 63
f 63 395 405
f 415 402 426
f 1191 22 23
f 23 404 1191
f 22 417 65
f 1191 417 22
f 62 65 417
f 434 414 448
f 68 416 436
f 430 220 219
f 436 67 68
f 1199 414 433
f 449 414 1199
f 1310 425 457
f 450 425 1310
f 454 435 1336
f 454 1336 458
f 1221 447 485
f 474 447 1221
f 481 459 1175
f 1175 489 481
f 506 473 517
f 511 488 521
f 1212 505 563
f 543 505 1212
f 552 570 551
f 573 575 522
f 575 553 522
f 563 542 1228
f 1228 542 599
f 606 566 1251
f 606 1251 623
f 600 598 1269
f 1419 1275 1269
f 1269 678 1419
f 1269 598 678
f 662 1420 660
f 1302 1421 624
f 1421 653 624
f 680 1422 1338
f 1420 1423 660
f 1423 1422 660
f 1422 680 660
f 1301 1421 1302
f 1235 1424 681
f 1424 715 681
f 1425 718 717
f 1426 735 718
f 1361 1427 1235
f 1427 1424 1235
f 1426 718 1425
f 1187 772 773
f 779 795 839
f 771 769 1164
f 1164 769 856
f 1316 858 857
f 896 856 830
f 895 894 1229
f 954 1229 894
f 959 1180 1041
f 1428 1327 1180
f 1428 959 974
f 1180 959 1428
f 953 952 1284
f 1037 1284 952
f 1042 1044 1077
f 1241 1036 1035
f 1035 1073 1241
f 1078 1079 1042
f 1265 1119 1045
f 1045 1085 1265
f 1293 1072 1071
f 1071 1116 1293
f 1214 1160 1084
f 1127 1214 1084
f 1218 1115 1157
f 1217 1202 1126
f 1429 1430 1431
f 1432 1433 1434
f 1435 1433 1436
f 1437 1430 1438
f 1438 1430 1439
f 1439 1430 1440
f 1187 1430 772
f 770 1430 794
f 772 1430 770
f 1441 1433 1435
f 1442 1433 1432
f 1431 1430 1255
f 1255 1430 1187
f 1434 1430 1443
f 1443 1430 1444
f 1444 1430 1437
f 1430 1434 1433
f 1445 1433 1442
f 1446 1430 1429
f 1440 1430 1446
f 1447 1433 1448
f 1448 1433 1449
f 1449 1433 1450
f 1451 1452 1453
f 1452 1454 1453
f 1453 1454 1455
f 1454 1450 1455
f 1450 1433 1455
f 1455 1433 1441
f 1436 1433 1445
f 1430 1433 1456
f 1430 767 794
f 767 1430 768
f 609 1457 627
f 539 516 515
f 1458 509 510
f 510 516 1458
f 666 628 1459
f 1458 516 539
f 480 476 478
f 479 487 1460
f 479 1460 480
f 480 1460 476
f 487 509 1460
f 1460 509 1458
f 609 580 1457
f 1457 580 579
f 1457 579 608
f 1459 627 1457
f 1459 628 627
f 1461 1207 1462
f 1462 1207 1463
f 1463 1207 1464
f 1207 1465 1206
f 1465 1207 1461
f 1460 477 476
f 608 578 1457
f 486 477 1460
f 486 1460 507
f 1460 518 507
f 518 1460 519
f 1433 1466 1467
f 1467 1456 1433
f 1468 1430 1456
f 1430 1468 1469
f 733 734 1469
f 734 768 1469
f 1469 768 1430
f 1275 1466 1271
f 620 1469 621
f 1270 1464 1268
f 1419 1466 1275
f 1470 1419 678
f 646 648 1469
f 519 1460 520
f 1469 1468 1470
f 520 1460 544
f 621 1469 649
f 646 1470 647
f 1458 620 602
f 548 1460 564
f 1470 1466 1419
f 1458 602 564
f 1458 564 1460
f 1469 1470 646
f 647 1470 677
f 1274 1464 1207
f 1271 1466 1464
f 1271 1464 1270
f 678 677 1470
f 547 1460 548
f 649 1469 648
f 1268 1464 1274
f 1458 1469 620
f 1466 1470 1468
f 544 1460 547
f 544 547 546
f 1471 1467 1466
f 1456 1467 1472
f 1473 1468 1456
f 1468 1471 1466
f 1467 1471 1474
f 1474 1472 1467
f 1456 1472 1473
f 1471 1468 1473
f 1475 1474 1471
f 1474 1476 1477
f 1477 1472 1474
f 1473 1472 1478
f 1473 1475 1471
f 1475 1476 1474
f 1477 1478 1472
f 1475 1473 1478
f 1476 1475 1479
f 1476 1480 1477
f 1481 1477 1480
f 1478 1477 1482
f 1478 1479 1475
f 1476 1479 1480
f 1477 1481 1482
f 1479 1478 1482
f 1483 1480 1479
f 1484 1481 1480
f 1485 1482 1481
f 1482 1485 1479
f 1483 1479 1485
f 1480 1483 1484
f 1481 1484 1486
f 1486 1485 1481
f 1485 1487 1483
f 1484 1483 1488
f 1484 1488 1486
f 1489 1486 1488
f 1489 1485 1486
f 1490 1483 1487
f 1487 1485 1491
f 1492 1491 1485
f 1488 1483 1493
f 1485 1489 1492
f 1487 1494 1490
f 1495 1490 1494
f 1496 1493 1490
f 1483 1490 1493
f 1491 1494 1487
f 1497 1488 1493
f 1497 1498 1489
f 1489 1488 1497
f 1498 1492 1489
f 1496 1491 1492
f 1491 1496 1495
f 1495 1494 1491
f 1499 1497 1493
f 1500 1492 1498
f 1495 1496 1490
f 1492 1493 1496
f 1493 1501 1499
f 1498 1497 1499
f 1500 1502 1492
f 1499 1500 1498
f 1493 1492 1502
f 1503 1499 1501
f 1502 1501 1493
f 1502 1500 1504
f 1503 1504 1500
f 1500 1499 1503
f 1503 1501 1505
f 1501 1502 1505
f 1502 1504 1506
f 1505 1507 1503
f 1506 1505 1502
f 1508 1506 1504
f 1508 1503 1507
f 1503 1508 1504
f 1505 1509 1507
f 1505 1506 1509
f 1506 1508 1510
f 1511 1507 1509
f 1507 1512 1508
f 1510 1509 1506
f 1510 1508 1512
f 1509 1513 1511
f 1512 1507 1511
f 1509 1510 1513
f 1512 1514 1510
f 1515 1511 1513
f 1511 1516 1512
f 1514 1513 1510
f 1512 1516 1514
f 1517 1515 1518
f 1518 1515 1519
f 1519 1515 1520
f 1515 1513 1520
f 1516 1511 1515
f 841 1521 798
f 719 1457 720
f 798 1521 780
f 1521 834 1522
f 780 1521 1459
f 1523 1459 1521
f 1520 1513 1524
f 1524 1513 1525
f 1525 1513 1526
f 1526 1513 1521
f 682 1457 683
f 1457 719 1459
f 737 780 1459
f 720 1457 682
f 738 737 1459
f 1521 1514 1523
f 836 1521 841
f 719 739 1459
f 1522 1527 1521
f 1527 1528 1521
f 1528 1529 1521
f 1529 1530 1521
f 739 738 1459
f 1514 1521 1513
f 834 1521 836
f 1530 1526 1521
f 900 902 901
f 1516 903 902
f 1516 902 900
f 900 1514 1516
f 960 974 958
f 960 1428 974
f 1516 1428 960
f 1516 960 918
f 904 1516 918
f 903 1516 904
f 577 1457 578
f 577 607 1457
f 607 626 1457
f 1457 626 664
f 1531 1516 1532
f 1533 1515 1534
f 1535 1516 1536
f 1536 1516 1537
f 1537 1516 1531
f 1428 1516 1327
f 1538 1516 1539
f 1540 1516 1538
f 1328 1516 1540
f 1327 1516 1328
f 1541 1515 1533
f 1542 1515 1541
f 1543 1516 1542
f 1544 1516 1543
f 1532 1516 1544
f 1515 1542 1516
f 1545 1515 1546
f 1547 1515 1545
f 1548 1515 1547
f 1549 1515 1548
f 1550 1515 1549
f 1551 1515 1550
f 1552 1515 1551
f 1534 1553 1554
f 1534 1552 1553
f 1534 1515 1552
f 1546 1515 1555
f 1539 1516 1535
f 862 1523 860
f 539 540 1458
f 1459 665 666
f 690 665 1459
f 687 690 1459
f 687 1459 688
f 688 1459 721
f 1459 744 721
f 744 1459 742
f 1459 740 742
f 743 740 1459
f 781 743 1459
f 864 1523 862
f 842 1523 864
f 1523 842 799
f 799 801 1523
f 801 802 1523
f 1523 802 781
f 1523 781 1459
f 863 860 1523
f 863 1523 900
f 1523 1514 900
f 1433 1556 1557
f 1433 1557 1558
f 1466 1433 1558
f 1464 1559 1463
f 1559 1464 1558
f 1558 1464 1466
f 663 1457 664
f 686 685 1457
f 1457 663 686
f 1457 685 683
f 540 562 1458
f 565 1458 562
f 1458 565 604
f 1458 604 603
f 603 622 1458
f 1469 712 733
f 712 1469 679
f 651 679 1469
f 622 651 1469
f 1458 622 1469
f 1560 1561 1562
f 1517 1560 1562
f 1517 1562 1563
f 1517 1563 1564
f 1517 1564 1565
f 1517 1565 1566
f 1517 1566 1567
f 1567 1568 1569
f 1570 1571 1572
f 1569 1570 1572
f 1569 1572 1515
f 1567 1569 1515
f 1517 1567 1515
f 1453 1573 1451
f 1573 1556 1451
f 1451 1556 1574
f 1574 1556 1575
f 1575 1556 1576
f 1576 1556 1577
f 1577 1556 1578
f 1447 1578 1433
f 1578 1556 1433
f 1555 1515 1572
f 1579 1580 1581
f 1582 1580 1579
f 1308 1307 1581
f 1580 1308 1581
f 1581 1583 1579
f 1584 1582 1579
f 1582 1585 1580
f 1580 1203 1308
f 1203 1580 1201
f 1312 1581 1307
f 1581 1312 1216
f 1581 1216 1215
f 1581 1215 1267
f 1581 1267 1319
f 1583 1581 1586
f 1587 1579 1583
f 1588 1582 1584
f 1579 1587 1584
f 1589 1580 1585
f 1585 1582 1590
f 1580 1219 1201
f 1580 1313 1219
f 1580 1249 1313
f 1580 1250 1249
f 1580 1292 1250
f 1580 1589 1292
f 1322 1318 1586
f 1266 1322 1586
f 1171 1266 1586
f 1170 1171 1586
f 1319 1170 1586
f 1581 1319 1586
f 1586 1591 1583
f 1583 1592 1587
f 1593 1588 1584
f 1588 1590 1582
f 1594 1584 1587
f 1585 1595 1589
f 1590 1596 1585
f 1239 1589 1240
f 1258 1589 1239
f 1257 1589 1258
f 1256 1589 1257
f 1292 1589 1256
f 1317 1586 1318
f 1586 1317 1259
f 1586 1259 1222
f 1586 1222 1315
f 1586 1315 1323
f 1591 1586 1597
f 1592 1583 1591
f 1598 1587 1592
f 1584 1594 1593
f 1593 1590 1588
f 1587 1598 1594
f 1599 1589 1595
f 1595 1585 1596
f 1596 1590 1600
f 1589 1200 1242
f 1589 1172 1200
f 1589 1173 1172
f 1589 1285 1173
f 1242 1240 1589
f 1290 1289 1597
f 1323 1290 1597
f 1586 1323 1597
f 1591 1544 1543
f 1544 1591 1597
f 1592 1534 1554
f 1534 1592 1533
f 1533 1592 1541
f 1541 1592 1591
f 1592 1601 1598
f 1602 1593 1594
f 1593 1600 1590
f 1603 1594 1598
f 1595 1604 1599
f 1589 1243 1285
f 1589 1244 1243
f 1589 1232 1244
f 1589 1233 1232
f 1589 1599 1233
f 1596 1605 1595
f 1600 1606 1596
f 1597 1540 1538
f 1540 1597 1226
f 1226 1597 1288
f 1288 1597 1289
f 1538 1539 1597
f 1539 1535 1597
f 1535 1536 1597
f 1536 1537 1597
f 1537 1531 1597
f 1531 1532 1597
f 1532 1544 1597
f 1543 1542 1591
f 1542 1541 1591
f 1554 1553 1592
f 1601 1553 1552
f 1553 1601 1592
f 1607 1598 1601
f 1594 1603 1602
f 1602 1600 1593
f 1598 1607 1603
f 1608 1599 1604
f 1604 1595 1605
f 1599 1231 1230
f 1599 1169 1231
f 1599 1168 1169
f 1230 1233 1599
f 1605 1596 1606
f 1606 1600 1609
f 1328 1540 1326
f 1326 1540 1181
f 1181 1540 1179
f 1179 1540 1225
f 1225 1540 1226
f 1518 1519 1610
f 1561 1560 1611
f 1563 1562 1612
f 1552 1551 1601
f 1601 1613 1607
f 1614 1602 1603
f 1602 1609 1600
f 1615 1603 1607
f 1608 1604 1616
f 1599 1167 1168
f 1599 1351 1167
f 1599 1188 1351
f 1599 1608 1188
f 1604 1605 1617
f 1606 1618 1605
f 1609 1619 1606
f 1524 1525 1620
f 1620 1520 1524
f 1519 1520 1610
f 1520 1620 1610
f 1610 1517 1518
f 1560 1517 1611
f 1517 1610 1611
f 1611 1562 1561
f 1562 1611 1612
f 1612 1564 1563
f 1564 1612 1621
f 1613 1551 1550
f 1551 1613 1601
f 1565 1564 1621
f 1622 1607 1613
f 1603 1615 1614
f 1614 1609 1602
f 1607 1622 1615
f 1617 1616 1604
f 1186 1608 1254
f 1185 1608 1186
f 1183 1608 1185
f 1182 1608 1183
f 1616 1254 1608
f 1163 1608 1182
f 1162 1608 1163
f 1184 1608 1162
f 1188 1608 1184
f 1623 1617 1605
f 1618 1606 1619
f 1605 1618 1623
f 1619 1609 1624
f 1525 1526 1620
f 1526 1530 1620
f 1530 1529 1620
f 1620 1625 1610
f 1610 1626 1611
f 1611 1627 1612
f 1612 1628 1621
f 1568 1567 1629
f 1550 1549 1613
f 1621 1566 1565
f 1566 1621 1630
f 1613 1631 1622
f 1632 1614 1615
f 1614 1624 1609
f 1633 1615 1622
f 1437 1617 1444
f 1438 1617 1437
f 1616 1617 1438
f 1440 1616 1439
f 1446 1616 1440
f 1429 1616 1446
f 1431 1616 1429
f 1255 1616 1431
f 1254 1616 1255
f 1557 1556 1634
f 1573 1634 1556
f 1441 1623 1455
f 1435 1623 1441
f 1436 1623 1435
f 1445 1623 1436
f 1442 1623 1445
f 1432 1623 1442
f 1434 1623 1432
f 1443 1623 1434
f 1617 1623 1443
f 1619 1635 1618
f 1636 1623 1618
f 1624 1637 1619
f 1529 1528 838
f 1620 1282 1638
f 1282 1620 1281
f 1281 1620 1279
f 1279 1620 1278
f 1278 1620 1272
f 1272 1620 1273
f 1273 1620 1314
f 1314 1620 1316
f 1316 1620 858
f 858 1620 859
f 859 1620 837
f 837 1620 838
f 838 1620 1529
f 835 1522 834
f 796 778 1639
f 778 777 1639
f 1527 1522 840
f 1522 835 840
f 1625 1620 1638
f 1626 1610 1625
f 1627 1611 1626
f 1628 1612 1627
f 1640 1621 1628
f 1631 1549 1548
f 1569 1568 1629
f 1549 1631 1613
f 1629 1567 1630
f 1567 1566 1630
f 1621 1640 1630
f 1641 1622 1631
f 1642 1614 1632
f 1615 1633 1632
f 1624 1614 1643
f 1622 1641 1633
f 1443 1444 1617
f 1634 1558 1557
f 1634 1559 1558
f 1438 1439 1616
f 1644 1453 1623
f 1644 1573 1453
f 1644 1634 1573
f 1455 1623 1453
f 1645 658 657
f 1635 1619 1637
f 1618 1635 1636
f 1574 1644 1451
f 1451 1636 1452
f 1623 1451 1644
f 1623 1636 1451
f 1637 1624 1646
f 840 1528 1527
f 1639 797 796
f 797 1638 1282
f 1528 840 838
f 797 1639 1638
f 777 736 1639
f 736 735 1639
f 735 1426 1639
f 1638 1647 1625
f 1625 1648 1626
f 1626 1649 1627
f 1627 1650 1628
f 1628 1651 1640
f 1548 1547 1631
f 1629 1570 1569
f 1570 1629 1652
f 1653 1629 1630
f 1654 1630 1640
f 1641 1547 1545
f 1571 1570 1652
f 1547 1641 1631
f 1642 1643 1614
f 1643 1646 1624
f 1462 1463 1655
f 1634 1463 1559
f 1634 1655 1463
f 1206 1465 1204
f 658 1645 659
f 1634 1644 1656
f 1637 1657 1635
f 1636 1635 1450
f 1449 1450 1635
f 1454 1452 1636
f 1658 1574 1575
f 1658 1644 1574
f 1646 1659 1637
f 1360 1638 1361
f 1361 1638 1427
f 1427 1638 1639
f 1638 1360 1660
f 1639 717 716
f 1422 1423 1661
f 717 1639 1425
f 1425 1639 1426
f 1647 1638 1660
f 1648 1625 1647
f 1649 1626 1648
f 1650 1627 1649
f 1651 1628 1650
f 1662 1640 1651
f 1629 1653 1652
f 1630 1654 1653
f 1640 1662 1654
f 1656 1655 1634
f 1655 1461 1462
f 1655 1465 1461
f 1655 1227 1465
f 1311 1465 1227
f 1283 1465 1311
f 1205 1465 1283
f 1204 1465 1205
f 661 659 1645
f 1663 1656 1644
f 1657 1637 1659
f 1449 1657 1448
f 1635 1657 1449
f 1636 1450 1454
f 1575 1576 1658
f 1644 1658 1663
f 1424 1427 715
f 716 715 1639
f 715 1427 1639
f 1338 1661 1660
f 1338 1660 1263
f 1263 1660 1260
f 1260 1660 1234
f 1234 1660 1337
f 1337 1660 1360
f 1661 1338 1422
f 1645 662 661
f 1423 1420 1661
f 1420 662 1661
f 662 1645 1661
f 1660 1664 1647
f 1647 1665 1648
f 1648 1666 1649
f 1649 1667 1650
f 1650 1668 1651
f 1651 1669 1662
f 1655 1656 1670
f 1211 1655 1245
f 1210 1655 1211
f 1213 1655 1210
f 1227 1655 1213
f 1656 1663 1671
f 1657 1659 1672
f 1448 1657 1447
f 1672 1447 1657
f 1672 1578 1447
f 1673 1576 1577
f 1673 1658 1576
f 1674 1663 1658
f 1321 1660 1276
f 1276 1660 1277
f 1277 1660 1325
f 1325 1660 1300
f 1300 1660 1301
f 1301 1660 1421
f 1421 1660 653
f 653 1660 654
f 654 1660 1661
f 1660 1321 1675
f 1661 656 655
f 567 569 1676
f 656 1661 1645
f 1664 1660 1675
f 1665 1647 1664
f 1666 1648 1665
f 1667 1649 1666
f 1668 1650 1667
f 1669 1651 1668
f 1671 1670 1656
f 1238 1655 1237
f 1174 1655 1238
f 1177 1655 1174
f 1245 1655 1177
f 1670 1237 1655
f 1677 1671 1663
f 1678 1672 1659
f 1577 1578 1673
f 1672 1673 1578
f 1658 1673 1674
f 1663 1674 1677
f 655 654 1661
f 1676 568 567
f 568 1675 1252
f 1252 1675 1253
f 1253 1675 1321
f 568 1676 1675
f 569 570 1676
f 570 552 1676
f 552 550 1676
f 657 656 1645
f 1675 1679 1664
f 1664 1680 1665
f 1665 1681 1666
f 1666 1682 1667
f 1667 1683 1668
f 1668 1684 1669
f 1670 1671 1685
f 1299 1670 1332
f 1298 1670 1299
f 1220 1670 1298
f 1320 1670 1220
f 1236 1670 1320
f 1237 1670 1236
f 1671 1677 1686
f 1672 1678 1687
f 1687 1673 1672
f 1688 1674 1673
f 1689 1677 1674
f 1344 1675 1345
f 1345 1675 1346
f 1346 1675 1246
f 1246 1675 571
f 571 1675 572
f 572 1675 1676
f 1675 1344 1690
f 1676 575 574
f 575 1676 553
f 553 1676 550
f 1679 1675 1690
f 1680 1664 1679
f 1681 1665 1680
f 1682 1666 1681
f 1683 1667 1682
f 1684 1668 1683
f 1686 1685 1671
f 1685 1309 1670
f 1350 1670 1309
f 1331 1670 1350
f 1332 1670 1331
f 1691 1686 1677
f 1692 1687 1678
f 1673 1687 1688
f 1674 1688 1689
f 1677 1689 1691
f 1359 1690 1195
f 1195 1690 1196
f 1196 1690 1344
f 574 572 1676
f 1690 1693 1679
f 1679 1694 1680
f 1695 1681 1680
f 1696 1682 1681
f 1697 1683 1682
f 1683 1697 1684
f 1685 1686 1698
f 1197 1685 1352
f 1198 1685 1197
f 1247 1685 1198
f 1248 1685 1247
f 1309 1685 1248
f 1686 1691 1699
f 1687 1692 1700
f 1700 1688 1687
f 1701 1689 1688
f 1702 1691 1689
f 1359 1358 1690
f 1358 1349 1690
f 1349 1348 1690
f 1348 1693 1690
f 1694 1679 1693
f 1703 1680 1694
f 1680 1703 1695
f 1681 1695 1696
f 1682 1696 1697
f 1704 1684 1697
f 1699 1698 1686
f 1296 1685 1295
f 1330 1685 1296
f 1352 1685 1330
f 1698 1295 1685
f 1705 1699 1691
f 1706 1700 1692
f 1688 1700 1701
f 1689 1701 1702
f 1691 1702 1705
f 1693 1193 1335
f 1193 1693 1194
f 1194 1693 1176
f 1176 1693 1357
f 1357 1693 1348
f 1693 1707 1694
f 1694 1708 1703
f 1709 1695 1703
f 1710 1696 1695
f 1711 1697 1696
f 1697 1711 1704
f 1698 1699 1712
f 1712 1224 1178
f 1712 1178 1295
f 1712 1295 1698
f 1699 1705 1713
f 1700 1706 1714
f 1714 1701 1700
f 1715 1702 1701
f 1716 1705 1702
f 1335 1334 1693
f 1334 1342 1693
f 1342 1341 1693
f 1341 1707 1693
f 1708 1694 1707
f 1717 1703 1708
f 1703 1717 1709
f 1695 1709 1710
f 1696 1710 1711
f 1718 1704 1711
f 1713 1712 1699
f 1712 1294 1324
f 1712 1324 1264
f 1712 1264 1223
f 1712 1223 1224
f 1294 1712 1190
f 1719 1713 1705
f 1720 1714 1706
f 1701 1714 1715
f 1702 1715 1716
f 1721 1705 1716
f 1707 1340 1339
f 1340 1707 1297
f 1297 1707 1333
f 1333 1707 1353
f 1353 1707 1341
f 1707 1722 1708
f 1708 1723 1717
f 1724 1709 1717
f 1725 1710 1709
f 1726 1711 1710
f 1711 1726 1718
f 1727 1728 1729
f 1727 1730 1728
f 1731 1729 1732
f 1733 1732 1734
f 1712 1713 1735
f 1735 1209 1165
f 1735 1165 1189
f 1735 1189 1190
f 1735 1190 1712
f 1705 1721 1719
f 1713 1719 1736
f 1714 1720 1737
f 1737 1715 1714
f 1738 1716 1715
f 1716 1739 1721
f 1339 1291 1707
f 1291 1192 1707
f 1192 1362 1707
f 1362 1722 1707
f 1708 1722 1723
f 1717 1723 1740
f 1717 1740 1724
f 1709 1724 1725
f 1710 1725 1726
f 1718 1726 1741
f 1742 1734 1743
f 1744 1743 1745
f 1746 1745 1747
f 1748 1747 1749
f 1750 1749 1751
f 1752 1751 1753
f 1729 1731 1727
f 1727 1754 1730
f 1732 1733 1731
f 1755 1730 1754
f 1734 1756 1733
f 1736 1735 1713
f 1735 1286 1305
f 1735 1305 1306
f 1735 1306 1208
f 1735 1208 1209
f 1286 1735 1356
f 1757 1719 1721
f 1758 1736 1719
f 1759 1737 1720
f 1715 1737 1738
f 1739 1716 1738
f 1760 1721 1739
f 1761 1755 1762
f 1722 1362 1303
f 1723 1722 1735
f 1740 1723 1736
f 1724 1740 1757
f 1725 1724 1760
f 1726 1725 1763
f 1741 1726 1763
f 1753 1764 1765
f 1764 1766 1767
f 1766 1768 1769
f 1734 1742 1756
f 1743 1744 1742
f 1745 1746 1744
f 1747 1748 1746
f 1749 1750 1748
f 1751 1752 1750
f 1765 1752 1753
f 1754 1762 1755
f 1735 1736 1723
f 1722 1355 1354
f 1722 1354 1343
f 1722 1343 1356
f 1722 1356 1735
f 1719 1757 1758
f 1721 1760 1757
f 1736 1758 1740
f 1737 1759 1770
f 1770 1738 1737
f 1738 1771 1739
f 1739 1763 1760
f 1762 1772 1761
f 1722 1303 1304
f 1722 1304 1347
f 1722 1347 1329
f 1722 1329 1280
f 1722 1280 1261
f 1722 1261 1355
f 1740 1758 1757
f 1724 1757 1760
f 1725 1760 1763
f 1763 1773 1741
f 1768 1774 1775
f 1767 1765 1764
f 1769 1767 1766
f 1769 1768 1775
f 1776 1770 1759
f 1771 1738 1770
f 1763 1739 1771
f 1761 1772 1777
f 1773 1763 1778
f 1779 1775 1774
f 1780 1781 1782
f 1780 1783 1781
f 1784 1782 1785
f 1786 1785 1787
f 1770 1776 1771
f 1771 1778 1763
f 1788 1777 1772
f 1775 1779 1789
f 1790 1787 1791
f 1792 1791 1793
f 1794 1793 1795
f 1796 1795 1797
f 1798 1797 1799
f 1800 1799 1801
f 1801 1802 1803
f 1802 1804 1805
f 1782 1784 1780
f 1780 1806 1783
f 1785 1786 1784
f 1807 1783 1806
f 1787 1808 1786
f 1778 1771 1776
f 1809 1807 1810
f 1777 1788 1811
f 1812 1789 1779
f 1804 1813 1814
f 1813 1815 1816
f 1787 1790 1808
f 1791 1792 1790
f 1793 1794 1792
f 1795 1796 1794
f 1797 1798 1796
f 1799 1800 1798
f 1803 1800 1801
f 1805 1803 1802
f 1814 1805 1804
f 1806 1810 1807
f 1810 1817 1809
f 1818 1811 1788
f 1789 1812 1819
f 1814 1813 1816
f 1820 1816 1815
f 1809 1817 1821
f 1811 1818 1822
f 1819 1812 1823
f 1816 1820 1824
f 1825 1821 1817
f 1826 1822 1818
f 1827 1823 1812
f 1828 1824 1820
f 1821 1825 1829
f 1822 1826 1830
f 1823 1827 1831
f 1824 1828 1832
f 1833 1834 1828
f 1835 1829 1825
f 1831 1830 1826
f 1830 1831 1827
f 1836 1837 1833
f 1832 1828 1834
f 1834 1833 1837
f 1829 1835 1838
f 1837 1836 1839
f 1839 1838 1835
f 1838 1839 1836
f 1840 1841 1842
f 1843 1842 1844
f 1845 1844 1846
f 1840 1847 1841
f 1848 1847 1849
f 1850 1848 1851
f 1852 1846 1853
f 1854 1853 1855
f 1856 1855 1857
f 1858 1857 1859
f 1860 1859 1861
f 1862 1861 1863
f 1863 1864 1865
f 1864 1866 1867
f 1866 1868 1869
f 1868 1870 1871
f 1842 1843 1840
f 1844 1845 1843
f 1846 1872 1845
f 1840 1849 1847
f 1849 1851 1848
f 1851 1873 1850
f 1846 1852 1872
f 1853 1854 1852
f 1855 1856 1854
f 1857 1858 1856
f 1859 1860 1858
f 1861 1862 1860
f 1865 1862 1863
f 1867 1865 1864
f 1869 1867 1866
f 1869 1868 1871
f 1874 1871 1870
f 1875 1876 1874
f 1877 1878 1875
f 1879 1840 1843
f 1880 1843 1845
f 1881 1845 1872
f 1849 1840 1882
f 1851 1849 1883
f 1873 1851 1884
f 1850 1873 1885
f 1886 1872 1852
f 1887 1852 1854
f 1888 1854 1856
f 1889 1856 1858
f 1890 1858 1860
f 1891 1860 1862
f 1862 1865 1891
f 1865 1867 1892
f 1867 1869 1893
f 1894 1869 1871
f 1871 1874 1876
f 1876 1875 1895
f 1895 1875 1878
f 1878 1877 1896
f 1897 1840 1879
f 1843 1880 1879
f 1845 1881 1880
f 1872 1886 1881
f 1897 1882 1840
f 1882 1883 1849
f 1883 1884 1851
f 1873 1884 1898
f 1898 1885 1873
f 1852 1887 1886
f 1854 1888 1887
f 1856 1889 1888
f 1858 1890 1889
f 1860 1891 1890
f 1892 1891 1865
f 1893 1892 1867
f 1893 1869 1894
f 1871 1899 1894
f 1876 1900 1871
f 1895 1901 1876
f 1902 1896 1877
f 1878 1903 1895
f 1896 1904 1878
f 1905 1897 1879
f 1906 1879 1880
f 1907 1880 1881
f 1908 1881 1886
f 1882 1897 1909
f 1883 1882 1910
f 1884 1883 1911
f 1912 1898 1884
f 1885 1898 1913
f 1914 1886 1887
f 1915 1887 1888
f 1916 1888 1889
f 1917 1889 1890
f 1918 1890 1891
f 1891 1892 1918
f 1892 1893 1919
f 1893 1894 1920
f 1899 1871 1900
f 1921 1894 1899
f 1900 1876 1901
f 1901 1895 1903
f 1922 1923 1902
f 1896 1902 1923
f 1903 1878 1904
f 1904 1896 1924
f 1925 1897 1905
f 1879 1906 1905
f 1880 1907 1906
f 1881 1908 1907
f 1886 1914 1908
f 1925 1909 1897
f 1909 1910 1882
f 1910 1911 1883
f 1884 1911 1912
f 1898 1912 1926
f 1926 1913 1898
f 1913 1926 1922
f 1887 1915 1914
f 1888 1916 1915
f 1889 1917 1916
f 1890 1918 1917
f 1919 1918 1892
f 1920 1919 1893
f 1920 1894 1921
f 1900 1927 1899
f 1899 1928 1921
f 1901 1929 1900
f 1903 1930 1901
f 1923 1922 1926
f 1923 1924 1896
f 1904 1931 1903
f 1924 1932 1904
f 1933 1925 1905
f 1905 1906 1934
f 1906 1907 1935
f 1907 1908 1936
f 1908 1914 1937
f 1933 1909 1925
f 1909 1938 1910
f 1910 1939 1911
f 1940 1912 1911
f 1941 1926 1912
f 1914 1915 1942
f 1915 1916 1943
f 1916 1917 1944
f 1917 1918 1945
f 1918 1919 1946
f 1919 1920 1947
f 1921 1948 1920
f 1928 1899 1927
f 1927 1900 1929
f 1921 1928 1948
f 1929 1901 1930
f 1930 1903 1931
f 1926 1941 1923
f 1924 1923 1941
f 1931 1904 1932
f 1932 1924 1949
f 1905 1934 1933
f 1935 1934 1906
f 1936 1935 1907
f 1937 1936 1908
f 1942 1937 1914
f 1909 1933 1938
f 1939 1910 1938
f 1950 1911 1939
f 1911 1950 1940
f 1912 1940 1941
f 1942 1915 1951
f 1943 1951 1915
f 1944 1943 1916
f 1945 1944 1917
f 1946 1945 1918
f 1947 1946 1919
f 1947 1920 1948
f 1927 1952 1928
f 1929 1953 1927
f 1952 1948 1928
f 1930 1954 1929
f 1931 1955 1930
f 1941 1949 1924
f 1932 1956 1931
f 1957 1932 1949
f 1958 1933 1934
f 1959 1934 1935
f 1935 1936 1960
f 1936 1937 1961
f 1937 1942 1962
f 1958 1938 1933
f 1963 1939 1938
f 1939 1964 1950
f 1965 1940 1950
f 1949 1941 1940
f 1942 1951 1966
f 1951 1943 1967
f 1943 1944 1968
f 1944 1945 1969
f 1945 1946 1970
f 1947 1971 1946
f 1948 1972 1947
f 1952 1927 1953
f 1953 1929 1954
f 1948 1952 1972
f 1954 1930 1955
f 1955 1931 1956
f 1932 1957 1956
f 1949 1973 1957
f 1934 1959 1958
f 1935 1960 1959
f 1961 1960 1936
f 1962 1961 1937
f 1966 1962 1942
f 1938 1958 1963
f 1939 1963 1964
f 1974 1950 1964
f 1950 1974 1965
f 1940 1965 1949
f 1966 1951 1975
f 1967 1975 1951
f 1968 1967 1943
f 1969 1968 1944
f 1970 1969 1945
f 1970 1946 1971
f 1971 1947 1972
f 1952 1953 1976
f 1954 1977 1953
f 1976 1972 1952
f 1955 1978 1954
f 1956 1979 1955
f 1957 1980 1956
f 1973 1949 1965
f 1981 1957 1973
f 1982 1958 1959
f 1983 1959 1960
f 1984 1960 1961
f 1961 1962 1985
f 1962 1966 1986
f 1982 1963 1958
f 1987 1964 1963
f 1988 1974 1964
f 1989 1965 1974
f 1966 1975 1990
f 1975 1967 1991
f 1967 1968 1992
f 1968 1969 1993
f 1970 1994 1969
f 1971 1995 1970
f 1972 1996 1971
f 1977 1976 1953
f 1977 1954 1978
f 1972 1976 1996
f 1978 1955 1979
f 1979 1956 1980
f 1957 1981 1980
f 1965 1989 1973
f 1973 1997 1981
f 1959 1983 1982
f 1960 1984 1983
f 1961 1985 1984
f 1986 1985 1962
f 1990 1986 1966
f 1963 1982 1987
f 1964 1987 1988
f 1974 1988 1998
f 1974 1998 1989
f 1990 1975 1999
f 1991 1999 1975
f 1992 1991 1967
f 1993 1992 1968
f 1993 1969 1994
f 1994 1970 1995
f 1995 1971 1996
f 1976 1977 2000
f 1977 1978 2001
f 2000 1996 1976
f 1979 2002 1978
f 1980 2003 1979
f 1981 2004 1980
f 1997 1973 1989
f 2005 1981 1997
f 2006 1982 1983
f 2007 1983 1984
f 2008 1984 1985
f 2009 1985 1986
f 1986 1990 2010
f 2006 1987 1982
f 2011 1988 1987
f 2012 1998 1988
f 2013 1989 1998
f 1990 1999 2014
f 1999 1991 2015
f 1991 1992 2016
f 1993 2017 1992
f 1994 2018 1993
f 1995 2019 1994
f 1996 2020 1995
f 2001 2000 1977
f 2002 2001 1978
f 1996 2000 2020
f 2002 1979 2003
f 2003 1980 2004
f 1981 2005 2004
f 1989 2013 1997
f 1997 2021 2005
f 1983 2007 2006
f 1984 2008 2007
f 1985 2009 2008
f 1986 2010 2009
f 2014 2010 1990
f 1987 2006 2011
f 1988 2011 2012
f 1998 2012 2022
f 2022 2013 1998
f 2014 1999 2023
f 2015 2023 1999
f 2016 2015 1991
f 2016 1992 2017
f 2017 1993 2018
f 2018 1994 2019
f 2019 1995 2020
f 2000 2001 2024
f 2001 2002 2025
f 2024 2020 2000
f 2002 2003 2026
f 2004 2027 2003
f 2005 2028 2004
f 2021 1997 2013
f 2029 2005 2021
f 2030 2006 2007
f 2030 2007 2008
f 2030 2008 2009
f 2030 2009 2010
f 2030 2010 2014
f 2030 2011 2006
f 2030 2012 2011
f 2030 2022 2012
f 2013 2022 2031
f 2014 2023 2030
f 2015 2030 2023
f 2016 2030 2015
f 2017 2030 2016
f 2018 2030 2017
f 2019 2030 2018
f 2020 2030 2019
f 2025 2024 2001
f 2026 2025 2002
f 2020 2024 2030
f 2027 2026 2003
f 2027 2004 2028
f 2005 2029 2028
f 2013 2031 2021
f 2021 2032 2029
f 2030 2031 2022
f 2024 2025 2030
f 2025 2026 2030
f 2026 2027 2030
f 2027 2028 2030
f 2029 2030 2028
f 2032 2021 2031
f 2030 2029 2032
f 2030 2032 2031
f 2033 1642 1632
f 2034 1632 1633
f 2035 1633 1641
f 1545 1546 1641
f 1546 1555 1641
f 1555 2036 1641
f 1652 1572 1571
f 1555 1572 2036
f 1572 1652 2036
f 1632 2034 2033
f 2033 1643 1642
f 1633 2035 2034
f 1646 1643 2037
f 1641 2038 2035
f 1659 1646 2039
f 2040 1652 1653
f 2041 1653 1654
f 2042 1654 1662
f 1641 2036 2038
f 1652 2040 2036
f 2043 2033 2034
f 2033 2037 1643
f 2044 2034 2035
f 2037 2039 1646
f 2045 2035 2038
f 2039 2046 1659
f 2047 1662 1669
f 1653 2041 2040
f 1654 2042 2041
f 1662 2047 2042
f 2048 2038 2036
f 2049 2036 2040
f 2034 2044 2043
f 2043 2037 2033
f 2035 2045 2044
f 2039 2037 2050
f 2038 2051 2045
f 2046 2039 2052
f 1659 2046 1678
f 1669 2053 2047
f 2054 2040 2041
f 2055 2041 2042
f 2056 2042 2047
f 2038 2048 2051
f 2036 2049 2048
f 2040 2054 2049
f 2057 2043 2044
f 2043 2050 2037
f 2058 2044 2045
f 2050 2052 2039
f 2059 2045 2051
f 2052 2060 2046
f 2061 1678 2046
f 2053 1669 1684
f 2062 2047 2053
f 2041 2055 2054
f 2042 2056 2055
f 2047 2062 2056
f 2063 2051 2048
f 2064 2048 2049
f 2065 2049 2054
f 2044 2058 2057
f 2057 2050 2043
f 2045 2059 2058
f 2052 2050 2066
f 2051 2067 2059
f 2060 2052 2068
f 2046 2060 2061
f 1678 2061 1692
f 2069 2053 1684
f 2070 2062 2053
f 2071 2054 2055
f 2072 2055 2056
f 2073 2056 2062
f 2051 2063 2067
f 2048 2064 2063
f 2049 2065 2064
f 2054 2071 2065
f 2074 2057 2058
f 2057 2066 2050
f 2075 2058 2059
f 2066 2068 2052
f 2076 2059 2067
f 2068 2077 2060
f 2078 2061 2060
f 2079 1692 2061
f 1684 1704 2069
f 2053 2069 2070
f 2062 2070 2080
f 2055 2072 2071
f 2056 2073 2072
f 2080 2073 2062
f 2081 2067 2063
f 2082 2063 2064
f 2083 2064 2065
f 2084 2065 2071
f 2058 2075 2074
f 2074 2085 2057
f 2057 2085 2066
f 2059 2076 2075
f 2068 2066 2085
f 2067 2086 2076
f 2077 2068 2087
f 2060 2077 2078
f 2061 2078 2079
f 1692 2079 1706
f 2088 2069 1704
f 2089 2070 2069
f 2090 2080 2070
f 2091 2071 2072
f 2092 2072 2073
f 2073 2080 2093
f 2067 2081 2086
f 2063 2082 2081
f 2064 2083 2082
f 2065 2084 2083
f 2071 2091 2084
f 1728 2074 2075
f 1728 2085 2074
f 1729 2075 2076
f 2085 2087 2068
f 1732 2076 2086
f 2087 2094 2077
f 2095 2078 2077
f 2096 2079 2078
f 2097 1706 2079
f 1704 1718 2088
f 2069 2088 2089
f 2070 2089 2090
f 2080 2090 2098
f 2072 2092 2091
f 2093 2092 2073
f 2098 2093 2080
f 1743 2086 2081
f 1745 2081 2082
f 1747 2082 2083
f 1749 2083 2084
f 1751 2084 2091
f 2075 1729 1728
f 1728 1730 2085
f 2076 1732 1729
f 2087 2085 1730
f 2086 1734 1732
f 2094 2087 1755
f 2077 2094 2095
f 2078 2095 2096
f 2079 2096 2097
f 1706 2097 1720
f 2099 2088 1718
f 2100 2089 2088
f 2101 2090 2089
f 2102 2098 2090
f 1753 2091 2092
f 2092 2093 1764
f 2093 2098 1766
f 2086 1743 1734
f 2081 1745 1743
f 2082 1747 1745
f 2083 1749 1747
f 2084 1751 1749
f 2091 1753 1751
f 1730 1755 2087
f 1755 1761 2094
f 2103 2095 2094
f 2104 2096 2095
f 2105 2097 2096
f 2106 1720 2097
f 1718 1741 2099
f 2088 2099 2100
f 2089 2100 2101
f 2090 2101 2102
f 2098 2102 1768
f 1764 1753 2092
f 1766 1764 2093
f 1768 1766 2098
f 2094 1761 2103
f 2095 2103 2104
f 2096 2104 2105
f 2097 2105 2106
f 1720 2106 1759
f 2099 1741 2107
f 2100 2099 2108
f 2101 2100 2109
f 2102 2101 2110
f 1768 2102 1774
f 1781 1727 1731
f 1781 1754 1727
f 1782 1731 1733
f 1785 1733 1756
f 1777 2103 1761
f 2111 2104 2103
f 2112 2105 2104
f 2113 2106 2105
f 2114 1759 2106
f 1741 1773 2107
f 2099 2107 2108
f 2100 2108 2109
f 2101 2109 2110
f 2102 2110 1774
f 1791 1756 1742
f 1793 1742 1744
f 1795 1744 1746
f 1797 1746 1748
f 1799 1748 1750
f 1801 1750 1752
f 1752 1765 1802
f 1731 1782 1781
f 1781 1783 1754
f 1733 1785 1782
f 1762 1754 1783
f 1756 1787 1785
f 1772 1762 1807
f 2103 1777 2111
f 2104 2111 2112
f 2105 2112 2113
f 2106 2113 2114
f 1759 2114 1776
f 1778 2107 1773
f 2115 2108 2107
f 2116 2109 2108
f 2117 2110 2109
f 2118 1774 2110
f 1765 1767 1804
f 1767 1769 1813
f 1769 1775 1815
f 1756 1791 1787
f 1742 1793 1791
f 1744 1795 1793
f 1746 1797 1795
f 1748 1799 1797
f 1750 1801 1799
f 1802 1801 1752
f 1804 1802 1765
f 1783 1807 1762
f 1807 1809 1772
f 1811 2111 1777
f 2119 2112 2111
f 2120 2113 2112
f 2121 2114 2113
f 2122 1776 2114
f 2107 1778 2115
f 2108 2115 2116
f 2109 2116 2117
f 2110 2117 2118
f 1774 2118 1779
f 1813 1804 1767
f 1813 1769 1815
f 1789 1815 1775
f 1772 1809 1788
f 2111 1811 2119
f 2112 2119 2120
f 2113 2120 2121
f 2114 2121 2122
f 2115 1776 2122
f 1776 2115 1778
f 2122 2116 2115
f 2123 2117 2116
f 2124 2118 2117
f 2125 1779 2118
f 1815 1789 1820
f 2126 1780 1784
f 1780 2127 1806
f 2128 1784 1786
f 2129 1786 1808
f 1821 1788 1809
f 1822 2119 1811
f 2130 2120 2119
f 2131 2121 2120
f 2123 2122 2121
f 2116 2122 2123
f 2117 2123 2124
f 2118 2124 2125
f 1779 2125 1812
f 1819 1820 1789
f 2132 1808 1790
f 2133 1790 1792
f 2134 1792 1794
f 2135 1794 1796
f 2136 1796 1798
f 2137 1798 1800
f 1800 1803 2138
f 1803 1805 2139
f 1805 1814 2140
f 1784 2128 2126
f 2126 2127 1780
f 1810 1806 2127
f 1786 2129 2128
f 1808 2141 2129
f 1817 1810 2142
f 1788 1821 1818
f 2119 1822 2130
f 2120 2130 2131
f 2121 2131 2123
f 2124 2123 2131
f 2125 2124 2143
f 1812 2125 1827
f 2140 1814 1816
f 1820 1819 1828
f 1808 2132 2141
f 1790 2133 2132
f 1792 2134 2133
f 1794 2135 2134
f 1796 2136 2135
f 1798 2137 2136
f 2138 2137 1800
f 2139 2138 1803
f 2140 2139 1805
f 2144 2126 2128
f 2126 2145 2127
f 2127 2142 1810
f 2146 2128 2129
f 2147 2129 2141
f 2142 2148 1817
f 1829 1818 1821
f 1830 2130 1822
f 2143 2131 2130
f 2131 2143 2124
f 2143 1827 2125
f 1823 1833 1819
f 2140 1816 2149
f 1824 2149 1816
f 1828 1819 1833
f 2150 2141 2132
f 2151 2132 2133
f 2152 2133 2134
f 2153 2134 2135
f 2154 2135 2136
f 2155 2136 2137
f 2137 2138 2156
f 2138 2139 2157
f 2139 2140 2158
f 2128 2146 2144
f 2144 2145 2126
f 2142 2127 2145
f 2129 2147 2146
f 2141 2159 2147
f 2148 2142 2160
f 1817 2148 1825
f 1818 1829 1826
f 2130 1830 2143
f 1827 2143 1830
f 1833 1823 1836
f 2140 2149 2161
f 2149 1824 2162
f 2141 2150 2159
f 2132 2151 2150
f 2133 2152 2151
f 2134 2153 2152
f 2135 2154 2153
f 2136 2155 2154
f 2156 2155 2137
f 2157 2156 2138
f 2158 2157 2139
f 2158 2140 2161
f 2163 2144 2146
f 2144 2164 2145
f 2145 2160 2142
f 2165 2146 2147
f 2166 2147 2159
f 2160 2167 2148
f 2168 1825 2148
f 1838 1826 1829
f 1831 1836 1823
f 2162 2161 2149
f 1832 2162 1824
f 2169 2159 2150
f 2170 2150 2151
f 2171 2151 2152
f 2172 2152 2153
f 2173 2153 2154
f 2174 2154 2155
f 2155 2156 2175
f 2156 2157 2176
f 2157 2158 2177
f 2177 2158 2161
f 2146 2165 2163
f 2163 2164 2144
f 2160 2145 2164
f 2147 2166 2165
f 2159 2178 2166
f 2167 2160 2179
f 2148 2167 2168
f 1825 2168 1835
f 1826 1838 1831
f 1836 1831 1838
f 2161 2162 2180
f 1834 2181 1832
f 2162 1832 2182
f 1837 2183 1834
f 2159 2169 2178
f 2150 2170 2169
f 2151 2171 2170
f 2152 2172 2171
f 2153 2173 2172
f 2154 2174 2173
f 2175 2174 2155
f 2176 2175 2156
f 2177 2176 2157
f 2177 2161 2184
f 2185 2163 2165
f 2185 2164 2163
f 2164 2179 2160
f 2186 2165 2166
f 2187 2166 2178
f 2179 2188 2167
f 2189 2168 2167
f 2190 1835 2168
f 1839 2191 1837
f 2182 2180 2162
f 2180 2184 2161
f 2182 1832 2181
f 2181 1834 2183
f 2183 1837 2191
f 2192 2178 2169
f 2193 2169 2170
f 2194 2170 2171
f 2195 2171 2172
f 2196 2172 2173
f 2197 2173 2174
f 2174 2175 2198
f 2175 2176 2199
f 2176 2177 2200
f 2177 2184 2201
f 2165 2186 2185
f 2185 2202 2164
f 2179 2164 2202
f 2166 2187 2186
f 2178 2203 2187
f 2188 2179 2204
f 2167 2188 2189
f 2168 2189 2190
f 1835 2190 1839
f 2191 1839 2190
f 2180 2182 2205
f 2184 2180 2206
f 2181 2207 2182
f 2183 2208 2181
f 2191 2209 2183
f 2178 2192 2203
f 2169 2193 2192
f 2170 2194 2193
f 2171 2195 2194
f 2172 2196 2195
f 2173 2197 2196
f 2198 2197 2174
f 2199 2198 2175
f 2200 2199 2176
f 2200 2177 2201
f 2206 2201 2184
f 2210 2185 2186
f 2202 2185 2211
f 2202 2204 2179
f 2212 2186 2187
f 2213 2187 2203
f 2204 2214 2188
f 2215 2189 2188
f 2216 2190 2189
f 2190 2216 2191
f 2205 2182 2207
f 2205 2206 2180
f 2207 2181 2208
f 2208 2183 2209
f 2209 2191 2216
f 2217 2203 2192
f 2218 2192 2193
f 2219 2193 2194
f 2220 2194 2195
f 2221 2195 2196
f 2222 2196 2197
f 2197 2198 2222
f 2198 2199 2223
f 2199 2200 2224
f 2225 2200 2201
f 2201 2206 2226
f 2227 2185 2210
f 2186 2212 2210
f 2227 2211 2185
f 2211 2228 2202
f 2204 2202 2228
f 2187 2213 2212
f 2203 2217 2213
f 2214 2204 2229
f 2188 2214 2215
f 2189 2215 2216
f 2207 2230 2205
f 2206 2205 2231
f 2208 2232 2207
f 2209 2233 2208
f 2216 2234 2209
f 2192 2218 2217
f 2193 2219 2218
f 2194 2220 2219
f 2195 2221 2220
f 2196 2222 2221
f 2223 2222 2198
f 2224 2223 2199
f 2224 2200 2225
f 2201 2235 2225
f 2231 2226 2206
f 2226 2236 2201
f 2237 2227 2210
f 2238 2210 2212
f 2211 2227 2239
f 2228 2211 2240
f 2228 2229 2204
f 2241 2212 2213
f 2242 2213 2217
f 2214 2229 2243
f 2243 2215 2214
f 2234 2216 2215
f 2231 2205 2230
f 2230 2207 2232
f 2232 2208 2233
f 2233 2209 2234
f 2244 2217 2218
f 2245 2218 2219
f 2246 2219 2220
f 2247 2220 2221
f 2248 2221 2222
f 2222 2223 2248
f 2223 2224 2249
f 2224 2225 2250
f 2235 2201 2236
f 2251 2225 2235
f 2226 2231 2252
f 2236 2226 2253
f 2254 2227 2237
f 2210 2238 2237
f 2212 2241 2238
f 2254 2239 2227
f 2239 2240 2211
f 2240 2255 2228
f 2229 2228 2255
f 2213 2242 2241
f 2217 2244 2242
f 2256 2243 2229
f 2215 2243 2234
f 2230 2257 2231
f 2232 2258 2230
f 2233 2259 2232
f 2234 2260 2233
f 2218 2245 2244
f 2219 2246 2245
f 2220 2247 2246
f 2221 2248 2247
f 2249 2248 2223
f 2250 2249 2224
f 2250 2225 2251
f 2236 2261 2235
f 2235 2262 2251
f 2252 2231 2257
f 2252 2253 2226
f 2253 2263 2236
f 2254 2237 2264
f 2237 2238 2265
f 2238 2241 2266
f 2254 2264 2239
f 2239 2267 2240
f 2240 2268 2255
f 2229 2255 2256
f 2241 2242 2269
f 2242 2244 2270
f 2243 2256 2260
f 2260 2234 2243
f 2257 2230 2258
f 2258 2232 2259
f 2259 2233 2260
f 2244 2245 2271
f 2245 2246 2272
f 2246 2247 2273
f 2247 2248 2274
f 2248 2249 2275
f 2249 2250 2276
f 2250 2251 2277
f 2262 2235 2261
f 2261 2236 2263
f 2262 2277 2251
f 2257 2278 2252
f 2253 2252 2278
f 2263 2253 2279
f 2265 2264 2237
f 2266 2265 2238
f 2269 2266 2241
f 2267 2239 2264
f 2268 2240 2267
f 2280 2255 2268
f 2281 2256 2255
f 2270 2269 2242
f 2271 2270 2244
f 2282 2260 2256
f 2258 2283 2257
f 2259 2284 2258
f 2260 2282 2259
f 2271 2245 2285
f 2272 2285 2245
f 2273 2272 2246
f 2274 2273 2247
f 2275 2274 2248
f 2276 2275 2249
f 2277 2276 2250
f 2261 2286 2262
f 2263 2287 2261
f 2277 2262 2286
f 2278 2257 2283
f 2278 2279 2253
f 2279 2288 2263
f 1841 2264 2265
f 2265 2266 1842
f 2266 2269 1844
f 1841 2267 2264
f 2267 1847 2268
f 2268 1848 2280
f 2255 2280 2281
f 2256 2281 2282
f 2269 2270 1846
f 2270 2271 1853
f 2283 2258 2284
f 2284 2259 2282
f 2271 2285 1855
f 2285 2272 1859
f 2272 2273 1861
f 2273 2274 1863
f 2274 2275 1864
f 2275 2276 1866
f 2277 1868 2276
f 2286 2261 2287
f 2287 2263 2288
f 2277 2286 1868
f 2283 2289 2278
f 2279 2278 2289
f 2288 2279 2290
f 2265 1842 1841
f 1844 1842 2266
f 1846 1844 2269
f 2267 1841 1847
f 1848 2268 1847
f 1850 2280 1848
f 2291 2281 2280
f 2292 2282 2281
f 1853 1846 2270
f 1855 1853 2271
f 2284 2293 2283
f 2282 2292 2284
f 1855 2285 1857
f 1859 1857 2285
f 1861 1859 2272
f 1863 1861 2273
f 1864 1863 2274
f 1866 1864 2275
f 1866 2276 1868
f 2287 1870 2286
f 2288 1874 2287
f 1870 1868 2286
f 2289 2283 2293
f 2289 2290 2279
f 2290 1875 2288
f 2280 1850 2291
f 2281 2291 2292
f 2293 2284 2292
f 1870 2287 1874
f 1874 2288 1875
f 2293 2294 2289
f 2290 2289 2294
f 1875 2290 1877
f 1885 2291 1850
f 2295 2292 2291
f 2296 2293 2292
f 2293 2296 2294
f 2294 1877 2290
f 2291 1885 2295
f 2292 2295 2296
f 2296 1902 2294
f 1877 2294 1902
f 1913 2295 1885
f 1922 2296 2295
f 2296 1922 1902
f 2295 1913 1922
